Workbook

Sheet Billing Dimensions
A1: MANUAL ENTRIES HERE | C1: Box 1 Dimension Details | G1: Box 2 Dimension Details | K1: Box 3 Dimension Details | P1: Vol.Wht | Q1: Total Weight | S1: Chg.Wht | T1: Theoretical Weight
C2: Long | D2: Med | E2: Smal | F2: Actual.Wht | G2: Long | H2: Med | I2: Smal | J2: Actual.Wht | K2: Long | L2: Med | M2: Smal | N2: Actual.Wht | O2: CBF | P2: 6 | Q2: Phys.Wht | R2: Wht(Kgs) | U2: Difference | V2: Diff % | W2: KG/CBF | Y2: Remark
A3: MTP SKU Code | B3: SB/MB | C3: Lcm | D3: Bcm | E3: Hcm | F3: PW(gm) | G3: Lcm2 | H3: Bcm3 | I3: Hcm4 | J3: PW(gm)5 | K3: Lcm6 | L3: Bcm7 | M3: Hcm8 | N3: PW(gm)9 | O3: Column15 | P3: Kgs | Q3: Gms | R3: Kgs10 | S3: Column11 | T3: Column12 | U3: Column13 | V3: Column14 | W3: Column16 | X3: x | Y3: Remark
A4: B-MLT-KT | B4: MB | C4: 204 | D4: 39 | E4: 6 | F4: 26800 | G4: 190 | H4: 80 | I4: 6 | J4: 32100 | K4: 107 | L4: 96 | M4: 7 | N4: 40400 | O4: =((IFERROR((C4*D4*E4),0)+IFERROR((G4*H4*I4),0)+IFERROR((K4*L4*M4),0))/1000000)*35.32 -> 7.4468688 | P4: =F4+J4+N4 -> 99300 | Q4: =F4+J4+N4 -> 99300 | R4: =MAX(Q4,O4) -> 99300 | S4: =MAX(R4,P4) -> 99300 | T4: =MAX(S4,Q4) -> 99300 | U4: =T4-Q4 -> 0 | V4: =U4/T4 -> 0 | W4: =R4/O4 -> 13334.463 | Y4: phy. not avilable
A5: B-MLT-QT | B5: MB | C5: 204 | D5: 39 | E5: 7 | F5: 25770 | G5: 162 | H5: 81 | I5: 5 | J5: 28000 | K5: 104 | L5: 80 | M5: 7 | N5: 35000 | O5: =((IFERROR((C5*D5*E5),0)+IFERROR((G5*H5*I5),0)+IFERROR((K5*L5*M5),0))/1000000)*35.32 -> 6.3414234 | P5: =F5+J5+N5 -> 88770 | Q5: =F5+J5+N5 -> 88770 | R5: =MAX(Q5,O5) -> 88770 | S5: =MAX(R5,P5) -> 88770 | T5: =MAX(S5,Q5) -> 88770 | U5: =T5-Q5 -> 0 | V5: =U5/T5 -> 0 | W5: =R5/O5 -> 13998.434 | Y5: ok
A6: B-POL-KN | B6: MB | C6: 205 | D6: 54 | E6: 10 | F6: 35000 | G6: 105 | H6: 94 | I6: 5 | J6: 35000 | O6: =((IFERROR((C6*D6*E6),0)+IFERROR((G6*H6*I6),0)+IFERROR((K6*L6*M6),0))/1000000)*35.32 -> 5.652966 | P6: =F6+J6+N6 -> 70000 | Q6: =F6+J6+N6 -> 70000 | R6: =MAX(Q6,O6) -> 70000 | S6: =MAX(R6,P6) -> 70000 | T6: =MAX(S6,Q6) -> 70000 | U6: =T6-Q6 -> 0 | V6: =U6/T6 -> 0 | W6: =R6/O6 -> 12382.88 | Y6: phy. not avilable
A7: B-POL-KT | B7: MB | C7: 207 | D7: 38 | E7: 8 | F7: 34800 | G7: 192 | H7: 40 | I7: 6 | J7: 22700 | K7: 105 | L7: 96 | M7: 7 | N7: 38800 | O7: =((IFERROR((C7*D7*E7),0)+IFERROR((G7*H7*I7),0)+IFERROR((K7*L7*M7),0))/1000000)*35.32 -> 6.3423418 | P7: =F7+J7+N7 -> 96300 | Q7: =F7+J7+N7 -> 96300 | R7: =MAX(Q7,O7) -> 96300 | S7: =MAX(R7,P7) -> 96300 | T7: =MAX(S7,Q7) -> 96300 | U7: =T7-Q7 -> 0 | V7: =U7/T7 -> 0 | W7: =R7/O7 -> 15183.666 | Y7: ok
A8: B-POL-QN | B8: MB | C8: 206 | D8: 50 | E8: 10 | F8: 46000 | G8: 102 | H8: 79 | I8: 5 | J8: 24000 | O8: =((IFERROR((C8*D8*E8),0)+IFERROR((G8*H8*I8),0)+IFERROR((K8*L8*M8),0))/1000000)*35.32 -> 5.0610028 | P8: =F8+J8+N8 -> 70000 | Q8: =F8+J8+N8 -> 70000 | R8: =MAX(Q8,O8) -> 70000 | S8: =MAX(R8,P8) -> 70000 | T8: =MAX(S8,Q8) -> 70000 | U8: =T8-Q8 -> 0 | V8: =U8/T8 -> 0 | W8: =R8/O8 -> 13831.251 | Y8: phy. not avilable
A9: B-POL-QT | B9: MB | C9: 202 | D9: 40 | E9: 9 | F9: 34290 | G9: 162 | H9: 40 | I9: 6 | J9: 18850 | K9: 104 | L9: 82 | M9: 7 | N9: 37400 | O9: =((IFERROR((C9*D9*E9),0)+IFERROR((G9*H9*I9),0)+IFERROR((K9*L9*M9),0))/1000000)*35.32 -> 6.0501747 | P9: =F9+J9+N9 -> 90540 | Q9: =F9+J9+N9 -> 90540 | R9: =MAX(Q9,O9) -> 90540 | S9: =MAX(R9,P9) -> 90540 | T9: =MAX(S9,Q9) -> 90540 | U9: =T9-Q9 -> 0 | V9: =U9/T9 -> 0 | W9: =R9/O9 -> 14964.857 | Y9: ok
A10: B-POL-SN | B10: MB | C10: 204 | D10: 48 | E10: 6 | F10: 31000 | G10: 106 | H10: 96 | I10: 3 | J10: 15100 | O10: =((IFERROR((C10*D10*E10),0)+IFERROR((G10*H10*I10),0)+IFERROR((K10*L10*M10),0))/1000000)*35.32 -> 3.1533696 | P10: =F10+J10+N10 -> 46100 | Q10: =F10+J10+N10 -> 46100 | R10: =MAX(Q10,O10) -> 46100 | S10: =MAX(R10,P10) -> 46100 | T10: =MAX(S10,Q10) -> 46100 | U10: =T10-Q10 -> 0 | V10: =U10/T10 -> 0 | W10: =R10/O10 -> 14619.282 | Y10: ok
A11: B-RVB-D30N | O11: =((IFERROR((C11*D11*E11),0)+IFERROR((G11*H11*I11),0)+IFERROR((K11*L11*M11),0))/1000000)*35.32 -> 0 | P11: =F11+J11+N11 -> 0 | Q11: =F11+J11+N11 -> 0 | R11: =MAX(Q11,O11) -> 0 | S11: =MAX(R11,P11) -> 0 | T11: =MAX(S11,Q11) -> 0 | U11: =T11-Q11 -> 0 | V11: =U11/T11 -> #DIV/0! | W11: =R11/O11 -> #DIV/0! | Y11: phy. not avilable
A12: B-RVB-D36N | B12: SB | C12: 188 | D12: 44 | E12: 9 | F12: 33270 | O12: =((IFERROR((C12*D12*E12),0)+IFERROR((G12*H12*I12),0)+IFERROR((K12*L12*M12),0))/1000000)*35.32 -> 2.6295034 | P12: =F12+J12+N12 -> 33270 | Q12: =F12+J12+N12 -> 33270 | R12: =MAX(Q12,O12) -> 33270 | S12: =MAX(R12,P12) -> 33270 | T12: =MAX(S12,Q12) -> 33270 | U12: =T12-Q12 -> 0 | V12: =U12/T12 -> 0 | W12: =R12/O12 -> 12652.579 | Y12: ok
A13: B-RVB-KN | B13: MB | C13: 206 | D13: 50 | E13: 8 | F13: 45600 | G13: 105 | H13: 96 | I13: 5 | J13: 27600 | O13: =((IFERROR((C13*D13*E13),0)+IFERROR((G13*H13*I13),0)+IFERROR((K13*L13*M13),0))/1000000)*35.32 -> 4.690496 | P13: =F13+J13+N13 -> 73200 | Q13: =IFERROR(F13,0)+IFERROR(J13,0)+IFERROR(N13,0) -> 73200 | R13: =MAX(Q13,O13) -> 73200 | S13: =MAX(R13,P13) -> 73200 | T13: =MAX(S13,Q13) -> 73200 | U13: =T13-Q13 -> 0 | V13: =U13/T13 -> 0 | W13: =R13/O13 -> 15606.025 | Y13: ok
A14: B-RVB-QN | B14: MB | C14: 205 | D14: 50 | E14: 8 | F14: 41950 | G14: 104 | H14: 84 | I14: 5 | J14: 23100 | O14: =((IFERROR((C14*D14*E14),0)+IFERROR((G14*H14*I14),0)+IFERROR((K14*L14*M14),0))/1000000)*35.32 -> 4.4390176 | P14: =F14+J14+N14 -> 65050 | Q14: =F14+J14+N14 -> 65050 | R14: =MAX(Q14,O14) -> 65050 | S14: =MAX(R14,P14) -> 65050 | T14: =MAX(S14,Q14) -> 65050 | U14: =T14-Q14 -> 0 | V14: =U14/T14 -> 0 | W14: =R14/O14 -> 14654.143 | Y14: ok
A15: B-RVB-SN | B15: MB | C15: 199 | D15: 38 | E15: 9 | F15: 30460 | G15: 99 | H15: 54 | I15: 5 | J15: 16000 | O15: =((IFERROR((C15*D15*E15),0)+IFERROR((G15*H15*I15),0)+IFERROR((K15*L15*M15),0))/1000000)*35.32 -> 3.3479122 | P15: =F15+J15+N15 -> 46460 | Q15: =F15+J15+N15 -> 46460 | R15: =MAX(Q15,O15) -> 46460 | S15: =MAX(R15,P15) -> 46460 | T15: =MAX(S15,Q15) -> 46460 | U15: =T15-Q15 -> 0 | V15: =U15/T15 -> 0 | W15: =R15/O15 -> 13877.306 | Y15: ok
A16: BT-CO | B16: SB | C16: 72 | D16: 39 | E16: 5 | F16: 6470 | O16: =((IFERROR((C16*D16*E16),0)+IFERROR((G16*H16*I16),0)+IFERROR((K16*L16*M16),0))/1000000)*35.32 -> 0.4958928 | P16: =F16+J16+N16 -> 6470 | Q16: =F16+J16+N16 -> 6470 | R16: =MAX(Q16,O16) -> 6470 | S16: =MAX(R16,P16) -> 6470 | T16: =MAX(S16,Q16) -> 6470 | U16: =T16-Q16 -> 0 | V16: =U16/T16 -> 0 | W16: =R16/O16 -> 13047.175 | Y16: ok
A17: BT-HE | B17: SB | C17: 42 | D17: 41 | E17: 6 | F17: 4300 | O17: =((IFERROR((C17*D17*E17),0)+IFERROR((G17*H17*I17),0)+IFERROR((K17*L17*M17),0))/1000000)*35.32 -> 0.36492624 | P17: =F17+J17+N17 -> 4300 | Q17: =F17+J17+N17 -> 4300 | R17: =MAX(Q17,O17) -> 4300 | S17: =MAX(R17,P17) -> 4300 | T17: =MAX(S17,Q17) -> 4300 | U17: =T17-Q17 -> 0 | V17: =U17/T17 -> 0 | W17: =R17/O17 -> 11783.203 | Y17: ok
A18: BT-LE-B | B18: ` | C18: 64 | D18: 58 | E18: 12 | F18: 15000 | O18: =((IFERROR((C18*D18*E18),0)+IFERROR((G18*H18*I18),0)+IFERROR((K18*L18*M18),0))/1000000)*35.32 -> 1.5732941 | P18: =F18+J18+N18 -> 15000 | Q18: =F18+J18+N18 -> 15000 | R18: =MAX(Q18,O18) -> 15000 | S18: =MAX(R18,P18) -> 15000 | T18: =MAX(S18,Q18) -> 15000 | U18: =T18-Q18 -> 0 | V18: =U18/T18 -> 0 | W18: =R18/O18 -> 9534.1362 | Y18: phy. not avilable
A19: BT-LE-S | O19: =((IFERROR((C19*D19*E19),0)+IFERROR((G19*H19*I19),0)+IFERROR((K19*L19*M19),0))/1000000)*35.32 -> 0 | P19: =F19+J19+N19 -> 0 | Q19: =F19+J19+N19 -> 0 | R19: =MAX(Q19,O19) -> 0 | S19: =MAX(R19,P19) -> 0 | T19: =MAX(S19,Q19) -> 0 | U19: =T19-Q19 -> 0 | V19: =U19/T19 -> #DIV/0! | W19: =R19/O19 -> #DIV/0! | Y19: phy. not avilable
A20: BT-OL | B20: SB | C20: 48 | D20: 45 | E20: 5 | F20: 7700 | O20: =((IFERROR((C20*D20*E20),0)+IFERROR((G20*H20*I20),0)+IFERROR((K20*L20*M20),0))/1000000)*35.32 -> 0.381456 | P20: =F20+J20+N20 -> 7700 | Q20: =F20+J20+N20 -> 7700 | R20: =MAX(Q20,O20) -> 7700 | S20: =MAX(R20,P20) -> 7700 | T20: =MAX(S20,Q20) -> 7700 | U20: =T20-Q20 -> 0 | V20: =U20/T20 -> 0 | W20: =R20/O20 -> 20185.814 | Y20: ok
A21: BT-OL-D | B21: SB | C21: 60 | D21: 44 | E21: 7 | F21: 10490 | O21: =((IFERROR((C21*D21*E21),0)+IFERROR((G21*H21*I21),0)+IFERROR((K21*L21*M21),0))/1000000)*35.32 -> 0.6527136 | P21: =F21+J21+N21 -> 10490 | Q21: =F21+J21+N21 -> 10490 | R21: =MAX(Q21,O21) -> 10490 | S21: =MAX(R21,P21) -> 10490 | T21: =MAX(S21,Q21) -> 10490 | U21: =T21-Q21 -> 0 | V21: =U21/T21 -> 0 | W21: =R21/O21 -> 16071.367 | Y21: ok
A22: CMB-RELO | O22: =((IFERROR((C22*D22*E22),0)+IFERROR((G22*H22*I22),0)+IFERROR((K22*L22*M22),0))/1000000)*35.32 -> 0 | P22: =F22+J22+N22 -> 0 | Q22: =F22+J22+N22 -> 0 | R22: =MAX(Q22,O22) -> 0 | S22: =MAX(R22,P22) -> 0 | T22: =MAX(S22,Q22) -> 0 | U22: =T22-Q22 -> 0 | V22: =U22/T22 -> #DIV/0! | W22: =R22/O22 -> #DIV/0! | Y22: phy. not avilable
A23: CT-ATD-LA | B23: SB | C23: 123 | D23: 56 | E23: 5 | F23: 24490 | O23: =((IFERROR((C23*D23*E23),0)+IFERROR((G23*H23*I23),0)+IFERROR((K23*L23*M23),0))/1000000)*35.32 -> 1.2164208 | P23: =F23+J23+N23 -> 24490 | Q23: =F23+J23+N23 -> 24490 | R23: =MAX(Q23,O23) -> 24490 | S23: =MAX(R23,P23) -> 24490 | T23: =MAX(S23,Q23) -> 24490 | U23: =T23-Q23 -> 0 | V23: =U23/T23 -> 0 | W23: =R23/O23 -> 20132.836 | Y23: phy. not avilable
A24: CT-ATD | B24: SB | F24: 15800 | O24: =((IFERROR((C24*D24*E24),0)+IFERROR((G24*H24*I24),0)+IFERROR((K24*L24*M24),0))/1000000)*35.32 -> 0 | P24: =F24+J24+N24 -> 15800 | Q24: =F24+J24+N24 -> 15800 | R24: =MAX(Q24,O24) -> 15800 | S24: =MAX(R24,P24) -> 15800 | T24: =MAX(S24,Q24) -> 15800 | U24: =T24-Q24 -> 0 | V24: =U24/T24 -> 0 | W24: =R24/O24 -> #DIV/0! | Y24: phy. not avilable
A25: CT-ATD-ST | B25: SB | C25: 112 | D25: 51 | E25: 5 | F25: 14800 | O25: =((IFERROR((C25*D25*E25),0)+IFERROR((G25*H25*I25),0)+IFERROR((K25*L25*M25),0))/1000000)*35.32 -> 1.0087392 | P25: =F25+J25+N25 -> 14800 | Q25: =F25+J25+N25 -> 14800 | R25: =MAX(Q25,O25) -> 14800 | S25: =MAX(R25,P25) -> 14800 | T25: =MAX(S25,Q25) -> 14800 | U25: =T25-Q25 -> 0 | V25: =U25/T25 -> 0 | W25: =R25/O25 -> 14671.78 | Y25: ok
A26: CT-DOV | B26: SB | C26: 111 | D26: 50 | E26: 8 | F26: 21750 | O26: =((IFERROR((C26*D26*E26),0)+IFERROR((G26*H26*I26),0)+IFERROR((K26*L26*M26),0))/1000000)*35.32 -> 1.568208 | P26: =F26+J26+N26 -> 21750 | Q26: =F26+J26+N26 -> 21750 | R26: =MAX(Q26,O26) -> 21750 | S26: =MAX(R26,P26) -> 21750 | T26: =MAX(S26,Q26) -> 21750 | U26: =T26-Q26 -> 0 | V26: =U26/T26 -> 0 | W26: =R26/O26 -> 13869.334 | Y26: ok
A27: CT-ETE | B27: SB | C27: 106 | D27: 50 | E27: 7 | F27: 12400 | O27: =((IFERROR((C27*D27*E27),0)+IFERROR((G27*H27*I27),0)+IFERROR((K27*L27*M27),0))/1000000)*35.32 -> 1.310372 | P27: =F27+J27+N27 -> 12400 | Q27: =F27+J27+N27 -> 12400 | R27: =MAX(Q27,O27) -> 12400 | S27: =MAX(R27,P27) -> 12400 | T27: =MAX(S27,Q27) -> 12400 | U27: =T27-Q27 -> 0 | V27: =U27/T27 -> 0 | W27: =R27/O27 -> 9462.9617 | Y27: ok
A28: CT-GSE-RT | B28: SB | C28: 99 | D28: 50 | E28: 4 | F28: 6120 | O28: =((IFERROR((C28*D28*E28),0)+IFERROR((G28*H28*I28),0)+IFERROR((K28*L28*M28),0))/1000000)*35.32 -> 0.699336 | P28: =F28+J28+N28 -> 6120 | Q28: =F28+J28+N28 -> 6120 | R28: =MAX(Q28,O28) -> 6120 | S28: =MAX(R28,P28) -> 6120 | T28: =MAX(S28,Q28) -> 6120 | U28: =T28-Q28 -> 0 | V28: =U28/T28 -> 0 | W28: =R28/O28 -> 8751.1582 | Y28: ok
A29: CT-GSE-RT2 | B29: SB | C29: 98 | D29: 51 | E29: 4 | F29: 11390 | O29: =((IFERROR((C29*D29*E29),0)+IFERROR((G29*H29*I29),0)+IFERROR((K29*L29*M29),0))/1000000)*35.32 -> 0.70611744 | P29: =F29+J29+N29 -> 11390 | Q29: =F29+J29+N29 -> 11390 | R29: =MAX(Q29,O29) -> 11390 | S29: =MAX(R29,P29) -> 11390 | T29: =MAX(S29,Q29) -> 11390 | U29: =T29-Q29 -> 0 | V29: =U29/T29 -> 0 | W29: =R29/O29 -> 16130.461 | Y29: ok
A30: CT-GSE-SQ | B30: SB | C30: 75 | D30: 75 | E30: 4 | F30: 8200 | O30: =((IFERROR((C30*D30*E30),0)+IFERROR((G30*H30*I30),0)+IFERROR((K30*L30*M30),0))/1000000)*35.32 -> 0.7947 | P30: =F30+J30+N30 -> 8200 | Q30: =F30+J30+N30 -> 8200 | R30: =MAX(Q30,O30) -> 8200 | S30: =MAX(R30,P30) -> 8200 | T30: =MAX(S30,Q30) -> 8200 | U30: =T30-Q30 -> 0 | V30: =U30/T30 -> 0 | W30: =R30/O30 -> 10318.359 | Y30: ok
A31: CT-GSE-SQ2 | B31: SB | C31: 76 | D31: 76 | E31: 4 | F31: 12200 | O31: =((IFERROR((C31*D31*E31),0)+IFERROR((G31*H31*I31),0)+IFERROR((K31*L31*M31),0))/1000000)*35.32 -> 0.81603328 | P31: =F31+J31+N31 -> 12200 | Q31: =F31+J31+N31 -> 12200 | R31: =MAX(Q31,O31) -> 12200 | S31: =MAX(R31,P31) -> 12200 | T31: =MAX(S31,Q31) -> 12200 | U31: =T31-Q31 -> 0 | V31: =U31/T31 -> 0 | W31: =R31/O31 -> 14950.371 | Y31: ok
A32: CT-KV-RT | B32: SB | C32: 105 | D32: 51 | E32: 7 | F32: 11800 | O32: =((IFERROR((C32*D32*E32),0)+IFERROR((G32*H32*I32),0)+IFERROR((K32*L32*M32),0))/1000000)*35.32 -> 1.3239702 | P32: =F32+J32+N32 -> 11800 | Q32: =F32+J32+N32 -> 11800 | R32: =MAX(Q32,O32) -> 11800 | S32: =MAX(R32,P32) -> 11800 | T32: =MAX(S32,Q32) -> 11800 | U32: =T32-Q32 -> 0 | V32: =U32/T32 -> 0 | W32: =R32/O32 -> 8912.5873 | Y32: phy. not avilable
A33: CT-KV-SQ | B33: SB | C33: 81 | D33: 80 | E33: 7 | F33: 16900 | O33: =((IFERROR((C33*D33*E33),0)+IFERROR((G33*H33*I33),0)+IFERROR((K33*L33*M33),0))/1000000)*35.32 -> 1.6021152 | P33: =F33+J33+N33 -> 16900 | Q33: =F33+J33+N33 -> 16900 | R33: =MAX(Q33,O33) -> 16900 | S33: =MAX(R33,P33) -> 16900 | T33: =MAX(S33,Q33) -> 16900 | U33: =T33-Q33 -> 0 | V33: =U33/T33 -> 0 | W33: =R33/O33 -> 10548.555 | Y33: ok
A34: CT-LE | B34: SB | C34: 114 | D34: 56 | E34: 7 | F34: 10850 | O34: =((IFERROR((C34*D34*E34),0)+IFERROR((G34*H34*I34),0)+IFERROR((K34*L34*M34),0))/1000000)*35.32 -> 1.5783802 | P34: =F34+J34+N34 -> 10850 | Q34: =F34+J34+N34 -> 10850 | R34: =MAX(Q34,O34) -> 10850 | S34: =MAX(R34,P34) -> 10850 | T34: =MAX(S34,Q34) -> 10850 | U34: =T34-Q34 -> 0 | V34: =U34/T34 -> 0 | W34: =R34/O34 -> 6874.1361 | Y34: phy. not avilable
A35: CT-MD-RT | B35: SB | C35: 104 | D35: 60 | E35: 7 | F35: 17700 | O35: =((IFERROR((C35*D35*E35),0)+IFERROR((G35*H35*I35),0)+IFERROR((K35*L35*M35),0))/1000000)*35.32 -> 1.5427776 | P35: =F35+J35+N35 -> 17700 | Q35: =F35+J35+N35 -> 17700 | R35: =MAX(Q35,O35) -> 17700 | S35: =MAX(R35,P35) -> 17700 | T35: =MAX(S35,Q35) -> 17700 | U35: =T35-Q35 -> 0 | V35: =U35/T35 -> 0 | W35: =R35/O35 -> 11472.814 | Y35: phy. not avilable
A36: CT-MD-SQ | B36: SB | C36: 85 | D36: 84 | E36: 6 | F36: 17400 | O36: =((IFERROR((C36*D36*E36),0)+IFERROR((G36*H36*I36),0)+IFERROR((K36*L36*M36),0))/1000000)*35.32 -> 1.5131088 | P36: =F36+J36+N36 -> 17400 | Q36: =F36+J36+N36 -> 17400 | R36: =MAX(Q36,O36) -> 17400 | S36: =MAX(R36,P36) -> 17400 | T36: =MAX(S36,Q36) -> 17400 | U36: =T36-Q36 -> 0 | V36: =U36/T36 -> 0 | W36: =R36/O36 -> 11499.504 | Y36: phy. not avilable
A37: CT-MT-RO | B37: MB | C37: 70 | D37: 68 | E37: 8 | F37: 6920 | G37: 52 | H37: 12 | I37: 12 | J37: 1200 | O37: =((IFERROR((C37*D37*E37),0)+IFERROR((G37*H37*I37),0)+IFERROR((K37*L37*M37),0))/1000000)*35.32 -> 1.6094618 | P37: =F37+J37+N37 -> 8120 | Q37: =F37+J37+N37 -> 8120 | R37: =MAX(Q37,O37) -> 8120 | S37: =MAX(R37,P37) -> 8120 | T37: =MAX(S37,Q37) -> 8120 | U37: =T37-Q37 -> 0 | V37: =U37/T37 -> 0 | W37: =R37/O37 -> 5045.1649 | Y37: ok
A38: CT-MT-RT | B38: MB | C38: 100 | D38: 54 | E38: 4 | F38: 5400 | G38: 52 | H38: 12 | I38: 12 | J38: 1200 | O38: =((IFERROR((C38*D38*E38),0)+IFERROR((G38*H38*I38),0)+IFERROR((K38*L38*M38),0))/1000000)*35.32 -> 1.0273882 | P38: =F38+J38+N38 -> 6600 | Q38: =F38+J38+N38 -> 6600 | R38: =MAX(Q38,O38) -> 6600 | S38: =MAX(R38,P38) -> 6600 | T38: =MAX(S38,Q38) -> 6600 | U38: =T38-Q38 -> 0 | V38: =U38/T38 -> 0 | W38: =R38/O38 -> 6424.0569 | Y38: ok
A39: CT-MT-SQ | B39: MB | C39: 80 | D39: 80 | E39: 5 | F39: 6195 | G39: 52 | H39: 12 | I39: 12 | J39: 1200 | O39: =((IFERROR((C39*D39*E39),0)+IFERROR((G39*H39*I39),0)+IFERROR((K39*L39*M39),0))/1000000)*35.32 -> 1.3947162 | P39: =F39+J39+N39 -> 7395 | Q39: =F39+J39+N39 -> 7395 | R39: =MAX(Q39,O39) -> 7395 | S39: =MAX(R39,P39) -> 7395 | T39: =MAX(S39,Q39) -> 7395 | U39: =T39-Q39 -> 0 | V39: =U39/T39 -> 0 | W39: =R39/O39 -> 5302.1541 | Y39: ok
A40: CT-NO-RT | B40: SB | C40: 85 | D40: 45 | E40: 6 | F40: 10800 | O40: =((IFERROR((C40*D40*E40),0)+IFERROR((G40*H40*I40),0)+IFERROR((K40*L40*M40),0))/1000000)*35.32 -> 0.810594 | P40: =F40+J40+N40 -> 10800 | Q40: =F40+J40+N40 -> 10800 | R40: =MAX(Q40,O40) -> 10800 | S40: =MAX(R40,P40) -> 10800 | T40: =MAX(S40,Q40) -> 10800 | U40: =T40-Q40 -> 0 | V40: =U40/T40 -> 0 | W40: =R40/O40 -> 13323.563 | Y40: ok
A41: CT-NO-SQ | B41: SB | C41: 76 | D41: 76 | E41: 5 | F41: 12460 | O41: =((IFERROR((C41*D41*E41),0)+IFERROR((G41*H41*I41),0)+IFERROR((K41*L41*M41),0))/1000000)*35.32 -> 1.0200416 | P41: =F41+J41+N41 -> 12460 | Q41: =F41+J41+N41 -> 12460 | R41: =MAX(Q41,O41) -> 12460 | S41: =MAX(R41,P41) -> 12460 | T41: =MAX(S41,Q41) -> 12460 | U41: =T41-Q41 -> 0 | V41: =U41/T41 -> 0 | W41: =R41/O41 -> 12215.188 | Y41: ok
A42: CT-OL | B42: SB | C42: 101 | D42: 47 | E42: 5 | F42: 12400 | O42: =((IFERROR((C42*D42*E42),0)+IFERROR((G42*H42*I42),0)+IFERROR((K42*L42*M42),0))/1000000)*35.32 -> 0.8383202 | P42: =F42+J42+N42 -> 12400 | Q42: =F42+J42+N42 -> 12400 | R42: =MAX(Q42,O42) -> 12400 | S42: =MAX(R42,P42) -> 12400 | T42: =MAX(S42,Q42) -> 12400 | U42: =T42-Q42 -> 0 | V42: =U42/T42 -> 0 | W42: =R42/O42 -> 14791.484 | Y42: phy. not avilable
A43: CT-OSN-OV | B43: SB | C43: 105 | D43: 65 | E43: 4 | F43: 9640 | O43: =((IFERROR((C43*D43*E43),0)+IFERROR((G43*H43*I43),0)+IFERROR((K43*L43*M43),0))/1000000)*35.32 -> 0.964236 | P43: =F43+J43+N43 -> 9640 | Q43: =F43+J43+N43 -> 9640 | R43: =MAX(Q43,O43) -> 9640 | S43: =MAX(R43,P43) -> 9640 | T43: =MAX(S43,Q43) -> 9640 | U43: =T43-Q43 -> 0 | V43: =U43/T43 -> 0 | W43: =R43/O43 -> 9997.5525 | Y43: phy. not avilable
A44: CT-OSN-RT | B44: SB | C44: 100 | D44: 50 | E44: 5 | F44: 9000 | O44: =((IFERROR((C44*D44*E44),0)+IFERROR((G44*H44*I44),0)+IFERROR((K44*L44*M44),0))/1000000)*35.32 -> 0.883 | P44: =F44+J44+N44 -> 9000 | Q44: =F44+J44+N44 -> 9000 | R44: =MAX(Q44,O44) -> 9000 | S44: =MAX(R44,P44) -> 9000 | T44: =MAX(S44,Q44) -> 9000 | U44: =T44-Q44 -> 0 | V44: =U44/T44 -> 0 | W44: =R44/O44 -> 10192.525 | Y44: phy. not avilable
A45: CT-SH | B45: SB | C45: 85 | D45: 49 | E45: 7 | F45: 11890 | O45: =((IFERROR((C45*D45*E45),0)+IFERROR((G45*H45*I45),0)+IFERROR((K45*L45*M45),0))/1000000)*35.32 -> 1.0297546 | P45: =F45+J45+N45 -> 11890 | Q45: =F45+J45+N45 -> 11890 | R45: =MAX(Q45,O45) -> 11890 | S45: =MAX(R45,P45) -> 11890 | T45: =MAX(S45,Q45) -> 11890 | U45: =T45-Q45 -> 0 | V45: =U45/T45 -> 0 | W45: =R45/O45 -> 11546.44 | Y45: ok
A46: CT-SY | B46: SB | C46: 80 | D46: 66 | E46: 8 | F46: 11850 | O46: =((IFERROR((C46*D46*E46),0)+IFERROR((G46*H46*I46),0)+IFERROR((K46*L46*M46),0))/1000000)*35.32 -> 1.4919168 | P46: =F46+J46+N46 -> 11850 | Q46: =F46+J46+N46 -> 11850 | R46: =MAX(Q46,O46) -> 11850 | S46: =MAX(R46,P46) -> 11850 | T46: =MAX(S46,Q46) -> 11850 | U46: =T46-Q46 -> 0 | V46: =U46/T46 -> 0 | W46: =R46/O46 -> 7942.8022 | Y46: ok
A47: CT-TLY | B47: SB | C47: 95 | D47: 50 | E47: 7 | F47: 12850 | O47: =((IFERROR((C47*D47*E47),0)+IFERROR((G47*H47*I47),0)+IFERROR((K47*L47*M47),0))/1000000)*35.32 -> 1.17439 | P47: =F47+J47+N47 -> 12850 | Q47: =F47+J47+N47 -> 12850 | R47: =MAX(Q47,O47) -> 12850 | S47: =MAX(R47,P47) -> 12850 | T47: =MAX(S47,Q47) -> 12850 | U47: =T47-Q47 -> 0 | V47: =U47/T47 -> 0 | W47: =R47/O47 -> 10941.851 | Y47: phy. not avilable
A48: CT-TR-RT | B48: SB | C48: 102 | D48: 57 | E48: 6 | F48: 12000 | O48: =((IFERROR((C48*D48*E48),0)+IFERROR((G48*H48*I48),0)+IFERROR((K48*L48*M48),0))/1000000)*35.32 -> 1.2321029 | P48: =F48+J48+N48 -> 12000 | Q48: =F48+J48+N48 -> 12000 | R48: =MAX(Q48,O48) -> 12000 | S48: =MAX(R48,P48) -> 12000 | T48: =MAX(S48,Q48) -> 12000 | U48: =T48-Q48 -> 0 | V48: =U48/T48 -> 0 | W48: =R48/O48 -> 9739.4464 | Y48: phy. not avilable
A49: CT-TR-RTS | B49: SB | C49: 110 | D49: 50 | E49: 5 | F49: 12750 | O49: =((IFERROR((C49*D49*E49),0)+IFERROR((G49*H49*I49),0)+IFERROR((K49*L49*M49),0))/1000000)*35.32 -> 0.9713 | P49: =F49+J49+N49 -> 12750 | Q49: =F49+J49+N49 -> 12750 | R49: =MAX(Q49,O49) -> 12750 | S49: =MAX(R49,P49) -> 12750 | T49: =MAX(S49,Q49) -> 12750 | U49: =T49-Q49 -> 0 | V49: =U49/T49 -> 0 | W49: =R49/O49 -> 13126.737 | Y49: phy. not avilable
A50: CT-TYU | B50: SB | C50: 87 | D50: 45 | E50: 8 | F50: 9500 | O50: =((IFERROR((C50*D50*E50),0)+IFERROR((G50*H50*I50),0)+IFERROR((K50*L50*M50),0))/1000000)*35.32 -> 1.1062224 | P50: =F50+J50+N50 -> 9500 | Q50: =F50+J50+N50 -> 9500 | R50: =MAX(Q50,O50) -> 9500 | S50: =MAX(R50,P50) -> 9500 | T50: =MAX(S50,Q50) -> 9500 | U50: =T50-Q50 -> 0 | V50: =U50/T50 -> 0 | W50: =R50/O50 -> 8587.7849 | Y50: phy. not avilable
A51: CT-VC | B51: SB | C51: 88 | D51: 45 | E51: 9 | F51: 15400 | O51: =((IFERROR((C51*D51*E51),0)+IFERROR((G51*H51*I51),0)+IFERROR((K51*L51*M51),0))/1000000)*35.32 -> 1.2588048 | P51: =F51+J51+N51 -> 15400 | Q51: =F51+J51+N51 -> 15400 | R51: =MAX(Q51,O51) -> 15400 | S51: =MAX(R51,P51) -> 15400 | T51: =MAX(S51,Q51) -> 15400 | U51: =T51-Q51 -> 0 | V51: =U51/T51 -> 0 | W51: =R51/O51 -> 12233.827 | Y51: ok
A52: DC-CLV | B52: SB | C52: 85 | D52: 49 | E52: 7 | F52: 35690 | O52: =((IFERROR((C52*D52*E52),0)+IFERROR((G52*H52*I52),0)+IFERROR((K52*L52*M52),0))/1000000)*35.32 -> 1.0297546 | P52: =F52+J52+N52 -> 35690 | Q52: =F52+J52+N52 -> 35690 | R52: =MAX(Q52,O52) -> 35690 | S52: =MAX(R52,P52) -> 35690 | T52: =MAX(S52,Q52) -> 35690 | U52: =T52-Q52 -> 0 | V52: =U52/T52 -> 0 | W52: =R52/O52 -> 34658.743 | Y52: ok
A53: DC-MYN-LA | B53: MB | C53: 127 | D53: 45 | E53: 13 | F53: 43220 | G53: 79 | H53: 45 | I53: 15 | J53: 24545 | O53: =((IFERROR((C53*D53*E53),0)+IFERROR((G53*H53*I53),0)+IFERROR((K53*L53*M53),0))/1000000)*35.32 -> 4.5075384 | P53: =F53+J53+N53 -> 67765 | Q53: =F53+J53+N53 -> 67765 | R53: =MAX(Q53,O53) -> 67765 | S53: =MAX(R53,P53) -> 67765 | T53: =MAX(S53,Q53) -> 67765 | U53: =T53-Q53 -> 0 | V53: =U53/T53 -> 0 | W53: =R53/O53 -> 15033.704 | Y53: ok
A54: DC-MYN-ST | B54: SB | C54: 85 | D54: 50 | E54: 18 | F54: 40840 | O54: =((IFERROR((C54*D54*E54),0)+IFERROR((G54*H54*I54),0)+IFERROR((K54*L54*M54),0))/1000000)*35.32 -> 2.70198 | P54: =F54+J54+N54 -> 40840 | Q54: =F54+J54+N54 -> 40840 | R54: =MAX(Q54,O54) -> 40840 | S54: =MAX(R54,P54) -> 40840 | T54: =MAX(S54,Q54) -> 40840 | U54: =T54-Q54 -> 0 | V54: =U54/T54 -> 0 | W54: =R54/O54 -> 15114.842 | Y54: ok
A55: DT-GRA | B55: SB | C55: 67 | D55: 40 | E55: 4 | F55: 5350 | O55: =((IFERROR((C55*D55*E55),0)+IFERROR((G55*H55*I55),0)+IFERROR((K55*L55*M55),0))/1000000)*35.32 -> 0.3786304 | P55: =F55+J55+N55 -> 5350 | Q55: =F55+J55+N55 -> 5350 | R55: =MAX(Q55,O55) -> 5350 | S55: =MAX(R55,P55) -> 5350 | T55: =MAX(S55,Q55) -> 5350 | U55: =T55-Q55 -> 0 | V55: =U55/T55 -> 0 | W55: =R55/O55 -> 14129.874 | Y55: phy. not avilable
A56: DT-HE-3 | B56: SB | C56: 85 | D56: 85 | E56: 5 | F56: 9920 | O56: =((IFERROR((C56*D56*E56),0)+IFERROR((G56*H56*I56),0)+IFERROR((K56*L56*M56),0))/1000000)*35.32 -> 1.275935 | P56: =F56+J56+N56 -> 9920 | Q56: =F56+J56+N56 -> 9920 | R56: =MAX(Q56,O56) -> 9920 | S56: =MAX(R56,P56) -> 9920 | T56: =MAX(S56,Q56) -> 9920 | U56: =T56-Q56 -> 0 | V56: =U56/T56 -> 0 | W56: =R56/O56 -> 7774.6907 | Y56: phy. not avilable
A57: DT-HE-4 | B57: SB | C57: 158 | D57: 80 | E57: 4 | F57: 15110 | O57: =((IFERROR((C57*D57*E57),0)+IFERROR((G57*H57*I57),0)+IFERROR((K57*L57*M57),0))/1000000)*35.32 -> 1.7857792 | P57: =F57+J57+N57 -> 15110 | Q57: =F57+J57+N57 -> 15110 | R57: =MAX(Q57,O57) -> 15110 | S57: =MAX(R57,P57) -> 15110 | T57: =MAX(S57,Q57) -> 15110 | U57: =T57-Q57 -> 0 | V57: =U57/T57 -> 0 | W57: =R57/O57 -> 8461.2924 | Y57: ok
A58: DT-MR | B58: SB | C58: 116 | D58: 40 | E58: 6 | F58: 6000 | O58: =((IFERROR((C58*D58*E58),0)+IFERROR((G58*H58*I58),0)+IFERROR((K58*L58*M58),0))/1000000)*35.32 -> 0.9833088 | P58: =F58+J58+N58 -> 6000 | Q58: =F58+J58+N58 -> 6000 | R58: =MAX(Q58,O58) -> 6000 | S58: =MAX(R58,P58) -> 6000 | T58: =MAX(S58,Q58) -> 6000 | U58: =T58-Q58 -> 0 | V58: =U58/T58 -> 0 | W58: =R58/O58 -> 6101.8472 | Y58: ok
A59: FT-EDR | B59: SB | C59: 68 | D59: 46 | E59: 5 | F59: 8810 | O59: =((IFERROR((C59*D59*E59),0)+IFERROR((G59*H59*I59),0)+IFERROR((K59*L59*M59),0))/1000000)*35.32 -> 0.5524048 | P59: =F59+J59+N59 -> 8810 | Q59: =F59+J59+N59 -> 8810 | R59: =MAX(Q59,O59) -> 8810 | S59: =MAX(R59,P59) -> 8810 | T59: =MAX(S59,Q59) -> 8810 | U59: =T59-Q59 -> 0 | V59: =U59/T59 -> 0 | W59: =R59/O59 -> 15948.449 | Y59: ok
A60: GH-CE | B60: SB | C60: 83 | D60: 35 | E60: 7 | F60: 3700 | O60: =((IFERROR((C60*D60*E60),0)+IFERROR((G60*H60*I60),0)+IFERROR((K60*L60*M60),0))/1000000)*35.32 -> 0.7182322 | P60: =F60+J60+N60 -> 3700 | Q60: =F60+J60+N60 -> 3700 | R60: =MAX(Q60,O60) -> 3700 | S60: =MAX(R60,P60) -> 3700 | T60: =MAX(S60,Q60) -> 3700 | U60: =T60-Q60 -> 0 | V60: =U60/T60 -> 0 | W60: =R60/O60 -> 5151.5373 | Y60: ok
A61: GH-IS | B61: SB | C61: 31 | D61: 27 | E61: 6 | F61: 1250 | O61: =((IFERROR((C61*D61*E61),0)+IFERROR((G61*H61*I61),0)+IFERROR((K61*L61*M61),0))/1000000)*35.32 -> 0.17737704 | P61: =F61+J61+N61 -> 1250 | Q61: =F61+J61+N61 -> 1250 | R61: =MAX(Q61,O61) -> 1250 | S61: =MAX(R61,P61) -> 1250 | T61: =MAX(S61,Q61) -> 1250 | U61: =T61-Q61 -> 0 | V61: =U61/T61 -> 0 | W61: =R61/O61 -> 7047.1353 | Y61: ok
A62: KH-EDL | B62: SB | C62: 24 | D62: 11 | E62: 5 | F62: 300 | O62: =((IFERROR((C62*D62*E62),0)+IFERROR((G62*H62*I62),0)+IFERROR((K62*L62*M62),0))/1000000)*35.32 -> 0.0466224 | P62: =F62+J62+N62 -> 300 | Q62: =F62+J62+N62 -> 300 | R62: =MAX(Q62,O62) -> 300 | S62: =MAX(R62,P62) -> 300 | T62: =MAX(S62,Q62) -> 300 | U62: =T62-Q62 -> 0 | V62: =U62/T62 -> 0 | W62: =R62/O62 -> 6434.6752 | Y62: phy. not avilable
A63: KH-LKN-6 | B63: SB | C63: 26 | D63: 25 | E63: 5 | F63: 800 | O63: =((IFERROR((C63*D63*E63),0)+IFERROR((G63*H63*I63),0)+IFERROR((K63*L63*M63),0))/1000000)*35.32 -> 0.11479 | P63: =F63+J63+N63 -> 800 | Q63: =F63+J63+N63 -> 800 | R63: =MAX(Q63,O63) -> 800 | S63: =MAX(R63,P63) -> 800 | T63: =MAX(S63,Q63) -> 800 | U63: =T63-Q63 -> 0 | V63: =U63/T63 -> 0 | W63: =R63/O63 -> 6969.2482 | Y63: phy. not avilable
A64: KH-RMT | B64: SB | C64: 22 | D64: 22 | E64: 4 | F64: 400 | O64: =((IFERROR((C64*D64*E64),0)+IFERROR((G64*H64*I64),0)+IFERROR((K64*L64*M64),0))/1000000)*35.32 -> 0.06837952 | P64: =F64+J64+N64 -> 400 | Q64: =F64+J64+N64 -> 400 | R64: =MAX(Q64,O64) -> 400 | S64: =MAX(R64,P64) -> 400 | T64: =MAX(S64,Q64) -> 400 | U64: =T64-Q64 -> 0 | V64: =U64/T64 -> 0 | W64: =R64/O64 -> 5849.7047 | Y64: phy. not avilable
A65: KH-RZ | B65: SB | C65: 35 | D65: 32 | E65: 6 | F65: 900 | O65: =((IFERROR((C65*D65*E65),0)+IFERROR((G65*H65*I65),0)+IFERROR((K65*L65*M65),0))/1000000)*35.32 -> 0.2373504 | P65: =F65+J65+N65 -> 900 | Q65: =F65+J65+N65 -> 900 | R65: =MAX(Q65,O65) -> 900 | S65: =MAX(R65,P65) -> 900 | T65: =MAX(S65,Q65) -> 900 | U65: =T65-Q65 -> 0 | V65: =U65/T65 -> 0 | W65: =R65/O65 -> 3791.8622 | Y65: ok
... A82: RH-RL | B82: SB | C82: 20 | D82: 17 | E82: 12 | F82: 710 | O82: =((IFERROR((C82*D82*E82),0)+IFERROR((G82*H82*I82),0)+IFERROR((K82*L82*M82),0))/1000000)*35.32 -> 0.1441056 | P82: =F82+J82+N82 -> 710 | Q82: =F82+J82+N82 -> 710 | R82: =MAX(Q82,O82) -> 710 | S82: =MAX(R82,P82) -> 710 | T82: =MAX(S82,Q82) -> 710 | U82: =T82-Q82 -> 0 | V82: =U82/T82 -> 0 | W82: =R82/O82 -> 4926.9425 | Y82: ok
A83: RH-SU-2-2 | O83: =((IFERROR((C83*D83*E83),0)+IFERROR((G83*H83*I83),0)+IFERROR((K83*L83*M83),0))/1000000)*35.32 -> 0 | P83: =F83+J83+N83 -> 0 | Q83: =F83+J83+N83 -> 0 | R83: =MAX(Q83,O83) -> 0 | S83: =MAX(R83,P83) -> 0 | T83: =MAX(S83,Q83) -> 0 | U83: =T83-Q83 -> 0 | V83: =U83/T83 -> #DIV/0! | W83: =R83/O83 -> #DIV/0! | Y83: phy. not avilable
A84: RH-SU-4 | B84: SB | C84: 37 | D84: 13 | E84: 7 | F84: 1000 | O84: =((IFERROR((C84*D84*E84),0)+IFERROR((G84*H84*I84),0)+IFERROR((K84*L84*M84),0))/1000000)*35.32 -> 0.11892244 | P84: =F84+J84+N84 -> 1000 | Q84: =F84+J84+N84 -> 1000 | R84: =MAX(Q84,O84) -> 1000 | S84: =MAX(R84,P84) -> 1000 | T84: =MAX(S84,Q84) -> 1000 | U84: =T84-Q84 -> 0 | V84: =U84/T84 -> 0 | W84: =R84/O84 -> 8408.8419 | Y84: phy. not avilable
A85: RT-ALY | B85: SB | C85: 130 | D85: 54 | E85: 9 | F85: 24450 | O85: =((IFERROR((C85*D85*E85),0)+IFERROR((G85*H85*I85),0)+IFERROR((K85*L85*M85),0))/1000000)*35.32 -> 2.2315176 | P85: =F85+J85+N85 -> 24450 | Q85: =F85+J85+N85 -> 24450 | R85: =MAX(Q85,O85) -> 24450 | S85: =MAX(R85,P85) -> 24450 | T85: =MAX(S85,Q85) -> 24450 | U85: =T85-Q85 -> 0 | V85: =U85/T85 -> 0 | W85: =R85/O85 -> 10956.669 | Y85: ok
A86: RT-AT | B86: SB | C86: 130 | D86: 42 | E86: 5 | F86: 17400 | O86: =((IFERROR((C86*D86*E86),0)+IFERROR((G86*H86*I86),0)+IFERROR((K86*L86*M86),0))/1000000)*35.32 -> 0.964236 | P86: =F86+J86+N86 -> 17400 | Q86: =F86+J86+N86 -> 17400 | R86: =MAX(Q86,O86) -> 17400 | S86: =MAX(R86,P86) -> 17400 | T86: =MAX(S86,Q86) -> 17400 | U86: =T86-Q86 -> 0 | V86: =U86/T86 -> 0 | W86: =R86/O86 -> 18045.375 | Y86: ok
A87: RT-DR | B87: SB | C87: 137 | D87: 70 | E87: 9 | F87: 39450 | O87: =((IFERROR((C87*D87*E87),0)+IFERROR((G87*H87*I87),0)+IFERROR((K87*L87*M87),0))/1000000)*35.32 -> 3.0484692 | P87: =F87+J87+N87 -> 39450 | Q87: =F87+J87+N87 -> 39450 | R87: =MAX(Q87,O87) -> 39450 | S87: =MAX(R87,P87) -> 39450 | T87: =MAX(S87,Q87) -> 39450 | U87: =T87-Q87 -> 0 | V87: =U87/T87 -> 0 | W87: =R87/O87 -> 12940.921 | Y87: ok
A88: RT-FR | B88: SB | C88: 162 | D88: 73 | E88: 8 | F88: 24450 | O88: =((IFERROR((C88*D88*E88),0)+IFERROR((G88*H88*I88),0)+IFERROR((K88*L88*M88),0))/1000000)*35.32 -> 3.3415546 | P88: =F88+J88+N88 -> 24450 | Q88: =F88+J88+N88 -> 24450 | R88: =MAX(Q88,O88) -> 24450 | S88: =MAX(R88,P88) -> 24450 | T88: =MAX(S88,Q88) -> 24450 | U88: =T88-Q88 -> 0 | V88: =U88/T88 -> 0 | W88: =R88/O88 -> 7316.9537 | Y88: ok
A89: RT-RI | B89: SB | C89: 103 | D89: 57 | E89: 7 | F89: 10800 | O89: =((IFERROR((C89*D89*E89),0)+IFERROR((G89*H89*I89),0)+IFERROR((K89*L89*M89),0))/1000000)*35.32 -> 1.451546 | P89: =F89+J89+N89 -> 10800 | Q89: =F89+J89+N89 -> 10800 | R89: =MAX(Q89,O89) -> 10800 | S89: =MAX(R89,P89) -> 10800 | T89: =MAX(S89,Q89) -> 10800 | U89: =T89-Q89 -> 0 | V89: =U89/T89 -> 0 | W89: =R89/O89 -> 7440.3427 | Y89: ok
A90: RT-RI-M | B90: SB | C90: 78 | D90: 62 | E90: 7 | F90: 7690 | O90: =((IFERROR((C90*D90*E90),0)+IFERROR((G90*H90*I90),0)+IFERROR((K90*L90*M90),0))/1000000)*35.32 -> 1.1956526 | P90: =F90+J90+N90 -> 7690 | Q90: =F90+J90+N90 -> 7690 | R90: =MAX(Q90,O90) -> 7690 | S90: =MAX(R90,P90) -> 7690 | T90: =MAX(S90,Q90) -> 7690 | U90: =T90-Q90 -> 0 | V90: =U90/T90 -> 0 | W90: =R90/O90 -> 6431.6339 | Y90: ok
A91: RT-T | B91: SB | C91: 51 | D91: 17 | E91: 4 | F91: 1100 | O91: =((IFERROR((C91*D91*E91),0)+IFERROR((G91*H91*I91),0)+IFERROR((K91*L91*M91),0))/1000000)*35.32 -> 0.12248976 | P91: =F91+J91+N91 -> 1100 | Q91: =F91+J91+N91 -> 1100 | R91: =MAX(Q91,O91) -> 1100 | S91: =MAX(R91,P91) -> 1100 | T91: =MAX(S91,Q91) -> 1100 | U91: =T91-Q91 -> 0 | V91: =U91/T91 -> 0 | W91: =R91/O91 -> 8980.3425 | Y91: ok
A92: S-AB | B92: SB | C92: 94 | D92: 36 | E92: 6 | F92: 5890 | O92: =((IFERROR((C92*D92*E92),0)+IFERROR((G92*H92*I92),0)+IFERROR((K92*L92*M92),0))/1000000)*35.32 -> 0.71713728 | P92: =F92+J92+N92 -> 5890 | Q92: =F92+J92+N92 -> 5890 | R92: =MAX(Q92,O92) -> 5890 | S92: =MAX(R92,P92) -> 5890 | T92: =MAX(S92,Q92) -> 5890 | U92: =T92-Q92 -> 0 | V92: =U92/T92 -> 0 | W92: =R92/O92 -> 8213.2113 | Y92: ok
A93: S-AE | B93: SB | C93: 144 | D93: 41 | E93: 5 | F93: 13620 | O93: =((IFERROR((C93*D93*E93),0)+IFERROR((G93*H93*I93),0)+IFERROR((K93*L93*M93),0))/1000000)*35.32 -> 1.0426464 | P93: =F93+J93+N93 -> 13620 | Q93: =F93+J93+N93 -> 13620 | R93: =MAX(Q93,O93) -> 13620 | S93: =MAX(R93,P93) -> 13620 | T93: =MAX(S93,Q93) -> 13620 | U93: =T93-Q93 -> 0 | V93: =U93/T93 -> 0 | W93: =R93/O93 -> 13062.914 | Y93: ok
A94: S-AI | B94: SB | C94: 134 | D94: 20 | E94: 5 | F94: 3890 | O94: =((IFERROR((C94*D94*E94),0)+IFERROR((G94*H94*I94),0)+IFERROR((K94*L94*M94),0))/1000000)*35.32 -> 0.473288 | P94: =F94+J94+N94 -> 3890 | Q94: =F94+J94+N94 -> 3890 | R94: =MAX(Q94,O94) -> 3890 | S94: =MAX(R94,P94) -> 3890 | T94: =MAX(S94,Q94) -> 3890 | U94: =T94-Q94 -> 0 | V94: =U94/T94 -> 0 | W94: =R94/O94 -> 8219.097 | Y94: ok
A95: S-AO | B95: SB | C95: 95 | D95: 27 | E95: 6 | F95: 5850 | O95: =((IFERROR((C95*D95*E95),0)+IFERROR((G95*H95*I95),0)+IFERROR((K95*L95*M95),0))/1000000)*35.32 -> 0.5435748 | P95: =F95+J95+N95 -> 5850 | Q95: =F95+J95+N95 -> 5850 | R95: =MAX(Q95,O95) -> 5850 | S95: =MAX(R95,P95) -> 5850 | T95: =MAX(S95,Q95) -> 5850 | U95: =T95-Q95 -> 0 | V95: =U95/T95 -> 0 | W95: =R95/O95 -> 10762.088 | Y95: ok
... A120: S-BR-F6 | B120: SB | C120: 119 | D120: 30 | E120: 6 | F120: 6500 | O120: =((IFERROR((C120*D120*E120),0)+IFERROR((G120*H120*I120),0)+IFERROR((K120*L120*M120),0))/1000000)*35.32 -> 0.7565544 | P120: =F120+J120+N120 -> 6500 | Q120: =F120+J120+N120 -> 6500 | R120: =MAX(Q120,O120) -> 6500 | S120: =MAX(R120,P120) -> 6500 | T120: =MAX(S120,Q120) -> 6500 | U120: =T120-Q120 -> 0 | V120: =U120/T120 -> 0 | W120: =R120/O120 -> 8591.5831 | Y120: ok
A121: SB-SML | O121: =((IFERROR((C121*D121*E121),0)+IFERROR((G121*H121*I121),0)+IFERROR((K121*L121*M121),0))/1000000)*35.32 -> 0 | P121: =F121+J121+N121 -> 0 | Q121: =F121+J121+N121 -> 0 | R121: =MAX(Q121,O121) -> 0 | S121: =MAX(R121,P121) -> 0 | T121: =MAX(S121,Q121) -> 0 | U121: =T121-Q121 -> 0 | V121: =U121/T121 -> #DIV/0! | W121: =R121/O121 -> #DIV/0! | Y121: phy. not avilable
A122: SB-SN-D | B122: SB | C122: 181 | D122: 32 | E122: 9 | F122: 31750 | O122: =((IFERROR((C122*D122*E122),0)+IFERROR((G122*H122*I122),0)+IFERROR((K122*L122*M122),0))/1000000)*35.32 -> 1.841161 | P122: =F122+J122+N122 -> 31750 | Q122: =F122+J122+N122 -> 31750 | R122: =MAX(Q122,O122) -> 31750 | S122: =MAX(R122,P122) -> 31750 | T122: =MAX(S122,Q122) -> 31750 | U122: =T122-Q122 -> 0 | V122: =U122/T122 -> 0 | W122: =R122/O122 -> 17244.554 | Y122: ok
A123: SB-SN-N | B123: SB | C123: 165 | D123: 34 | E123: 9 | F123: 21800 | O123: =((IFERROR((C123*D123*E123),0)+IFERROR((G123*H123*I123),0)+IFERROR((K123*L123*M123),0))/1000000)*35.32 -> 1.7833068 | P123: =F123+J123+N123 -> 21800 | Q123: =F123+J123+N123 -> 21800 | R123: =MAX(Q123,O123) -> 21800 | S123: =MAX(R123,P123) -> 21800 | T123: =MAX(S123,Q123) -> 21800 | U123: =T123-Q123 -> 0 | V123: =U123/T123 -> 0 | W123: =R123/O123 -> 12224.481 | Y123: ok
A124: SB-WA | B124: SB | C124: 144 | D124: 31 | E124: 5 | F124: 7600 | O124: =((IFERROR((C124*D124*E124),0)+IFERROR((G124*H124*I124),0)+IFERROR((K124*L124*M124),0))/1000000)*35.32 -> 0.7883424 | P124: =F124+J124+N124 -> 7600 | Q124: =F124+J124+N124 -> 7600 | R124: =MAX(Q124,O124) -> 7600 | S124: =MAX(R124,P124) -> 7600 | T124: =MAX(S124,Q124) -> 7600 | U124: =T124-Q124 -> 0 | V124: =U124/T124 -> 0 | W124: =R124/O124 -> 9640.4811 | Y124: ok
A125: SB-WA-WM | B125: SB | C125: 144 | D125: 21 | E125: 7 | F125: 7510 | O125: =((IFERROR((C125*D125*E125),0)+IFERROR((G125*H125*I125),0)+IFERROR((K125*L125*M125),0))/1000000)*35.32 -> 0.74765376 | P125: =F125+J125+N125 -> 7510 | Q125: =F125+J125+N125 -> 7510 | R125: =MAX(Q125,O125) -> 7510 | S125: =MAX(R125,P125) -> 7510 | T125: =MAX(S125,Q125) -> 7510 | U125: =T125-Q125 -> 0 | V125: =U125/T125 -> 0 | W125: =R125/O125 -> 10044.757 | Y125: ok
A126: SB-WLB | B126: SB | C126: 158 | D126: 31 | E126: 9 | F126: 18485 | O126: =((IFERROR((C126*D126*E126),0)+IFERROR((G126*H126*I126),0)+IFERROR((K126*L126*M126),0))/1000000)*35.32 -> 1.5569762 | P126: =F126+J126+N126 -> 18485 | Q126: =F126+J126+N126 -> 18485 | R126: =MAX(Q126,O126) -> 18485 | S126: =MAX(R126,P126) -> 18485 | T126: =MAX(S126,Q126) -> 18485 | U126: =T126-Q126 -> 0 | V126: =U126/T126 -> 0 | W126: =R126/O126 -> 11872.371 | Y126: ok
A127: S-CC | B127: SB | C127: 187 | D127: 43 | E127: 5 | F127: 13800 | O127: =((IFERROR((C127*D127*E127),0)+IFERROR((G127*H127*I127),0)+IFERROR((K127*L127*M127),0))/1000000)*35.32 -> 1.4200406 | P127: =F127+J127+N127 -> 13800 | Q127: =F127+J127+N127 -> 13800 | R127: =MAX(Q127,O127) -> 13800 | S127: =MAX(R127,P127) -> 13800 | T127: =MAX(S127,Q127) -> 13800 | U127: =T127-Q127 -> 0 | V127: =U127/T127 -> 0 | W127: =R127/O127 -> 9718.032 | Y127: phy. not avilable
A128: S-CK-2 | O128: =((IFERROR((C128*D128*E128),0)+IFERROR((G128*H128*I128),0)+IFERROR((K128*L128*M128),0))/1000000)*35.32 -> 0 | P128: =F128+J128+N128 -> 0 | Q128: =F128+J128+N128 -> 0 | R128: =MAX(Q128,O128) -> 0 | S128: =MAX(R128,P128) -> 0 | T128: =MAX(S128,Q128) -> 0 | U128: =T128-Q128 -> 0 | V128: =U128/T128 -> #DIV/0! | W128: =R128/O128 -> #DIV/0! | Y128: phy. not avilable
A129: S-CRF | B129: SB | C129: 97 | D129: 20 | E129: 10 | F129: 8895 | O129: =((IFERROR((C129*D129*E129),0)+IFERROR((G129*H129*I129),0)+IFERROR((K129*L129*M129),0))/1000000)*35.32 -> 0.685208 | P129: =F129+J129+N129 -> 8895 | Q129: =F129+J129+N129 -> 8895 | R129: =MAX(Q129,O129) -> 8895 | S129: =MAX(R129,P129) -> 8895 | T129: =MAX(S129,Q129) -> 8895 | U129: =T129-Q129 -> 0 | V129: =U129/T129 -> 0 | W129: =R129/O129 -> 12981.46 | Y129: ok
A130: S-ERA | B130: SB | C130: 69 | D130: 35 | E130: 8 | F130: 9890 | O130: =((IFERROR((C130*D130*E130),0)+IFERROR((G130*H130*I130),0)+IFERROR((K130*L130*M130),0))/1000000)*35.32 -> 0.6823824 | P130: =F130+J130+N130 -> 9890 | Q130: =F130+J130+N130 -> 9890 | R130: =MAX(Q130,O130) -> 9890 | S130: =MAX(R130,P130) -> 9890 | T130: =MAX(S130,Q130) -> 9890 | U130: =T130-Q130 -> 0 | V130: =U130/T130 -> 0 | W130: =R130/O130 -> 14493.34 | Y130: ok
A131: S-ETN | B131: SB | C131: 87 | D131: 19 | E131: 8 | F131: 4360 | O131: =((IFERROR((C131*D131*E131),0)+IFERROR((G131*H131*I131),0)+IFERROR((K131*L131*M131),0))/1000000)*35.32 -> 0.46707168 | P131: =F131+J131+N131 -> 4360 | Q131: =F131+J131+N131 -> 4360 | R131: =MAX(Q131,O131) -> 4360 | S131: =MAX(R131,P131) -> 4360 | T131: =MAX(S131,Q131) -> 4360 | U131: =T131-Q131 -> 0 | V131: =U131/T131 -> 0 | W131: =R131/O131 -> 9334.7556 | Y131: ok
A132: S-FE-W2 | B132: SB | C132: 19.5 | D132: 19 | E132: 7 | F132: 900 | O132: =((IFERROR((C132*D132*E132),0)+IFERROR((G132*H132*I132),0)+IFERROR((K132*L132*M132),0))/1000000)*35.32 -> 0.09160242 | P132: =F132+J132+N132 -> 900 | Q132: =F132+J132+N132 -> 900 | R132: =MAX(Q132,O132) -> 900 | S132: =MAX(R132,P132) -> 900 | T132: =MAX(S132,Q132) -> 900 | U132: =T132-Q132 -> 0 | V132: =U132/T132 -> 0 | W132: =R132/O132 -> 9825.0679 | Y132: phy. not avilable
A133: S-GRB | B133: SB | C133: 69 | D133: 19 | E133: 9 | F133: 3890 | O133: =((IFERROR((C133*D133*E133),0)+IFERROR((G133*H133*I133),0)+IFERROR((K133*L133*M133),0))/1000000)*35.32 -> 0.41674068 | P133: =F133+J133+N133 -> 3890 | Q133: =F133+J133+N133 -> 3890 | R133: =MAX(Q133,O133) -> 3890 | S133: =MAX(R133,P133) -> 3890 | T133: =MAX(S133,Q133) -> 3890 | U133: =T133-Q133 -> 0 | V133: =U133/T133 -> 0 | W133: =R133/O133 -> 9334.3419 | Y133: phy. not avilable
A134: SH-CHR | B134: SB | F134: 1260 | O134: =((IFERROR((C134*D134*E134),0)+IFERROR((G134*H134*I134),0)+IFERROR((K134*L134*M134),0))/1000000)*35.32 -> 0 | P134: =F134+J134+N134 -> 1260 | Q134: =F134+J134+N134 -> 1260 | R134: =MAX(Q134,O134) -> 1260 | S134: =MAX(R134,P134) -> 1260 | T134: =MAX(S134,Q134) -> 1260 | U134: =T134-Q134 -> 0 | V134: =U134/T134 -> 0 | W134: =R134/O134 -> #DIV/0! | Y134: phy. not avilable
A135: S-JVS | B135: SB | C135: 82 | D135: 20 | E135: 9 | F135: 6800 | O135: =((IFERROR((C135*D135*E135),0)+IFERROR((G135*H135*I135),0)+IFERROR((K135*L135*M135),0))/1000000)*35.32 -> 0.5213232 | P135: =F135+J135+N135 -> 6800 | Q135: =F135+J135+N135 -> 6800 | R135: =MAX(Q135,O135) -> 6800 | S135: =MAX(R135,P135) -> 6800 | T135: =MAX(S135,Q135) -> 6800 | U135: =T135-Q135 -> 0 | V135: =U135/T135 -> 0 | W135: =R135/O135 -> 13043.732 | Y135: ok
A136: S-LC | B136: SB | C136: 61 | D136: 17 | E136: 6 | F136: 1890 | O136: =((IFERROR((C136*D136*E136),0)+IFERROR((G136*H136*I136),0)+IFERROR((K136*L136*M136),0))/1000000)*35.32 -> 0.21976104 | P136: =F136+J136+N136 -> 1890 | Q136: =F136+J136+N136 -> 1890 | R136: =MAX(Q136,O136) -> 1890 | S136: =MAX(R136,P136) -> 1890 | T136: =MAX(S136,Q136) -> 1890 | U136: =T136-Q136 -> 0 | V136: =U136/T136 -> 0 | W136: =R136/O136 -> 8600.2505 | Y136: phy. not avilable
A137: S-LO | B137: SB | C137: 113 | D137: 18 | E137: 4 | F137: 2890 | O137: =((IFERROR((C137*D137*E137),0)+IFERROR((G137*H137*I137),0)+IFERROR((K137*L137*M137),0))/1000000)*35.32 -> 0.28736352 | P137: =F137+J137+N137 -> 2890 | Q137: =F137+J137+N137 -> 2890 | R137: =MAX(Q137,O137) -> 2890 | S137: =MAX(R137,P137) -> 2890 | T137: =MAX(S137,Q137) -> 2890 | U137: =T137-Q137 -> 0 | V137: =U137/T137 -> 0 | W137: =R137/O137 -> 10056.948 | Y137: ok
A138: SL-VE-18 | O138: =((IFERROR((C138*D138*E138),0)+IFERROR((G138*H138*I138),0)+IFERROR((K138*L138*M138),0))/1000000)*35.32 -> 0 | P138: =F138+J138+N138 -> 0 | Q138: =F138+J138+N138 -> 0 | R138: =MAX(Q138,O138) -> 0 | S138: =MAX(R138,P138) -> 0 | T138: =MAX(S138,Q138) -> 0 | U138: =T138-Q138 -> 0 | V138: =U138/T138 -> #DIV/0! | W138: =R138/O138 -> #DIV/0! | Y138: phy. not avilable
A139: SL-VE-P | B139: SB | C139: 50 | D139: 29 | E139: 8 | F139: 1890 | O139: =((IFERROR((C139*D139*E139),0)+IFERROR((G139*H139*I139),0)+IFERROR((K139*L139*M139),0))/1000000)*35.32 -> 0.409712 | P139: =F139+J139+N139 -> 1890 | Q139: =F139+J139+N139 -> 1890 | R139: =MAX(Q139,O139) -> 1890 | S139: =MAX(R139,P139) -> 1890 | T139: =MAX(S139,Q139) -> 1890 | U139: =T139-Q139 -> 0 | V139: =U139/T139 -> 0 | W139: =R139/O139 -> 4612.9964 | Y139: phy. not avilable
A140: S-MO-3 | B140: SB | C140: 27.5 | D140: 27.5 | E140: 17.5 | F140: 2890 | O140: =((IFERROR((C140*D140*E140),0)+IFERROR((G140*H140*I140),0)+IFERROR((K140*L140*M140),0))/1000000)*35.32 -> 0.46743812 | P140: =F140+J140+N140 -> 2890 | Q140: =F140+J140+N140 -> 2890 | R140: =MAX(Q140,O140) -> 2890 | S140: =MAX(R140,P140) -> 2890 | T140: =MAX(S140,Q140) -> 2890 | U140: =T140-Q140 -> 0 | V140: =U140/T140 -> 0 | W140: =R140/O140 -> 6182.6365 | Y140: phy. not avilable
...

Sheet Audit Dimensions
C1: Box 1 Dimension Details | G1: Box 2 Dimension Details | K1: Box 3 Dimension Details | O1: Vol.Wht | P1: Total Weight | R1: Chg.Wht | S1: Theoretical Weight
C2: Long | D2: Med | E2: Smal | F2: Sys.Wht | G2: Long | H2: Med | I2: Smal | J2: Sys.Wht | K2: Long | L2: Med | M2: Smal | N2: Actual.Wht | O2: 6 | P2: Actual.Wht | Q2: Wht (Kgs) | T2: Difference | U2: Diff % | V2: CBF | W2: KG/CBF | X2: Remark
A3: MTP SKU Code | B3: SB/MB | C3: Lcm | D3: Bcm | E3: Hcm | F3: PW(gm) | G3: Lcm | H3: Bcm | I3: Hcm | J3: PW(gm) | K3: Lcm | L3: Bcm | M3: Hcm | N3: PW(gm) | O3: Kgs | P3: Gms | Q3: Kgs
A4: B-MLT-KT | B4: MB | C4: 203 | D4: 39 | E4: 7 | F4: 26950 | G4: 194 | H4: 80 | I4: 5 | J4: 33000 | K4: 102 | L4: 93 | M4: 6 | N4: 38750 | O4: =V4*$O$2 -> 2270.3553 | P4: =F4+J4+N4 -> 98700 | Q4: =P4/1000 -> 98.7 | R4: =MAX(Q4,O4) -> 2270.3553 | S4: =VLOOKUP(A4,[1]Index!$E:$M,8,) -> 88614.98 | T4: =S4-P4 -> -10085.02 | U4: =T4/S4 -> -0.11380717 | V4: =(((N4*D4*E4)+(G4*H4*I4)+(K4*L4*M4))/1000000)*35.32 -> 378.39256 | W4: =Q4/V4 -> 0.26084023 | X4: phy. not avilable
A5: B-MLT-QT | B5: MB | C5: 205 | D5: 40 | E5: 7 | F5: 27250 | G5: 164 | H5: 63 | I5: 4 | J5: 23300 | K5: 102 | L5: 79 | M5: 6 | N5: 37750 | O5: =V5*$O$2 -> 31.168346 | P5: =F5+J5+N5 -> 88300 | Q5: =P5/1000 -> 88.3 | R5: =MAX(Q5,O5) -> 88.3 | S5: =VLOOKUP(A5,[1]Index!$E:$M,8,) -> 83135.099 | T5: =S5-P5 -> -5164.9015 | U5: =T5/S5 -> -0.062126605 | V5: =(((C5*D5*E5)+(G5*H5*I5)+(K5*L5*M5))/1000000)*35.32 -> 5.1947243 | W5: =Q5/V5 -> 16.998015 | X5: Ok
A6: B-POL-KN | B6: MB | O6: =V6*$O$2 -> 0 | P6: =F6+J6+N6 -> 0 | Q6: =P6/1000 -> 0 | R6: =MAX(Q6,O6) -> 0 | S6: =VLOOKUP(A6,[1]Index!$E:$M,8,) -> 70721.918 | T6: =S6-P6 -> 70721.918 | U6: =T6/S6 -> 1 | V6: =(((C6*D6*E6)+(G6*H6*I6)+(K6*L6*M6))/1000000)*35.32 -> 0 | W6: =Q6/V6 -> #DIV/0! | X6: phy. not avilable
A7: B-POL-KT | B7: MB | C7: 206 | D7: 40 | E7: 7 | F7: 36100 | G7: 149 | H7: 40 | I7: 6 | J7: 23600 | K7: 104 | L7: 79 | M7: 7 | N7: 37460 | O7: =V7*$O$2 -> 31.989748 | P7: =F7+J7+N7 -> 97160 | Q7: =P7/1000 -> 97.16 | R7: =MAX(Q7,O7) -> 97.16 | S7: =VLOOKUP(A7,[1]Index!$E:$M,8,) -> 94601.158 | T7: =S7-P7 -> -2558.842 | U7: =T7/S7 -> -0.027048739 | V7: =(((C7*D7*E7)+(G7*H7*I7)+(K7*L7*M7))/1000000)*35.32 -> 5.3316246 | W7: =Q7/V7 -> 18.223338 | X7: ok
A8: B-POL-QN | B8: MB | O8: =V8*$O$2 -> 0 | P8: =F8+J8+N8 -> 0 | Q8: =P8/1000 -> 0 | R8: =MAX(Q8,O8) -> 0 | S8: =VLOOKUP(A8,[1]Index!$E:$M,8,) -> 60043.684 | T8: =S8-P8 -> 60043.684 | U8: =T8/S8 -> 1 | V8: =(((C8*D8*E8)+(G8*H8*I8)+(K8*L8*M8))/1000000)*35.32 -> 0 | W8: =Q8/V8 -> #DIV/0! | X8: phy. not avilable
A9: B-POL-QT | B9: MB | C9: 208 | D9: 49 | E9: 7 | F9: 33800 | G9: 163 | H9: 40 | I9: 6 | J9: 20600 | K9: 101 | L9: 80 | M9: 6 | N9: 37000 | O9: =V9*$O$2 -> 33.683412 | P9: =F9+J9+N9 -> 91400 | Q9: =P9/1000 -> 91.4 | R9: =MAX(Q9,O9) -> 91.4 | S9: =VLOOKUP(A9,[1]Index!$E:$M,8,) -> 75619.774 | T9: =S9-P9 -> -15780.226 | U9: =T9/S9 -> -0.20867857 | V9: =(((C9*D9*E9)+(G9*H9*I9)+(K9*L9*M9))/1000000)*35.32 -> 5.6139021 | W9: =Q9/V9 -> 16.281011 | X9: ok
A10: B-POL-SN | B10: MB | C10: 206 | D10: 48 | E10: 6 | F10: 33550 | G10: 105 | H10: 97 | I10: 3 | J10: 14800 | O10: =V10*$O$2 -> 19.048005 | P10: =F10+J10+N10 -> 48350 | Q10: =P10/1000 -> 48.35 | R10: =MAX(Q10,O10) -> 48.35 | S10: =VLOOKUP(A10,[1]Index!$E:$M,8,) -> 40998.312 | T10: =S10-P10 -> -7351.6882 | U10: =T10/S10 -> -0.17931685 | V10: =(((C10*D10*E10)+(G10*H10*I10)+(K10*L10*M10))/1000000)*35.32 -> 3.1746676 | W10: =Q10/V10 -> 15.229941 | X10: ok.
A11: B-RVB-KN | B11: MB | C11: 207 | D11: 50 | E11: 8 | F11: 46400 | G11: 106 | H11: 98 | I11: 5 | J11: 29850 | O11: =V11*$O$2 -> 28.554101 | P11: =F11+J11+N11 -> 76250 | Q11: =P11/1000 -> 76.25 | R11: =MAX(Q11,O11) -> 76.25 | S11: =VLOOKUP(A11,[1]Index!$E:$M,8,) -> 56053.896 | T11: =S11-P11 -> -20196.104 | U11: =T11/S11 -> -0.36029795 | V11: =(((C11*D11*E11)+(G11*H11*I11)+(K11*L11*M11))/1000000)*35.32 -> 4.7590168 | W11: =Q11/V11 -> 16.022217 | X11: ok
A12: B-RVB-QN | B12: MB | C12: 207 | D12: 51 | E12: 8 | F12: 42600 | G12: 107 | H12: 80 | I12: 5 | J12: 54000 | O12: =V12*$O$2 -> 26.968092 | P12: =F12+J12+N12 -> 96600 | Q12: =P12/1000 -> 96.6 | R12: =MAX(Q12,O12) -> 96.6 | S12: =VLOOKUP(A12,[1]Index!$E:$M,8,) -> 61659.101 | T12: =S12-P12 -> -34940.899 | U12: =T12/S12 -> -0.56667869 | V12: =(((C12*D12*E12)+(G12*H12*I12)+(K12*L12*M12))/1000000)*35.32 -> 4.4946819 | W12: =Q12/V12 -> 21.492066 | X12: ok
A13: B-RVB-SN | B13: MB | C13: 120 | D13: 39 | E13: 8 | F13: 33000 | G13: 97 | H13: 56 | I13: 5 | J13: 14900 | O13: =V13*$O$2 -> 13.690032 | P13: =F13+J13+N13 -> 47900 | Q13: =P13/1000 -> 47.9 | R13: =MAX(Q13,O13) -> 47.9 | S13: =VLOOKUP(A13,[1]Index!$E:$M,8,) -> 41738.719 | T13: =S13-P13 -> -6161.2814 | U13: =T13/S13 -> -0.14761549 | V13: =(((C13*D13*E13)+(G13*H13*I13)+(K13*L13*M13))/1000000)*35.32 -> 2.281672 | W13: =Q13/V13 -> 20.993377 | X13: ok
A14: B-RVB-D36N | B14: SB | C14: 188 | D14: 44 | E14: 9 | F14: 37300 | O14: =V14*$O$2 -> 15.77702 | P14: =F14+J14+N14 -> 37300 | Q14: =P14/1000 -> 37.3 | R14: =MAX(Q14,O14) -> 37.3 | S14: =VLOOKUP(A14,[1]Index!$E:$M,8,) -> 34586.525 | T14: =S14-P14 -> -2713.4748 | U14: =T14/S14 -> -0.07845468 | V14: =(((C14*D14*E14)+(G14*H14*I14)+(K14*L14*M14))/1000000)*35.32 -> 2.6295034 | W14: =Q14/V14 -> 14.185188 | X14: ok
A15: BT-CO | B15: SB | C15: 74 | D15: 40 | E15: 6 | F15: 6600 | O15: =V15*$O$2 -> 3.7636992 | P15: =F15+J15+N15 -> 6600 | Q15: =P15/1000 -> 6.6 | R15: =MAX(Q15,O15) -> 6.6 | S15: =VLOOKUP(A15,[1]Index!$E:$M,8,) -> 6060.5378 | T15: =S15-P15 -> -539.46221 | U15: =T15/S15 -> -0.089012268 | V15: =(((C15*D15*E15)+(G15*H15*I15)+(K15*L15*M15))/1000000)*35.32 -> 0.6272832 | W15: =Q15/V15 -> 10.521563 | X15: ok
A16: BT-HE | B16: SB | C16: 42 | D16: 41 | E16: 6 | F16: 4780 | O16: =V16*$O$2 -> 2.1895574 | P16: =F16+J16+N16 -> 4780 | Q16: =P16/1000 -> 4.78 | R16: =MAX(Q16,O16) -> 4.78 | S16: =VLOOKUP(A16,[1]Index!$E:$M,8,) -> 4702.7014 | T16: =S16-P16 -> -77.298599 | U16: =T16/S16 -> -0.016437063 | V16: =(((C16*D16*E16)+(G16*H16*I16)+(K16*L16*M16))/1000000)*35.32 -> 0.36492624 | W16: =Q16/V16 -> 13.098537 | X16: ok
A17: BT-LE-B | B17: SB | C17: 64 | D17: 58 | E17: 12 | F17: 15000 | O17: =V17*$O$2 -> 9.4397645 | P17: =F17+J17+N17 -> 15000 | Q17: =P17/1000 -> 15 | R17: =MAX(Q17,O17) -> 15 | S17: =VLOOKUP(A17,[1]Index!$E:$M,8,) -> 8821.9178 | T17: =S17-P17 -> -6178.0822 | U17: =T17/S17 -> -0.70031056 | V17: =(((C17*D17*E17)+(G17*H17*I17)+(K17*L17*M17))/1000000)*35.32 -> 1.5732941 | W17: =Q17/V17 -> 9.5341362 | X17: phy. not avilable
A18: BT-OL | B18: SB | C18: 50 | D18: 45 | E18: 8 | F18: 8250 | O18: =V18*$O$2 -> 3.81456 | P18: =F18+J18+N18 -> 8250 | Q18: =P18/1000 -> 8.25 | R18: =MAX(Q18,O18) -> 8.25 | S18: =VLOOKUP(A18,[1]Index!$E:$M,8,) -> 8112 | T18: =S18-P18 -> -138 | U18: =T18/S18 -> -0.017011834 | V18: =(((C18*D18*E18)+(G18*H18*I18)+(K18*L18*M18))/1000000)*35.32 -> 0.63576 | W18: =Q18/V18 -> 12.976595 | X18: ok
A19: BT-OL-D | B19: SB | C19: 49 | D19: 43 | E19: 12 | F19: 10900 | O19: =V19*$O$2 -> 5.3581853 | P19: =F19+J19+N19 -> 10900 | Q19: =P19/1000 -> 10.9 | R19: =MAX(Q19,O19) -> 10.9 | S19: =VLOOKUP(A19,[1]Index!$E:$M,8,) -> 10252.116 | T19: =S19-P19 -> -647.88437 | U19: =T19/S19 -> -0.063195188 | V19: =(((C19*D19*E19)+(G19*H19*I19)+(K19*L19*M19))/1000000)*35.32 -> 0.89303088 | W19: =Q19/V19 -> 12.205625 | X19: ok
A20: CT-ATD-LA | B20: SB | C20: 123 | D20: 56 | E20: 5 | F20: 24490 | O20: =V20*$O$2 -> 7.2985248 | P20: =F20+J20+N20 -> 24490 | Q20: =P20/1000 -> 24.49 | R20: =MAX(Q20,O20) -> 24.49 | S20: =VLOOKUP(A20,[1]Index!$E:$M,8,) -> 23784.664 | T20: =S20-P20 -> -705.33643 | U20: =T20/S20 -> -0.029655094 | V20: =(((C20*D20*E20)+(G20*H20*I20)+(K20*L20*M20))/1000000)*35.32 -> 1.2164208 | W20: =Q20/V20 -> 20.132836 | X20: phy. not avilable
A21: CT-ATD-ST | B21: SB | C21: 96 | D21: 44 | E21: 8 | F21: 11100 | O21: =V21*$O$2 -> 7.1612006 | P21: =F21+J21+N21 -> 11100 | Q21: =P21/1000 -> 11.1 | R21: =MAX(Q21,O21) -> 11.1 | S21: =VLOOKUP(A21,[1]Index!$E:$M,8,) -> 13438.902 | T21: =S21-P21 -> 2338.9017 | U21: =T21/S21 -> 0.17403964 | V21: =(((C21*D21*E21)+(G21*H21*I21)+(K21*L21*M21))/1000000)*35.32 -> 1.1935334 | W21: =Q21/V21 -> 9.3001165 | X21: ok
A22: CT-DOV | B22: SB | C22: 111 | D22: 54 | E22: 8 | F22: 23800 | O22: =V22*$O$2 -> 10.161988 | P22: =F22+J22+N22 -> 23800 | Q22: =P22/1000 -> 23.8 | R22: =MAX(Q22,O22) -> 23.8 | S22: =VLOOKUP(A22,[1]Index!$E:$M,8,) -> 21457 | T22: =S22-P22 -> -2343 | U22: =T22/S22 -> -0.10919513 | V22: =(((C22*D22*E22)+(G22*H22*I22)+(K22*L22*M22))/1000000)*35.32 -> 1.6936646 | W22: =Q22/V22 -> 14.052369 | X22: ok
A23: CT-GSE-RT | B23: SB | C23: 100 | D23: 50 | E23: 4 | F23: 7100 | O23: =V23*$O$2 -> 4.2384 | P23: =F23+J23+N23 -> 7100 | Q23: =P23/1000 -> 7.1 | R23: =MAX(Q23,O23) -> 7.1 | S23: =VLOOKUP(A23,[1]Index!$E:$M,8,) -> 5381.721 | T23: =S23-P23 -> -1718.279 | U23: =T23/S23 -> -0.31928059 | V23: =(((C23*D23*E23)+(G23*H23*I23)+(K23*L23*M23))/1000000)*35.32 -> 0.7064 | W23: =Q23/V23 -> 10.050963 | X23: ok
A24: CT-GSE-RT2 | B24: SB | C24: 100 | D24: 50 | E24: 4 | F24: 11550 | O24: =V24*$O$2 -> 4.2384 | P24: =F24+J24+N24 -> 11550 | Q24: =P24/1000 -> 11.55 | R24: =MAX(Q24,O24) -> 11.55 | S24: =VLOOKUP(A24,[1]Index!$E:$M,8,) -> 9982.928 | T24: =S24-P24 -> -1567.072 | U24: =T24/S24 -> -0.15697519 | V24: =(((C24*D24*E24)+(G24*H24*I24)+(K24*L24*M24))/1000000)*35.32 -> 0.7064 | W24: =Q24/V24 -> 16.35051 | X24: ok
A25: CT-GSE-SQ | B25: SB | C25: 77 | D25: 77 | E25: 4 | F25: 8050 | O25: =V25*$O$2 -> 5.0258947 | P25: =F25+J25+N25 -> 8050 | Q25: =P25/1000 -> 8.05 | R25: =MAX(Q25,O25) -> 8.05 | S25: =VLOOKUP(A25,[1]Index!$E:$M,8,) -> 6253.372 | T25: =S25-P25 -> -1796.628 | U25: =T25/S25 -> -0.28730546 | V25: =(((C25*D25*E25)+(G25*H25*I25)+(K25*L25*M25))/1000000)*35.32 -> 0.83764912 | W25: =Q25/V25 -> 9.6102292 | X25: ok
... A31: CT-MD-SQ | B31: SB | C31: 85 | D31: 84 | E31: 6 | F31: 17400 | O31: =V31*$O$2 -> 9.0786528 | P31: =F31+J31+N31 -> 17400 | Q31: =P31/1000 -> 17.4 | R31: =MAX(Q31,O31) -> 17.4 | S31: =VLOOKUP(A31,[1]Index!$E:$M,8,) -> 18992.418 | T31: =S31-P31 -> 1592.4179 | U31: =T31/S31 -> 0.083844927 | V31: =(((C31*D31*E31)+(G31*H31*I31)+(K31*L31*M31))/1000000)*35.32 -> 1.5131088 | W31: =Q31/V31 -> 11.499504 | X31: phy. not avilable
A32: CT-MT-RO | B32: MB | C32: 70 | D32: 68 | E32: 3 | F32: 4300 | G32: 51 | H32: 12 | I32: 10 | J32: 1500 | O32: =V32*$O$2 -> 4.323168 | P32: =F32+J32+N32 -> 5800 | Q32: =P32/1000 -> 5.8 | R32: =MAX(Q32,O32) -> 5.8 | S32: =VLOOKUP(A32,[1]Index!$E:$M,8,) -> 4517.919 | T32: =S32-P32 -> -1282.081 | U32: =T32/S32 -> -0.28377689 | V32: =(((C32*D32*E32)+(G32*H32*I32)+(K32*L32*M32))/1000000)*35.32 -> 0.720528 | W32: =Q32/V32 -> 8.0496525 | X32: ok
A33: CT-MT-RT | B33: MB | C33: 86 | D33: 46 | E33: 5 | F33: 4700 | G33: 51 | H33: 12 | I33: 10 | J33: 1500 | O33: =V33*$O$2 -> 5.488728 | P33: =F33+J33+N33 -> 6200 | Q33: =P33/1000 -> 6.2 | R33: =MAX(Q33,O33) -> 6.2 | S33: =VLOOKUP(A33,[1]Index!$E:$M,8,) -> 3843.3503 | T33: =S33-P33 -> -2356.6497 | U33: =T33/S33 -> -0.61317587 | V33: =(((C33*D33*E33)+(G33*H33*I33)+(K33*L33*M33))/1000000)*35.32 -> 0.914788 | W33: =Q33/V33 -> 6.7775266 | X33: ok
A34: CT-MT-SQ | B34: MB | C34: 100 | D34: 50 | E34: 4 | F34: 8900 | G34: 51 | H34: 12 | I34: 10 | J34: 1500 | O34: =V34*$O$2 -> 5.5353504 | P34: =F34+J34+N34 -> 10400 | Q34: =P34/1000 -> 10.4 | R34: =MAX(Q34,O34) -> 10.4 | S34: =VLOOKUP(A34,[1]Index!$E:$M,8,) -> 5208.6044 | T34: =S34-P34 -> -5191.3956 | U34: =T34/S34 -> -0.99669607 | V34: =(((C34*D34*E34)+(G34*H34*I34)+(K34*L34*M34))/1000000)*35.32 -> 0.9225584 | W34: =Q34/V34 -> 11.272999 | X34: Ok
A35: CT-NO-RT | B35: SB | C35: 85 | D35: 45 | E35: 6 | F35: 10700 | G35: 51 | H35: 12 | I35: 10 | J35: 1500 | O35: =V35*$O$2 -> 6.1605144 | P35: =F35+J35+N35 -> 12200 | Q35: =P35/1000 -> 12.2 | R35: =MAX(Q35,O35) -> 12.2 | S35: =VLOOKUP(A35,[1]Index!$E:$M,8,) -> 10756.616 | T35: =S35-P35 -> -1443.3841 | U35: =T35/S35 -> -0.1341857 | V35: =(((C35*D35*E35)+(G35*H35*I35)+(K35*L35*M35))/1000000)*35.32 -> 1.0267524 | W35: =Q35/V35 -> 11.882125 | X35: Ok
A36: CT-NO-SQ | B36: SB | C36: 76 | D36: 76 | E36: 6 | F36: 13560 | O36: =V36*$O$2 -> 7.3442995 | P36: =F36+J36+N36 -> 13560 | Q36: =P36/1000 -> 13.56 | R36: =MAX(Q36,O36) -> 13.56 | S36: =VLOOKUP(A36,[1]Index!$E:$M,8,) -> 14621.767 | T36: =S36-P36 -> 1061.7672 | U36: =T36/S36 -> 0.07261552 | V36: =(((C36*D36*E36)+(G36*H36*I36)+(K36*L36*M36))/1000000)*35.32 -> 1.2240499 | W36: =Q36/V36 -> 11.07798 | X36: Ok
A37: CT-OL | B37: SB | C37: 85 | D37: 48 | E37: 8 | F37: 11500 | O37: =V37*$O$2 -> 6.9170688 | P37: =F37+J37+N37 -> 11500 | Q37: =P37/1000 -> 11.5 | R37: =MAX(Q37,O37) -> 11.5 | S37: =VLOOKUP(A37,[1]Index!$E:$M,8,) -> 11287.169 | T37: =S37-P37 -> -212.8311 | U37: =T37/S37 -> -0.018856021 | V37: =(((C37*D37*E37)+(G37*H37*I37)+(K37*L37*M37))/1000000)*35.32 -> 1.1528448 | W37: =Q37/V37 -> 9.9753237 | X37: phy. not avilable
A38: CT-OSN-OV | B38: SB | C38: 105 | D38: 65 | E38: 4 | F38: 96400 | O38: =V38*$O$2 -> 5.785416 | P38: =F38+J38+N38 -> 96400 | Q38: =P38/1000 -> 96.4 | R38: =MAX(Q38,O38) -> 96.4 | S38: =VLOOKUP(A38,[1]Index!$E:$M,8,) -> 8466.6325 | T38: =S38-P38 -> -87933.367 | U38: =T38/S38 -> -10.385873 | V38: =(((C38*D38*E38)+(G38*H38*I38)+(K38*L38*M38))/1000000)*35.32 -> 0.964236 | W38: =Q38/V38 -> 99.975525 | X38: phy. not avilable
A39: CT-OSN-RT | B39: SB | C39: 100 | D39: 50 | E39: 5 | F39: 8800 | O39: =V39*$O$2 -> 5.298 | P39: =F39+J39+N39 -> 8800 | Q39: =P39/1000 -> 8.8 | R39: =MAX(Q39,O39) -> 8.8 | S39: =VLOOKUP(A39,[1]Index!$E:$M,8,) -> 8494.1627 | T39: =S39-P39 -> -305.83728 | U39: =T39/S39 -> -0.036005582 | V39: =(((C39*D39*E39)+(G39*H39*I39)+(K39*L39*M39))/1000000)*35.32 -> 0.883 | W39: =Q39/V39 -> 9.9660249 | X39: phy. not avilable
A40: CT-SY | B40: SB | C40: 79 | D40: 66 | E40: 8 | F40: 11800 | O40: =V40*$O$2 -> 8.839607 | P40: =F40+J40+N40 -> 11800 | Q40: =P40/1000 -> 11.8 | R40: =MAX(Q40,O40) -> 11.8 | S40: =VLOOKUP(A40,[1]Index!$E:$M,8,) -> 11447.544 | T40: =S40-P40 -> -352.45617 | U40: =T40/S40 -> -0.030788803 | V40: =(((C40*D40*E40)+(G40*H40*I40)+(K40*L40*M40))/1000000)*35.32 -> 1.4732678 | W40: =Q40/V40 -> 8.0094058 | X40: Ok
A41: CT-TR-RT | B41: SB | C41: 97 | D41: 45 | E41: 8 | F41: 12200 | O41: =V41*$O$2 -> 7.4002464 | P41: =F41+J41+N41 -> 12200 | Q41: =P41/1000 -> 12.2 | R41: =MAX(Q41,O41) -> 12.2 | S41: =VLOOKUP(A41,[1]Index!$E:$M,8,) -> 12000 | T41: =S41-P41 -> -200 | U41: =T41/S41 -> -0.016666667 | V41: =(((C41*D41*E41)+(G41*H41*I41)+(K41*L41*M41))/1000000)*35.32 -> 1.2333744 | W41: =Q41/V41 -> 9.8915625 | X41: phy. not avilable
A42: CT-TR-RTS | B42: SB | C42: 110 | D42: 50 | E42: 5 | F42: 12750 | O42: =V42*$O$2 -> 5.8278 | P42: =F42+J42+N42 -> 12750 | Q42: =P42/1000 -> 12.75 | R42: =MAX(Q42,O42) -> 12.75 | S42: =VLOOKUP(A42,[1]Index!$E:$M,8,) -> 13032.699 | T42: =S42-P42 -> 282.69902 | U42: =T42/S42 -> 0.021691518 | V42: =(((C42*D42*E42)+(G42*H42*I42)+(K42*L42*M42))/1000000)*35.32 -> 0.9713 | W42: =Q42/V42 -> 13.126737 | X42: phy. not avilable
A43: CT-VC | B43: SB | C43: 88 | D43: 45 | E43: 9 | F43: 15400 | O43: =V43*$O$2 -> 7.5528288 | P43: =F43+J43+N43 -> 15400 | Q43: =P43/1000 -> 15.4 | R43: =MAX(Q43,O43) -> 15.4 | S43: =VLOOKUP(A43,[1]Index!$E:$M,8,) -> 15171.843 | T43: =S43-P43 -> -228.15658 | U43: =T43/S43 -> -0.015038158 | V43: =(((C43*D43*E43)+(G43*H43*I43)+(K43*L43*M43))/1000000)*35.32 -> 1.2588048 | W43: =Q43/V43 -> 12.233827 | X43: Ok
A44: DT-GRA | B44: SB | C44: 67 | D44: 40 | E44: 4 | F44: 5350 | O44: =V44*$O$2 -> 2.2717824 | P44: =F44+J44+N44 -> 5350 | Q44: =P44/1000 -> 5.35 | R44: =MAX(Q44,O44) -> 5.35 | S44: =VLOOKUP(A44,[1]Index!$E:$M,8,) -> 6383.7606 | T44: =S44-P44 -> 1033.7606 | U44: =T44/S44 -> 0.16193599 | V44: =(((C44*D44*E44)+(G44*H44*I44)+(K44*L44*M44))/1000000)*35.32 -> 0.3786304 | W44: =Q44/V44 -> 14.129874 | X44: phy. not avilable
A45: DT-HE-3 | B45: SB | C45: 85 | D45: 85 | E45: 5 | F45: 9920 | O45: =V45*$O$2 -> 7.65561 | P45: =F45+J45+N45 -> 9920 | Q45: =P45/1000 -> 9.92 | R45: =MAX(Q45,O45) -> 9.92 | S45: =VLOOKUP(A45,[1]Index!$E:$M,8,) -> 10388.342 | T45: =S45-P45 -> 468.34195 | U45: =T45/S45 -> 0.045083417 | V45: =(((C45*D45*E45)+(G45*H45*I45)+(K45*L45*M45))/1000000)*35.32 -> 1.275935 | W45: =Q45/V45 -> 7.7746907 | X45: phy. not avilable
A46: DT-HE-4 | B46: SB | C46: 157 | D46: 82 | E46: 6 | F46: 18350 | O46: =V46*$O$2 -> 16.369548 | P46: =F46+J46+N46 -> 18350 | Q46: =P46/1000 -> 18.35 | R46: =MAX(Q46,O46) -> 18.35 | S46: =VLOOKUP(A46,[1]Index!$E:$M,8,) -> 16426.759 | T46: =S46-P46 -> -1923.2405 | U46: =T46/S46 -> -0.11707973 | V46: =(((C46*D46*E46)+(G46*H46*I46)+(K46*L46*M46))/1000000)*35.32 -> 2.7282581 | W46: =Q46/V46 -> 6.7259033 | X46: Ok
A47: DT-MR | B47: SB | C47: 116 | D47: 40 | E47: 6 | F47: 6000 | O47: =V47*$O$2 -> 5.8998528 | P47: =F47+J47+N47 -> 6000 | Q47: =P47/1000 -> 6 | R47: =MAX(Q47,O47) -> 6 | S47: =VLOOKUP(A47,[1]Index!$E:$M,8,) -> 5647.0582 | T47: =S47-P47 -> -352.94185 | U47: =T47/S47 -> -0.062500126 | V47: =(((C47*D47*E47)+(G47*H47*I47)+(K47*L47*M47))/1000000)*35.32 -> 0.9833088 | W47: =Q47/V47 -> 6.1018472 | X47: phy. not avilable
... A97: S-CC | B97: SB | C97: 187 | D97: 43 | E97: 5 | F97: 14800 | O97: =V97*$O$2 -> 8.5202436 | P97: =F97+J97+N97 -> 14800 | Q97: =P97/1000 -> 14.8 | R97: =MAX(Q97,O97) -> 14.8 | S97: =VLOOKUP(A97,[1]Index!$E:$M,8,) -> 14955.153 | T97: =S97-P97 -> 155.15339 | U97: =T97/S97 -> 0.010374577 | V97: =(((C97*D97*E97)+(G97*H97*I97)+(K97*L97*M97))/1000000)*35.32 -> 1.4200406 | W97: =Q97/V97 -> 10.422237 | X97: phy. not avilable
A98: S-CK-2 | B98: SB | O98: =V98*$O$2 -> 0 | P98: =F98+J98+N98 -> 0 | Q98: =P98/1000 -> 0 | R98: =MAX(Q98,O98) -> 0 | S98: =VLOOKUP(A98,[1]Index!$E:$M,8,) -> 1054.4381 | T98: =S98-P98 -> 1054.4381 | U98: =T98/S98 -> 1 | V98: =(((C98*D98*E98)+(G98*H98*I98)+(K98*L98*M98))/1000000)*35.32 -> 0 | W98: =Q98/V98 -> #DIV/0! | X98: phy. not avilable
A99: S-CRN | B99: SB | C99: 97 | D99: 20 | E99: 10 | F99: 9320 | O99: =V99*$O$2 -> 4.111248 | P99: =F99+J99+N99 -> 9320 | Q99: =P99/1000 -> 9.32 | R99: =MAX(Q99,O99) -> 9.32 | S99: =VLOOKUP(A99,[1]Index!$E:$M,8,) -> #N/A | T99: =S99-P99 -> #N/A | U99: =T99/S99 -> #N/A | V99: =(((C99*D99*E99)+(G99*H99*I99)+(K99*L99*M99))/1000000)*35.32 -> 0.685208 | W99: =Q99/V99 -> 13.601709 | X99: phy. not avilable
A100: S-ETN | B100: SB | C100: 84 | D100: 19 | E100: 7 | F100: 4750 | O100: =V100*$O$2 -> 2.3675702 | P100: =F100+J100+N100 -> 4750 | Q100: =P100/1000 -> 4.75 | R100: =MAX(Q100,O100) -> 4.75 | S100: =VLOOKUP(A100,[1]Index!$E:$M,8,) -> 3956.1228 | T100: =S100-P100 -> -793.87723 | U100: =T100/S100 -> -0.20067052 | V100: =(((C100*D100*E100)+(G100*H100*I100)+(K100*L100*M100))/1000000)*35.32 -> 0.39459504 | W100: =Q100/V100 -> 12.037658 | X100: ok
A101: S-NE-W2 | B101: SB | O101: =V101*$O$2 -> 0 | P101: =F101+J101+N101 -> 0 | Q101: =P101/1000 -> 0 | R101: =MAX(Q101,O101) -> 0 | S101: =VLOOKUP(A101,[1]Index!$E:$M,8,) -> #N/A | T101: =S101-P101 -> #N/A | U101: =T101/S101 -> #N/A | V101: =(((C101*D101*E101)+(G101*H101*I101)+(K101*L101*M101))/1000000)*35.32 -> 0 | W101: =Q101/V101 -> #DIV/0! | X101: phy. not avilable
A102: S-GRB | B102: SB | C102: 68 | D102: 21 | E102: 8 | F102: 4850 | O102: =V102*$O$2 -> 2.4209741 | P102: =F102+J102+N102 -> 4850 | Q102: =P102/1000 -> 4.85 | R102: =MAX(Q102,O102) -> 4.85 | S102: =VLOOKUP(A102,[1]Index!$E:$M,8,) -> 4129.1912 | T102: =S102-P102 -> -720.80875 | U102: =T102/S102 -> -0.17456415 | V102: =(((C102*D102*E102)+(G102*H102*I102)+(K102*L102*M102))/1000000)*35.32 -> 0.40349568 | W102: =Q102/V102 -> 12.019955 | X102: phy. not avilable
A103: S-JVS | B103: SB | C103: 82 | D103: 20 | E103: 10 | F103: 7350 | O103: =V103*$O$2 -> 3.475488 | P103: =F103+J103+N103 -> 7350 | Q103: =P103/1000 -> 7.35 | R103: =MAX(Q103,O103) -> 7.35 | S103: =VLOOKUP(A103,[1]Index!$E:$M,8,) -> 6917 | T103: =S103-P103 -> -433 | U103: =T103/S103 -> -0.062599393 | V103: =(((C103*D103*E103)+(G103*H103*I103)+(K103*L103*M103))/1000000)*35.32 -> 0.579248 | W103: =Q103/V103 -> 12.688866 | X103: ok
A104: S-LO | B104: SB | C104: 110 | D104: 21 | E104: 4 | F104: 3750 | O104: =V104*$O$2 -> 1.9581408 | P104: =F104+J104+N104 -> 3750 | Q104: =P104/1000 -> 3.75 | R104: =MAX(Q104,O104) -> 3.75 | S104: =VLOOKUP(A104,[1]Index!$E:$M,8,) -> #REF! | T104: =S104-P104 -> #REF! | U104: =T104/S104 -> #REF! | V104: =(((C104*D104*E104)+(G104*H104*I104)+(K104*L104*M104))/1000000)*35.32 -> 0.3263568 | W104: =Q104/V104 -> 11.490491 | X104: ok
A105: S-MO-3 | B105: SB | C105: 27.5 | D105: 27.5 | E105: 17.5 | F105: 3000 | O105: =V105*$O$2 -> 2.8046288 | P105: =F105+J105+N105 -> 3000 | Q105: =P105/1000 -> 3 | R105: =MAX(Q105,O105) -> 3 | S105: =VLOOKUP(A105,[1]Index!$E:$M,8,) -> 3004.0621 | T105: =S105-P105 -> 4.062102 | U105: =T105/S105 -> 0.0013522031 | V105: =(((C105*D105*E105)+(G105*H105*I105)+(K105*L105*M105))/1000000)*35.32 -> 0.46743812 | W105: =Q105/V105 -> 6.4179617 | X105: phy. not avilable
A106: S-MO-5 | B106: SB | C106: 25 | D106: 25 | E106: 18 | F106: 4000 | O106: =V106*$O$2 -> 2.3841 | P106: =F106+J106+N106 -> 4000 | Q106: =P106/1000 -> 4 | R106: =MAX(Q106,O106) -> 4 | S106: =VLOOKUP(A106,[1]Index!$E:$M,8,) -> 4335.235 | T106: =S106-P106 -> 335.23502 | U106: =T106/S106 -> 0.077327993 | V106: =(((C106*D106*E106)+(G106*H106*I106)+(K106*L106*M106))/1000000)*35.32 -> 0.39735 | W106: =Q106/V106 -> 10.066692 | X106: phy. not avilable
A107: S-PTE | B107: SB | C107: 143 | D107: 20 | E107: 8 | F107: 11500 | O107: =V107*$O$2 -> 4.8487296 | P107: =F107+J107+N107 -> 11500 | Q107: =P107/1000 -> 11.5 | R107: =MAX(Q107,O107) -> 11.5 | S107: =VLOOKUP(A107,[1]Index!$E:$M,8,) -> 10495.436 | T107: =S107-P107 -> -1004.5636 | U107: =T107/S107 -> -0.095714323 | V107: =(((C107*D107*E107)+(G107*H107*I107)+(K107*L107*M107))/1000000)*35.32 -> 0.8081216 | W107: =Q107/V107 -> 14.230532 | X107: ok
A108: SR-BKN-2 | B108: SB | C108: 152 | D108: 58 | E108: 9 | F108: 32810 | O108: =V108*$O$2 -> 16.81458 | P108: =F108+J108+N108 -> 32810 | Q108: =P108/1000 -> 32.81 | R108: =MAX(Q108,O108) -> 32.81 | S108: =VLOOKUP(A108,[1]Index!$E:$M,8,) -> 22110.985 | T108: =S108-P108 -> -10699.015 | U108: =T108/S108 -> -0.48387782 | V108: =(((C108*D108*E108)+(G108*H108*I108)+(K108*L108*M108))/1000000)*35.32 -> 2.8024301 | W108: =Q108/V108 -> 11.707696 | X108: Pending
A109: SR-CLM-2 | B109: SB | C109: 81 | D109: 42 | E109: 13 | F109: 18350 | O109: =V109*$O$2 -> 9.3723739 | P109: =F109+J109+N109 -> 18350 | Q109: =P109/1000 -> 18.35 | R109: =MAX(Q109,O109) -> 18.35 | S109: =VLOOKUP(A109,[1]Index!$E:$M,8,) -> 17032.668 | T109: =S109-P109 -> -1317.3317 | U109: =T109/S109 -> -0.077341474 | V109: =(((C109*D109*E109)+(G109*H109*I109)+(K109*L109*M109))/1000000)*35.32 -> 1.5620623 | W109: =Q109/V109 -> 11.747291 | X109: ok
A110: SR-CLM-3 | B110: SB | C110: 128 | D110: 43 | E110: 11 | F110: 29800 | O110: =V110*$O$2 -> 12.830484 | P110: =F110+J110+N110 -> 29800 | Q110: =P110/1000 -> 29.8 | R110: =MAX(Q110,O110) -> 29.8 | S110: =VLOOKUP(A110,[1]Index!$E:$M,8,) -> 25230.272 | T110: =S110-P110 -> -4569.7277 | U110: =T110/S110 -> -0.18112083 | V110: =(((C110*D110*E110)+(G110*H110*I110)+(K110*L110*M110))/1000000)*35.32 -> 2.1384141 | W110: =Q110/V110 -> 13.935561 | X110: ok
A111: SR-KPN | B111: SB | C111: 147 | D111: 39 | E111: 12 | F111: 34850 | O111: =V111*$O$2 -> 14.579248 | P111: =F111+J111+N111 -> 34850 | Q111: =P111/1000 -> 34.85 | R111: =MAX(Q111,O111) -> 34.85 | S111: =VLOOKUP(A111,[1]Index!$E:$M,8,) -> 30950.8 | T111: =S111-P111 -> -3899.1997 | U111: =T111/S111 -> -0.12598058 | V111: =(((C111*D111*E111)+(G111*H111*I111)+(K111*L111*M111))/1000000)*35.32 -> 2.4298747 | W111: =Q111/V111 -> 14.342303 | X111: ok
A112: SR-KPN-3 | B112: SB | C112: 148 | D112: 40 | E112: 12 | F112: 34000 | O112: =V112*$O$2 -> 15.054797 | P112: =F112+J112+N112 -> 34000 | Q112: =P112/1000 -> 34 | R112: =MAX(Q112,O112) -> 34 | S112: =VLOOKUP(A112,[1]Index!$E:$M,8,) -> 39100.259 | T112: =S112-P112 -> 5100.2593 | U112: =T112/S112 -> 0.13044055 | V112: =(((C112*D112*E112)+(G112*H112*I112)+(K112*L112*M112))/1000000)*35.32 -> 2.5091328 | W112: =Q112/V112 -> 13.550498 | X112: NF
A113: SR-KPN-FW | B113: SB | C113: 147 | D113: 40 | E113: 12 | F113: 34600 | O113: =V113*$O$2 -> 14.953075 | P113: =F113+J113+N113 -> 34600 | Q113: =P113/1000 -> 34.6 | R113: =MAX(Q113,O113) -> 34.6 | S113: =VLOOKUP(A113,[1]Index!$E:$M,8,) -> #N/A | T113: =S113-P113 -> #N/A | U113: =T113/S113 -> #N/A | V113: =(((C113*D113*E113)+(G113*H113*I113)+(K113*L113*M113))/1000000)*35.32 -> 2.4921792 | W113: =Q113/V113 -> 13.883432 | X113: phy. not avilable
... A124: ST-ENI-LA | B124: SB | C124: 116 | D124: 60 | E124: 6 | F124: 15500 | O124: =V124*$O$2 -> 8.8497792 | P124: =F124+J124+N124 -> 15500 | Q124: =P124/1000 -> 15.5 | R124: =MAX(Q124,O124) -> 15.5 | S124: =VLOOKUP(A124,[1]Index!$E:$M,8,) -> #N/A | T124: =S124-P124 -> #N/A | U124: =T124/S124 -> #N/A | V124: =(((C124*D124*E124)+(G124*H124*I124)+(K124*L124*M124))/1000000)*35.32 -> 1.4749632 | W124: =Q124/V124 -> 10.508737 | X124: phy. not avilable
A125: ST-ENI-ST | B125: SB | O125: =V125*$O$2 -> 0 | P125: =F125+J125+N125 -> 0 | Q125: =P125/1000 -> 0 | R125: =MAX(Q125,O125) -> 0 | S125: =VLOOKUP(A125,[1]Index!$E:$M,8,) -> #N/A | T125: =S125-P125 -> #N/A | U125: =T125/S125 -> #N/A | V125: =(((C125*D125*E125)+(G125*H125*I125)+(K125*L125*M125))/1000000)*35.32 -> 0 | W125: =Q125/V125 -> #DIV/0! | X125: phy. not avilable
A126: ST-GSE-ST | B126: SB | C126: 97 | D126: 58 | E126: 5 | F126: 10805 | O126: =V126*$O$2 -> 5.9613096 | P126: =F126+J126+N126 -> 10805 | Q126: =P126/1000 -> 10.805 | R126: =MAX(Q126,O126) -> 10.805 | S126: =VLOOKUP(A126,[1]Index!$E:$M,8,) -> 9918.8896 | T126: =S126-P126 -> -886.11045 | U126: =T126/S126 -> -0.08933565 | V126: =(((C126*D126*E126)+(G126*H126*I126)+(K126*L126*M126))/1000000)*35.32 -> 0.9935516 | W126: =Q126/V126 -> 10.875127 | X126: ok
A127: ST-GSE-WMS | B127: SB | C127: 87 | D127: 59 | E127: 5 | F127: 6415 | O127: =V127*$O$2 -> 5.4389268 | P127: =F127+J127+N127 -> 6415 | Q127: =P127/1000 -> 6.415 | R127: =MAX(Q127,O127) -> 6.415 | S127: =VLOOKUP(A127,[1]Index!$E:$M,8,) -> 6633.0811 | T127: =S127-P127 -> 218.08111 | U127: =T127/S127 -> 0.032877799 | V127: =(((C127*D127*E127)+(G127*H127*I127)+(K127*L127*M127))/1000000)*35.32 -> 0.9064878 | W127: =Q127/V127 -> 7.0767637 | X127: phy. not avilable
A128: ST-HE | B128: SB | C128: 87 | D128: 58 | E128: 5 | F128: 6900 | O128: =V128*$O$2 -> 5.3467416 | P128: =F128+J128+N128 -> 6900 | Q128: =P128/1000 -> 6.9 | R128: =MAX(Q128,O128) -> 6.9 | S128: =VLOOKUP(A128,[1]Index!$E:$M,8,) -> 7126.2317 | T128: =S128-P128 -> 226.23166 | U128: =T128/S128 -> 0.031746325 | V128: =(((C128*D128*E128)+(G128*H128*I128)+(K128*L128*M128))/1000000)*35.32 -> 0.8911236 | W128: =Q128/V128 -> 7.7430336 | X128: ok
A129: ST-HES | B129: SB | C129: 86 | D129: 66 | E129: 5 | F129: 10210 | O129: =V129*$O$2 -> 6.0142896 | P129: =F129+J129+N129 -> 10210 | Q129: =P129/1000 -> 10.21 | R129: =MAX(Q129,O129) -> 10.21 | S129: =VLOOKUP(A129,[1]Index!$E:$M,8,) -> 8484.8913 | T129: =S129-P129 -> -1725.1087 | U129: =T129/S129 -> -0.20331536 | V129: =(((C129*D129*E129)+(G129*H129*I129)+(K129*L129*M129))/1000000)*35.32 -> 1.0023816 | W129: =Q129/V129 -> 10.185742 | X129: ok
A130: ST-MLM-L | B130: SB | C130: 110 | D130: 45 | E130: 8 | F130: 17500 | O130: =V130*$O$2 -> 8.392032 | P130: =F130+J130+N130 -> 17500 | Q130: =P130/1000 -> 17.5 | R130: =MAX(Q130,O130) -> 17.5 | S130: =VLOOKUP(A130,[1]Index!$E:$M,8,) -> 19120.121 | T130: =S130-P130 -> 1620.1214 | U130: =T130/S130 -> 0.084733846 | V130: =(((C130*D130*E130)+(G130*H130*I130)+(K130*L130*M130))/1000000)*35.32 -> 1.398672 | W130: =Q130/V130 -> 12.511868 | X130: ok
A131: ST-MLM-N | B131: SB | C131: 110 | D131: 46 | E131: 8 | F131: 18450 | O131: =V131*$O$2 -> 8.5785216 | P131: =F131+J131+N131 -> 18450 | Q131: =P131/1000 -> 18.45 | R131: =MAX(Q131,O131) -> 18.45 | S131: =VLOOKUP(A131,[1]Index!$E:$M,8,) -> 17683.295 | T131: =S131-P131 -> -766.70454 | U131: =T131/S131 -> -0.04335756 | V131: =(((C131*D131*E131)+(G131*H131*I131)+(K131*L131*M131))/1000000)*35.32 -> 1.4297536 | W131: =Q131/V131 -> 12.904321 | X131: ok
A132: ST-RE | B132: SB | C132: 97 | D132: 50 | E132: 7 | F132: 17600 | O132: =V132*$O$2 -> 7.194684 | P132: =F132+J132+N132 -> 17600 | Q132: =P132/1000 -> 17.6 | R132: =MAX(Q132,O132) -> 17.6 | S132: =VLOOKUP(A132,[1]Index!$E:$M,8,) -> 16988.62 | T132: =S132-P132 -> -611.38037 | U132: =T132/S132 -> -0.035987643 | V132: =(((C132*D132*E132)+(G132*H132*I132)+(K132*L132*M132))/1000000)*35.32 -> 1.199114 | W132: =Q132/V132 -> 14.677504 | X132: ok
A133: S-XD | B133: SB | C133: 95 | D133: 22 | E133: 12 | F133: 2600 | O133: =V133*$O$2 -> 5.3149536 | P133: =F133+J133+N133 -> 2600 | Q133: =P133/1000 -> 2.6 | R133: =MAX(Q133,O133) -> 5.3149536 | S133: =VLOOKUP(A133,[1]Index!$E:$M,8,) -> 8246 | T133: =S133-P133 -> 5646 | U133: =T133/S133 -> 0.68469561 | V133: =(((C133*D133*E133)+(G133*H133*I133)+(K133*L133*M133))/1000000)*35.32 -> 0.8858256 | W133: =Q133/V133 -> 2.935115 | X133: ok
A134: TS-NV | B134: SB | C134: 55 | D134: 29 | E134: 8 | O134: =V134*$O$2 -> 2.7040992 | P134: =F134+J134+N134 -> 0 | Q134: =P134/1000 -> 0 | R134: =MAX(Q134,O134) -> 2.7040992 | S134: =VLOOKUP(A134,[1]Index!$E:$M,8,) -> #N/A | T134: =S134-P134 -> #N/A | U134: =T134/S134 -> #N/A | V134: =(((C134*D134*E134)+(G134*H134*I134)+(K134*L134*M134))/1000000)*35.32 -> 0.4506832 | W134: =Q134/V134 -> 0 | X134: phy. not avilable
A135: TS-NL | B135: SB | C135: 36 | D135: 25 | E135: 4 | F135: 12500 | O135: =V135*$O$2 -> 0.762912 | P135: =F135+J135+N135 -> 12500 | Q135: =P135/1000 -> 12.5 | R135: =MAX(Q135,O135) -> 12.5 | S135: =VLOOKUP(A135,[1]Index!$E:$M,8,) -> 1083.4392 | T135: =S135-P135 -> -11416.561 | U135: =T135/S135 -> -10.537334 | V135: =(((C135*D135*E135)+(G135*H135*I135)+(K135*L135*M135))/1000000)*35.32 -> 0.127152 | W135: =Q135/V135 -> 98.307537 | X135: ok
A136: TS-NL-A | B136: SB | C136: 36 | D136: 25 | E136: 4 | F136: 1900 | O136: =V136*$O$2 -> 0.762912 | P136: =F136+J136+N136 -> 1900 | Q136: =P136/1000 -> 1.9 | R136: =MAX(Q136,O136) -> 1.9 | S136: =VLOOKUP(A136,[1]Index!$E:$M,8,) -> 1281.1014 | T136: =S136-P136 -> -618.89863 | U136: =T136/S136 -> -0.48309888 | V136: =(((C136*D136*E136)+(G136*H136*I136)+(K136*L136*M136))/1000000)*35.32 -> 0.127152 | W136: =Q136/V136 -> 14.942746 | X136: ok
A137: TU-ARO-LA | B137: SB | C137: 46 | D137: 35 | E137: 9 | F137: 6860 | O137: =V137*$O$2 -> 3.0707208 | P137: =F137+J137+N137 -> 6860 | Q137: =P137/1000 -> 6.86 | R137: =MAX(Q137,O137) -> 6.86 | S137: =VLOOKUP(A137,[1]Index!$E:$M,8,) -> 6535.6483 | T137: =S137-P137 -> -324.35172 | U137: =T137/S137 -> -0.049628087 | V137: =(((C137*D137*E137)+(G137*H137*I137)+(K137*L137*M137))/1000000)*35.32 -> 0.5117868 | W137: =Q137/V137 -> 13.404019 | X137: ok
A138: TU-ATD | B138: SB | C138: 175 | D138: 41 | E138: 7 | F138: 23150 | O138: =V138*$O$2 -> 10.643682 | P138: =F138+J138+N138 -> 23150 | Q138: =P138/1000 -> 23.15 | R138: =MAX(Q138,O138) -> 23.15 | S138: =VLOOKUP(A138,[1]Index!$E:$M,8,) -> 20048.157 | T138: =S138-P138 -> -3101.8429 | U138: =T138/S138 -> -0.1547196 | V138: =(((C138*D138*E138)+(G138*H138*I138)+(K138*L138*M138))/1000000)*35.32 -> 1.773947 | W138: =Q138/V138 -> 13.049995 | X138: ok
A139: TU-CBR-LA | B139: SB | C139: 117 | D139: 28 | E139: 6 | F139: 8850 | O139: =V139*$O$2 -> 4.1654995 | P139: =F139+J139+N139 -> 8850 | Q139: =P139/1000 -> 8.85 | R139: =MAX(Q139,O139) -> 8.85 | S139: =VLOOKUP(A139,[1]Index!$E:$M,8,) -> 8298.5045 | T139: =S139-P139 -> -551.49554 | U139: =T139/S139 -> -0.06645722 | V139: =(((C139*D139*E139)+(G139*H139*I139)+(K139*L139*M139))/1000000)*35.32 -> 0.69424992 | W139: =Q139/V139 -> 12.747571 | X139: ok
A140: TU-CRL | B140: SB | C140: 144 | D140: 40 | E140: 10 | F140: 30000 | O140: =V140*$O$2 -> 12.206592 | P140: =F140+J140+N140 -> 30000 | Q140: =P140/1000 -> 30 | R140: =MAX(Q140,O140) -> 30 | S140: =VLOOKUP(A140,[1]Index!$E:$M,8,) -> 24666.918 | T140: =S140-P140 -> -5333.0821 | U140: =T140/S140 -> -0.21620383 | V140: =(((C140*D140*E140)+(G140*H140*I140)+(K140*L140*M140))/1000000)*35.32 -> 2.034432 | W140: =Q140/V140 -> 14.746131 | X140: ok
A141: TU-ETY-LA | B141: SB | C141: 127 | D141: 34 | E141: 8 | F141: 14700 | O141: =V141*$O$2 -> 7.3205645 | P141: =F141+J141+N141 -> 14700 | Q141: =P141/1000 -> 14.7 | R141: =MAX(Q141,O141) -> 14.7 | S141: =VLOOKUP(A141,[1]Index!$E:$M,8,) -> 13855.265 | T141: =S141-P141 -> -844.73469 | U141: =T141/S141 -> -0.060968496 | V141: =(((C141*D141*E141)+(G141*H141*I141)+(K141*L141*M141))/1000000)*35.32 -> 1.2200941 | W141: =Q141/V141 -> 12.048251 | X141: ok
A142: TU-ETY-M | B142: SB | C142: 99 | D142: 27 | E142: 6 | F142: 6600 | O142: =V142*$O$2 -> 3.398773 | P142: =F142+J142+N142 -> 6600 | Q142: =P142/1000 -> 6.6 | R142: =MAX(Q142,O142) -> 6.6 | S142: =VLOOKUP(A142,[1]Index!$E:$M,8,) -> 5655.1775 | T142: =S142-P142 -> -944.8225 | U142: =T142/S142 -> -0.16707212 | V142: =(((C142*D142*E142)+(G142*H142*I142)+(K142*L142*M142))/1000000)*35.32 -> 0.56646216 | W142: =Q142/V142 -> 11.651264 | X142: ok
A143: TU-ETY-ST | B143: SB | C143: 97 | D143: 28 | E143: 9 | F143: 11150 | O143: =V143*$O$2 -> 5.1801725 | P143: =F143+J143+N143 -> 11150 | Q143: =P143/1000 -> 11.15 | R143: =MAX(Q143,O143) -> 11.15 | S143: =VLOOKUP(A143,[1]Index!$E:$M,8,) -> 11053.271 | T143: =S143-P143 -> -96.728768 | U143: =T143/S143 -> -0.008751144 | V143: =(((C143*D143*E143)+(G143*H143*I143)+(K143*L143*M143))/1000000)*35.32 -> 0.86336208 | W143: =Q143/V143 -> 12.914628 | X143: ok
A144: TU-FL | B144: MB | C144: 228 | D144: 46 | E144: 9 | F144: 49050 | G144: 148 | H144: 26 | I144: 9 | J144: 19850 | K144: 158 | L144: 29 | M144: 7 | N144: 15000 | O144: =V144*$O$2 -> 34.139888 | P144: =F144+J144+N144 -> 83900 | Q144: =P144/1000 -> 83.9 | R144: =MAX(Q144,O144) -> 83.9 | S144: =VLOOKUP(A144,[1]Index!$E:$M,8,) -> 71563.039 | T144: =S144-P144 -> -12336.961 | U144: =T144/S144 -> -0.17239292 | V144: =(((C144*D144*E144)+(G144*H144*I144)+(K144*L144*M144))/1000000)*35.32 -> 5.6899814 | W144: =Q144/V144 -> 14.745215 | X144: ok
A145: TU-GAU | B145: SB | C145: 91 | D145: 53 | E145: 9 | F145: 19750 | O145: =V145*$O$2 -> 9.1988114 | P145: =F145+J145+N145 -> 19750 | Q145: =P145/1000 -> 19.75 | R145: =MAX(Q145,O145) -> 19.75 | S145: =VLOOKUP(A145,[1]Index!$E:$M,8,) -> 19574 | T145: =S145-P145 -> -176 | U145: =T145/S145 -> -0.0089915194 | V145: =(((C145*D145*E145)+(G145*H145*I145)+(K145*L145*M145))/1000000)*35.32 -> 1.5331352 | W145: =Q145/V145 -> 12.882099 | X145: ok
A146: TU-HMD | B146: SB | C146: 153 | D146: 45 | E146: 9 | F146: 30700 | O146: =V146*$O$2 -> 13.131623 | P146: =F146+J146+N146 -> 30700 | Q146: =P146/1000 -> 30.7 | R146: =MAX(Q146,O146) -> 30.7 | S146: =VLOOKUP(A146,[1]Index!$E:$M,8,) -> 28017.144 | T146: =S146-P146 -> -2682.8556 | U146: =T146/S146 -> -0.095757637 | V146: =(((C146*D146*E146)+(G146*H146*I146)+(K146*L146*M146))/1000000)*35.32 -> 2.1886038 | W146: =Q146/V146 -> 14.027208 | X146: ok
A147: TU-KU-LA | B147: SB | C147: 145 | D147: 30 | E147: 7 | F147: 15050 | O147: =V147*$O$2 -> 6.452964 | P147: =F147+J147+N147 -> 15050 | Q147: =P147/1000 -> 15.05 | R147: =MAX(Q147,O147) -> 15.05 | S147: =VLOOKUP(A147,[1]Index!$E:$M,8,) -> 12739.11 | T147: =S147-P147 -> -2310.8897 | U147: =T147/S147 -> -0.18140118 | V147: =(((C147*D147*E147)+(G147*H147*I147)+(K147*L147*M147))/1000000)*35.32 -> 1.075494 | W147: =Q147/V147 -> 13.993569 | X147: phy. not avilable
A148: TU-KU-ST | B148: SB | C148: 70 | D148: 30 | E148: 6 | F148: 3310 | O148: =V148*$O$2 -> 2.670192 | P148: =F148+J148+N148 -> 3310 | Q148: =P148/1000 -> 3.31 | R148: =MAX(Q148,O148) -> 3.31 | S148: =VLOOKUP(A148,[1]Index!$E:$M,8,) -> 6355.8932 | T148: =S148-P148 -> 3045.8932 | U148: =T148/S148 -> 0.47922347 | V148: =(((C148*D148*E148)+(G148*H148*I148)+(K148*L148*M148))/1000000)*35.32 -> 0.445032 | W148: =Q148/V148 -> 7.4376674 | X148: phy. not avilable
A149: TU-KVD-LA | B149: SB | C149: 97 | D149: 30 | E149: 6 | F149: 4800 | O149: =V149*$O$2 -> 3.7001232 | P149: =F149+J149+N149 -> 4800 | Q149: =P149/1000 -> 4.8 | R149: =MAX(Q149,O149) -> 4.8 | S149: =VLOOKUP(A149,[1]Index!$E:$M,8,) -> 1658.5727 | T149: =S149-P149 -> -3141.4273 | U149: =T149/S149 -> -1.8940546 | V149: =(((C149*D149*E149)+(G149*H149*I149)+(K149*L149*M149))/1000000)*35.32 -> 0.6166872 | W149: =Q149/V149 -> 7.7835246 | X149: ok
A150: TU-KVD-ST | B150: SB | C150: 65 | D150: 28 | E150: 5 | F150: 3500 | O150: =V150*$O$2 -> 1.928472 | P150: =F150+J150+N150 -> 3500 | Q150: =P150/1000 -> 3.5 | R150: =MAX(Q150,O150) -> 3.5 | S150: =VLOOKUP(A150,[1]Index!$E:$M,8,) -> 1429.1156 | T150: =S150-P150 -> -2070.8844 | U150: =T150/S150 -> -1.449067 | V150: =(((C150*D150*E150)+(G150*H150*I150)+(K150*L150*M150))/1000000)*35.32 -> 0.321412 | W150: =Q150/V150 -> 10.88945 | X150: ok
A151: TU-LE | B151: SB | C151: 125 | D151: 42 | E151: 8 | F151: 16900 | O151: =V151*$O$2 -> 8.90064 | P151: =F151+J151+N151 -> 16900 | Q151: =P151/1000 -> 16.9 | R151: =MAX(Q151,O151) -> 16.9 | S151: =VLOOKUP(A151,[1]Index!$E:$M,8,) -> 16103.084 | T151: =S151-P151 -> -796.91601 | U151: =T151/S151 -> -0.049488409 | V151: =(((C151*D151*E151)+(G151*H151*I151)+(K151*L151*M151))/1000000)*35.32 -> 1.48344 | W151: =Q151/V151 -> 11.392439 | X151: phy. not avilable
A152: TU-MA-LA | B152: SB | C152: 96 | D152: 30 | E152: 4 | F152: 5200 | O152: =V152*$O$2 -> 2.4413184 | P152: =F152+J152+N152 -> 5200 | Q152: =P152/1000 -> 5.2 | R152: =MAX(Q152,O152) -> 5.2 | S152: =VLOOKUP(A152,[1]Index!$E:$M,8,) -> 5448 | T152: =S152-P152 -> 248 | U152: =T152/S152 -> 0.045521292 | V152: =(((C152*D152*E152)+(G152*H152*I152)+(K152*L152*M152))/1000000)*35.32 -> 0.4068864 | W152: =Q152/V152 -> 12.77998 | X152: ok
A153: TU-MA-ST | B153: SB | C153: 67 | D153: 29 | E153: 4 | F153: 3200 | O153: =V153*$O$2 -> 1.6470422 | P153: =F153+J153+N153 -> 3200 | Q153: =P153/1000 -> 3.2 | R153: =MAX(Q153,O153) -> 3.2 | S153: =VLOOKUP(A153,[1]Index!$E:$M,8,) -> 4182 | T153: =S153-P153 -> 982 | U153: =T153/S153 -> 0.23481588 | V153: =(((C153*D153*E153)+(G153*H153*I153)+(K153*L153*M153))/1000000)*35.32 -> 0.27450704 | W153: =Q153/V153 -> 11.65726 | X153: ok
A154: TU-MLE | B154: SB | C154: 125 | D154: 34 | E154: 6 | F154: 8750 | O154: =V154*$O$2 -> 5.40396 | P154: =F154+J154+N154 -> 8750 | Q154: =P154/1000 -> 8.75 | R154: =MAX(Q154,O154) -> 8.75 | S154: =VLOOKUP(A154,[1]Index!$E:$M,8,) -> 3700.9682 | T154: =S154-P154 -> -5049.0318 | U154: =T154/S154 -> -1.3642462 | V154: =(((C154*D154*E154)+(G154*H154*I154)+(K154*L154*M154))/1000000)*35.32 -> 0.90066 | W154: =Q154/V154 -> 9.7150978 | X154: phy. not avilable
A155: TU-NVH-M | B155: SB | C155: 127 | D155: 46 | E155: 7 | F155: 22400 | O155: =V155*$O$2 -> 8.6662565 | P155: =F155+J155+N155 -> 22400 | Q155: =P155/1000 -> 22.4 | R155: =MAX(Q155,O155) -> 22.4 | S155: =VLOOKUP(A155,[1]Index!$E:$M,8,) -> 20079.079 | T155: =S155-P155 -> -2320.9212 | U155: =T155/S155 -> -0.11558903 | V155: =(((C155*D155*E155)+(G155*H155*I155)+(K155*L155*M155))/1000000)*35.32 -> 1.4443761 | W155: =Q155/V155 -> 15.508426 | X155: phy. not avilable
A156: TU-OL | B156: SB | C156: 116 | D156: 9 | E156: 7 | F156: 12250 | O156: =V156*$O$2 -> 1.5487114 | P156: =F156+J156+N156 -> 12250 | Q156: =P156/1000 -> 12.25 | R156: =MAX(Q156,O156) -> 12.25 | S156: =VLOOKUP(A156,[1]Index!$E:$M,8,) -> 12126.539 | T156: =S156-P156 -> -123.46124 | U156: =T156/S156 -> -0.010181078 | V156: =(((C156*D156*E156)+(G156*H156*I156)+(K156*L156*M156))/1000000)*35.32 -> 0.25811856 | W156: =Q156/V156 -> 47.458811 | X156: ok
... A159: TU-PM-LA | B159: SB | C159: 164 | D159: 33 | E159: 6 | F159: 15600 | O159: =V159*$O$2 -> 6.8814662 | P159: =F159+J159+N159 -> 15600 | Q159: =P159/1000 -> 15.6 | R159: =MAX(Q159,O159) -> 15.6 | S159: =VLOOKUP(A159,[1]Index!$E:$M,8,) -> 15550.433 | T159: =S159-P159 -> -49.567144 | U159: =T159/S159 -> -0.0031875089 | V159: =(((C159*D159*E159)+(G159*H159*I159)+(K159*L159*M159))/1000000)*35.32 -> 1.146911 | W159: =Q159/V159 -> 13.601752 | X159: phy. not avilable
A160: TU-PMN-ST | B160: SB | O160: =V160*$O$2 -> 0 | P160: =F160+J160+N160 -> 0 | Q160: =P160/1000 -> 0 | R160: =MAX(Q160,O160) -> 0 | S160: =VLOOKUP(A160,[1]Index!$E:$M,8,) -> 15087.442 | T160: =S160-P160 -> 15087.442 | U160: =T160/S160 -> 1 | V160: =(((C160*D160*E160)+(G160*H160*I160)+(K160*L160*M160))/1000000)*35.32 -> 0 | W160: =Q160/V160 -> #DIV/0! | X160: phy. not avilable
A161: TU-PMP-L | B161: SB | C161: 164 | D161: 20 | E161: 9 | F161: 20600 | O161: =V161*$O$2 -> 6.2558784 | P161: =F161+J161+N161 -> 20600 | Q161: =P161/1000 -> 20.6 | R161: =MAX(Q161,O161) -> 20.6 | S161: =VLOOKUP(A161,[1]Index!$E:$M,8,) -> 18770.268 | T161: =S161-P161 -> -1829.732 | U161: =T161/S161 -> -0.097480333 | V161: =(((C161*D161*E161)+(G161*H161*I161)+(K161*L161*M161))/1000000)*35.32 -> 1.0426464 | W161: =Q161/V161 -> 19.757417 | X161: phy. not avilable
A162: TU-PMP-S | B162: SB | O162: =V162*$O$2 -> 0 | P162: =F162+J162+N162 -> 0 | Q162: =P162/1000 -> 0 | R162: =MAX(Q162,O162) -> 0 | S162: =VLOOKUP(A162,[1]Index!$E:$M,8,) -> 18534.572 | T162: =S162-P162 -> 18534.572 | U162: =T162/S162 -> 1 | V162: =(((C162*D162*E162)+(G162*H162*I162)+(K162*L162*M162))/1000000)*35.32 -> 0 | W162: =Q162/V162 -> #DIV/0! | X162: phy. not avilable
A163: TU-PMS-LA | B163: SB | C163: 165 | D163: 33 | E163: 5 | F163: 11750 | O163: =V163*$O$2 -> 5.769522 | P163: =F163+J163+N163 -> 11750 | Q163: =P163/1000 -> 11.75 | R163: =MAX(Q163,O163) -> 11.75 | S163: =VLOOKUP(A163,[1]Index!$E:$M,8,) -> 11078.008 | T163: =S163-P163 -> -671.99163 | U163: =T163/S163 -> -0.060659967 | V163: =(((C163*D163*E163)+(G163*H163*I163)+(K163*L163*M163))/1000000)*35.32 -> 0.961587 | W163: =Q163/V163 -> 12.219383 | X163: ok
A164: TU-PMS-ST | B164: SB | C164: 137 | D164: 30 | E164: 6 | F164: 8760 | O164: =V164*$O$2 -> 5.2259472 | P164: =F164+J164+N164 -> 8760 | Q164: =P164/1000 -> 8.76 | R164: =MAX(Q164,O164) -> 8.76 | S164: =VLOOKUP(A164,[1]Index!$E:$M,8,) -> 8735.3526 | T164: =S164-P164 -> -24.647433 | U164: =T164/S164 -> -0.0028215728 | V164: =(((C164*D164*E164)+(G164*H164*I164)+(K164*L164*M164))/1000000)*35.32 -> 0.8709912 | W164: =Q164/V164 -> 10.057507 | X164: ok
A165: TU-PM-ST | B165: SB | C165: 136 | D165: 33 | E165: 8 | F165: 12100 | O165: =V165*$O$2 -> 7.6087757 | P165: =F165+J165+N165 -> 12100 | Q165: =P165/1000 -> 12.1 | R165: =MAX(Q165,O165) -> 12.1 | S165: =VLOOKUP(A165,[1]Index!$E:$M,8,) -> 11839.264 | T165: =S165-P165 -> -260.7357 | U165: =T165/S165 -> -0.022022964 | V165: =(((C165*D165*E165)+(G165*H165*I165)+(K165*L165*M165))/1000000)*35.32 -> 1.2681293 | W165: =Q165/V165 -> 9.5416139 | X165: ok
A166: TU-PR | B166: SB | C166: 127 | D166: 30 | E166: 6 | F166: 8360 | O166: =V166*$O$2 -> 4.8444912 | P166: =F166+J166+N166 -> 8360 | Q166: =P166/1000 -> 8.36 | R166: =MAX(Q166,O166) -> 8.36 | S166: =VLOOKUP(A166,[1]Index!$E:$M,8,) -> 7098.1725 | T166: =S166-P166 -> -1261.8275 | U166: =T166/S166 -> -0.17776794 | V166: =(((C166*D166*E166)+(G166*H166*I166)+(K166*L166*M166))/1000000)*35.32 -> 0.8074152 | W166: =Q166/V166 -> 10.354029 | X166: ok
...

Sheet Audit VAR
A1: MANUAL ENTRIES HERE | C1: Box 1 Dimension Details | G1: Box 2 Dimension Details | K1: Box 3 Dimension Details | O1: Total Weight
C2: Long | D2: Med | E2: Smal | F2: Actual.Wht | G2: Long | H2: Med | I2: Smal | J2: Actual.Wht | K2: Long | L2: Med | M2: Smal | N2: Actual.Wht | O2: Actual.Wht | P2: Wht(Kgs) | Q2: CBN | R2: KG/CBN
A3: MTP SKU Code | B3: SB/MB | C3: Lcm | D3: Bcm | E3: Hcm | F3: PW(gm) | G3: Lcm | H3: Bcm | I3: Hcm | J3: PW(gm) | K3: Lcm | L3: Bcm | M3: Hcm | N3: PW(gm) | O3: Gms | P3: Kgs
A4: B-MLT-KT | B4: =VLOOKUP(A4,'[2]Billing Dimensions'!A:B,2,FALSE) -> MB | C4: =VLOOKUP(A4,'[2]Billing Dimensions'!$A:$N,3,FALSE)-VLOOKUP(A4,'Audit Dimensions'!$A:$N,3,FALSE) -> 1 | D4: =VLOOKUP(A4,'[2]Billing Dimensions'!$A:$N,4,FALSE)-VLOOKUP(A4,'Audit Dimensions'!$A:$N,4,FALSE) -> 0 | E4: =VLOOKUP(A4,'[2]Billing Dimensions'!$A:$N,5,FALSE)-VLOOKUP(A4,'Audit Dimensions'!$A:$N,5,FALSE) -> -1 | F4: =VLOOKUP(A4,'[2]Billing Dimensions'!$A:$N,6,FALSE)-VLOOKUP(A4,'Audit Dimensions'!$A:$N,6,FALSE) -> -150 | G4: =VLOOKUP(A4,'[2]Billing Dimensions'!$A:$N,7,FALSE)-VLOOKUP(A4,'Audit Dimensions'!$A:$N,7,FALSE) -> -4 | H4: =VLOOKUP(A4,'[2]Billing Dimensions'!$A:$N,8,FALSE)-VLOOKUP(A4,'Audit Dimensions'!$A:$N,8,FALSE) -> 0 | I4: =VLOOKUP(A4,'[2]Billing Dimensions'!$A:$N,9,FALSE)-VLOOKUP(A4,'Audit Dimensions'!$A:$N,9,FALSE) -> 1 | J4: =VLOOKUP(A4,'[2]Billing Dimensions'!$A:$N,10,FALSE)-VLOOKUP(A4,'Audit Dimensions'!$A:$N,10,FALSE) -> -900 | K4: =VLOOKUP(A4,'[2]Billing Dimensions'!$A:$N,11,FALSE)-VLOOKUP(A4,'Audit Dimensions'!$A:$N,11,FALSE) -> 5 | L4: =VLOOKUP(A4,'[2]Billing Dimensions'!$A:$N,12,FALSE)-VLOOKUP(A4,'Audit Dimensions'!$A:$N,12,FALSE) -> 3 | M4: =VLOOKUP(A4,'[2]Billing Dimensions'!$A:$N,13,FALSE)-VLOOKUP(A4,'Audit Dimensions'!$A:$N,13,FALSE) -> 1 | N4: =VLOOKUP(A4,'[2]Billing Dimensions'!$A:$N,14,FALSE)-VLOOKUP(A4,'Audit Dimensions'!$A:$N,14,FALSE) -> 1650 | O4: =VLOOKUP(A4,'[2]Billing Dimensions'!A:Q,16,FALSE)-VLOOKUP('Audit VAR'!A4,'Audit Dimensions'!A:P,16,FALSE) -> 600 | P4: =O4/1000 -> 0.6 | Q4: =(((C4*D4*E4)+(G4*H4*I4)+(K4*L4*M4))/1000000)*35.32 -> 0.0005298 | R4: =P4/Q4 -> 1132.5028
A5: B-MLT-QT | B5: =VLOOKUP(A5,'[2]Billing Dimensions'!A:B,2,FALSE) -> MB | C5: =VLOOKUP(A5,'[2]Billing Dimensions'!$A:$N,3,FALSE)-VLOOKUP(A5,'Audit Dimensions'!$A:$N,3,FALSE) -> -1 | D5: =VLOOKUP(A5,'[2]Billing Dimensions'!$A:$N,4,FALSE)-VLOOKUP(A5,'Audit Dimensions'!$A:$N,4,FALSE) -> -1 | E5: =VLOOKUP(A5,'[2]Billing Dimensions'!$A:$N,5,FALSE)-VLOOKUP(A5,'Audit Dimensions'!$A:$N,5,FALSE) -> 0 | F5: =VLOOKUP(A5,'[2]Billing Dimensions'!$A:$N,6,FALSE)-VLOOKUP(A5,'Audit Dimensions'!$A:$N,6,FALSE) -> -1480 | G5: =VLOOKUP(A5,'[2]Billing Dimensions'!$A:$N,7,FALSE)-VLOOKUP(A5,'Audit Dimensions'!$A:$N,7,FALSE) -> -2 | H5: =VLOOKUP(A5,'[2]Billing Dimensions'!$A:$N,8,FALSE)-VLOOKUP(A5,'Audit Dimensions'!$A:$N,8,FALSE) -> 18 | I5: =VLOOKUP(A5,'[2]Billing Dimensions'!$A:$N,9,FALSE)-VLOOKUP(A5,'Audit Dimensions'!$A:$N,9,FALSE) -> 1 | J5: =VLOOKUP(A5,'[2]Billing Dimensions'!$A:$N,10,FALSE)-VLOOKUP(A5,'Audit Dimensions'!$A:$N,10,FALSE) -> 4700 | K5: =VLOOKUP(A5,'[2]Billing Dimensions'!$A:$N,11,FALSE)-VLOOKUP(A5,'Audit Dimensions'!$A:$N,11,FALSE) -> 2 | L5: =VLOOKUP(A5,'[2]Billing Dimensions'!$A:$N,12,FALSE)-VLOOKUP(A5,'Audit Dimensions'!$A:$N,12,FALSE) -> 1 | M5: =VLOOKUP(A5,'[2]Billing Dimensions'!$A:$N,13,FALSE)-VLOOKUP(A5,'Audit Dimensions'!$A:$N,13,FALSE) -> 1 | N5: =VLOOKUP(A5,'[2]Billing Dimensions'!$A:$N,14,FALSE)-VLOOKUP(A5,'Audit Dimensions'!$A:$N,14,FALSE) -> -2750 | O5: =VLOOKUP(A5,'[2]Billing Dimensions'!A:Q,16,FALSE)-VLOOKUP('Audit VAR'!A5,'Audit Dimensions'!A:P,16,FALSE) -> 470 | P5: =O5/1000 -> 0.47 | Q5: =(((C5*D5*E5)+(G5*H5*I5)+(K5*L5*M5))/1000000)*35.32 -> -0.00120088 | R5: =P5/Q5 -> -391.37965
A6: B-POL-KN | B6: =VLOOKUP(A6,'[2]Billing Dimensions'!A:B,2,FALSE) -> MB | C6: =VLOOKUP(A6,'[2]Billing Dimensions'!$A:$N,3,FALSE)-VLOOKUP(A6,'Audit Dimensions'!$A:$N,3,FALSE) -> 205 | D6: =VLOOKUP(A6,'[2]Billing Dimensions'!$A:$N,4,FALSE)-VLOOKUP(A6,'Audit Dimensions'!$A:$N,4,FALSE) -> 54 | E6: =VLOOKUP(A6,'[2]Billing Dimensions'!$A:$N,5,FALSE)-VLOOKUP(A6,'Audit Dimensions'!$A:$N,5,FALSE) -> 10 | F6: =VLOOKUP(A6,'[2]Billing Dimensions'!$A:$N,6,FALSE)-VLOOKUP(A6,'Audit Dimensions'!$A:$N,6,FALSE) -> 35000 | G6: =VLOOKUP(A6,'[2]Billing Dimensions'!$A:$N,7,FALSE)-VLOOKUP(A6,'Audit Dimensions'!$A:$N,7,FALSE) -> 105 | H6: =VLOOKUP(A6,'[2]Billing Dimensions'!$A:$N,8,FALSE)-VLOOKUP(A6,'Audit Dimensions'!$A:$N,8,FALSE) -> 94 | I6: =VLOOKUP(A6,'[2]Billing Dimensions'!$A:$N,9,FALSE)-VLOOKUP(A6,'Audit Dimensions'!$A:$N,9,FALSE) -> 5 | J6: =VLOOKUP(A6,'[2]Billing Dimensions'!$A:$N,10,FALSE)-VLOOKUP(A6,'Audit Dimensions'!$A:$N,10,FALSE) -> 35000 | K6: =VLOOKUP(A6,'[2]Billing Dimensions'!$A:$N,11,FALSE)-VLOOKUP(A6,'Audit Dimensions'!$A:$N,11,FALSE) -> 0 | L6: =VLOOKUP(A6,'[2]Billing Dimensions'!$A:$N,12,FALSE)-VLOOKUP(A6,'Audit Dimensions'!$A:$N,12,FALSE) -> 0 | M6: =VLOOKUP(A6,'[2]Billing Dimensions'!$A:$N,13,FALSE)-VLOOKUP(A6,'Audit Dimensions'!$A:$N,13,FALSE) -> 0 | N6: =VLOOKUP(A6,'[2]Billing Dimensions'!$A:$N,14,FALSE)-VLOOKUP(A6,'Audit Dimensions'!$A:$N,14,FALSE) -> 0 | O6: =VLOOKUP(A6,'[2]Billing Dimensions'!A:Q,16,FALSE)-VLOOKUP('Audit VAR'!A6,'Audit Dimensions'!A:P,16,FALSE) -> 70000 | P6: =O6/1000 -> 70 | Q6: =(((C6*D6*E6)+(G6*H6*I6)+(K6*L6*M6))/1000000)*35.32 -> 5.652966 | R6: =P6/Q6 -> 12.38288
A7: B-POL-KT | B7: =VLOOKUP(A7,'[2]Billing Dimensions'!A:B,2,FALSE) -> MB | C7: =VLOOKUP(A7,'[2]Billing Dimensions'!$A:$N,3,FALSE)-VLOOKUP(A7,'Audit Dimensions'!$A:$N,3,FALSE) -> 1 | D7: =VLOOKUP(A7,'[2]Billing Dimensions'!$A:$N,4,FALSE)-VLOOKUP(A7,'Audit Dimensions'!$A:$N,4,FALSE) -> -2 | E7: =VLOOKUP(A7,'[2]Billing Dimensions'!$A:$N,5,FALSE)-VLOOKUP(A7,'Audit Dimensions'!$A:$N,5,FALSE) -> 1 | F7: =VLOOKUP(A7,'[2]Billing Dimensions'!$A:$N,6,FALSE)-VLOOKUP(A7,'Audit Dimensions'!$A:$N,6,FALSE) -> -1300 | G7: =VLOOKUP(A7,'[2]Billing Dimensions'!$A:$N,7,FALSE)-VLOOKUP(A7,'Audit Dimensions'!$A:$N,7,FALSE) -> 43 | H7: =VLOOKUP(A7,'[2]Billing Dimensions'!$A:$N,8,FALSE)-VLOOKUP(A7,'Audit Dimensions'!$A:$N,8,FALSE) -> 0 | I7: =VLOOKUP(A7,'[2]Billing Dimensions'!$A:$N,9,FALSE)-VLOOKUP(A7,'Audit Dimensions'!$A:$N,9,FALSE) -> 0 | J7: =VLOOKUP(A7,'[2]Billing Dimensions'!$A:$N,10,FALSE)-VLOOKUP(A7,'Audit Dimensions'!$A:$N,10,FALSE) -> -900 | K7: =VLOOKUP(A7,'[2]Billing Dimensions'!$A:$N,11,FALSE)-VLOOKUP(A7,'Audit Dimensions'!$A:$N,11,FALSE) -> 1 | L7: =VLOOKUP(A7,'[2]Billing Dimensions'!$A:$N,12,FALSE)-VLOOKUP(A7,'Audit Dimensions'!$A:$N,12,FALSE) -> 17 | M7: =VLOOKUP(A7,'[2]Billing Dimensions'!$A:$N,13,FALSE)-VLOOKUP(A7,'Audit Dimensions'!$A:$N,13,FALSE) -> 0 | N7: =VLOOKUP(A7,'[2]Billing Dimensions'!$A:$N,14,FALSE)-VLOOKUP(A7,'Audit Dimensions'!$A:$N,14,FALSE) -> 1340 | O7: =VLOOKUP(A7,'[2]Billing Dimensions'!A:Q,16,FALSE)-VLOOKUP('Audit VAR'!A7,'Audit Dimensions'!A:P,16,FALSE) -> -860 | P7: =O7/1000 -> -0.86 | Q7: =(((C7*D7*E7)+(G7*H7*I7)+(K7*L7*M7))/1000000)*35.32 -> -7.064e-05 | R7: =P7/Q7 -> 12174.405
A8: B-POL-QN | B8: =VLOOKUP(A8,'[2]Billing Dimensions'!A:B,2,FALSE) -> MB | C8: =VLOOKUP(A8,'[2]Billing Dimensions'!$A:$N,3,FALSE)-VLOOKUP(A8,'Audit Dimensions'!$A:$N,3,FALSE) -> 206 | D8: =VLOOKUP(A8,'[2]Billing Dimensions'!$A:$N,4,FALSE)-VLOOKUP(A8,'Audit Dimensions'!$A:$N,4,FALSE) -> 50 | E8: =VLOOKUP(A8,'[2]Billing Dimensions'!$A:$N,5,FALSE)-VLOOKUP(A8,'Audit Dimensions'!$A:$N,5,FALSE) -> 10 | F8: =VLOOKUP(A8,'[2]Billing Dimensions'!$A:$N,6,FALSE)-VLOOKUP(A8,'Audit Dimensions'!$A:$N,6,FALSE) -> 46000 | G8: =VLOOKUP(A8,'[2]Billing Dimensions'!$A:$N,7,FALSE)-VLOOKUP(A8,'Audit Dimensions'!$A:$N,7,FALSE) -> 102 | H8: =VLOOKUP(A8,'[2]Billing Dimensions'!$A:$N,8,FALSE)-VLOOKUP(A8,'Audit Dimensions'!$A:$N,8,FALSE) -> 79 | I8: =VLOOKUP(A8,'[2]Billing Dimensions'!$A:$N,9,FALSE)-VLOOKUP(A8,'Audit Dimensions'!$A:$N,9,FALSE) -> 5 | J8: =VLOOKUP(A8,'[2]Billing Dimensions'!$A:$N,10,FALSE)-VLOOKUP(A8,'Audit Dimensions'!$A:$N,10,FALSE) -> 24000 | K8: =VLOOKUP(A8,'[2]Billing Dimensions'!$A:$N,11,FALSE)-VLOOKUP(A8,'Audit Dimensions'!$A:$N,11,FALSE) -> 0 | L8: =VLOOKUP(A8,'[2]Billing Dimensions'!$A:$N,12,FALSE)-VLOOKUP(A8,'Audit Dimensions'!$A:$N,12,FALSE) -> 0 | M8: =VLOOKUP(A8,'[2]Billing Dimensions'!$A:$N,13,FALSE)-VLOOKUP(A8,'Audit Dimensions'!$A:$N,13,FALSE) -> 0 | N8: =VLOOKUP(A8,'[2]Billing Dimensions'!$A:$N,14,FALSE)-VLOOKUP(A8,'Audit Dimensions'!$A:$N,14,FALSE) -> 0 | O8: =VLOOKUP(A8,'[2]Billing Dimensions'!A:Q,16,FALSE)-VLOOKUP('Audit VAR'!A8,'Audit Dimensions'!A:P,16,FALSE) -> 70000 | P8: =O8/1000 -> 70 | Q8: =(((C8*D8*E8)+(G8*H8*I8)+(K8*L8*M8))/1000000)*35.32 -> 5.0610028 | R8: =P8/Q8 -> 13.831251
A9: B-POL-QT | B9: =VLOOKUP(A9,'[2]Billing Dimensions'!A:B,2,FALSE) -> MB | C9: =VLOOKUP(A9,'[2]Billing Dimensions'!$A:$N,3,FALSE)-VLOOKUP(A9,'Audit Dimensions'!$A:$N,3,FALSE) -> -6 | D9: =VLOOKUP(A9,'[2]Billing Dimensions'!$A:$N,4,FALSE)-VLOOKUP(A9,'Audit Dimensions'!$A:$N,4,FALSE) -> -9 | E9: =VLOOKUP(A9,'[2]Billing Dimensions'!$A:$N,5,FALSE)-VLOOKUP(A9,'Audit Dimensions'!$A:$N,5,FALSE) -> 2 | F9: =VLOOKUP(A9,'[2]Billing Dimensions'!$A:$N,6,FALSE)-VLOOKUP(A9,'Audit Dimensions'!$A:$N,6,FALSE) -> 490 | G9: =VLOOKUP(A9,'[2]Billing Dimensions'!$A:$N,7,FALSE)-VLOOKUP(A9,'Audit Dimensions'!$A:$N,7,FALSE) -> -1 | H9: =VLOOKUP(A9,'[2]Billing Dimensions'!$A:$N,8,FALSE)-VLOOKUP(A9,'Audit Dimensions'!$A:$N,8,FALSE) -> 0 | I9: =VLOOKUP(A9,'[2]Billing Dimensions'!$A:$N,9,FALSE)-VLOOKUP(A9,'Audit Dimensions'!$A:$N,9,FALSE) -> 0 | J9: =VLOOKUP(A9,'[2]Billing Dimensions'!$A:$N,10,FALSE)-VLOOKUP(A9,'Audit Dimensions'!$A:$N,10,FALSE) -> -1750 | K9: =VLOOKUP(A9,'[2]Billing Dimensions'!$A:$N,11,FALSE)-VLOOKUP(A9,'Audit Dimensions'!$A:$N,11,FALSE) -> 3 | L9: =VLOOKUP(A9,'[2]Billing Dimensions'!$A:$N,12,FALSE)-VLOOKUP(A9,'Audit Dimensions'!$A:$N,12,FALSE) -> 2 | M9: =VLOOKUP(A9,'[2]Billing Dimensions'!$A:$N,13,FALSE)-VLOOKUP(A9,'Audit Dimensions'!$A:$N,13,FALSE) -> 1 | N9: =VLOOKUP(A9,'[2]Billing Dimensions'!$A:$N,14,FALSE)-VLOOKUP(A9,'Audit Dimensions'!$A:$N,14,FALSE) -> 400 | O9: =VLOOKUP(A9,'[2]Billing Dimensions'!A:Q,16,FALSE)-VLOOKUP('Audit VAR'!A9,'Audit Dimensions'!A:P,16,FALSE) -> -860 | P9: =O9/1000 -> -0.86 | Q9: =(((C9*D9*E9)+(G9*H9*I9)+(K9*L9*M9))/1000000)*35.32 -> 0.00402648 | R9: =P9/Q9 -> -213.58606
A10: B-POL-SN | B10: =VLOOKUP(A10,'[2]Billing Dimensions'!A:B,2,FALSE) -> MB | C10: =VLOOKUP(A10,'[2]Billing Dimensions'!$A:$N,3,FALSE)-VLOOKUP(A10,'Audit Dimensions'!$A:$N,3,FALSE) -> -2 | D10: =VLOOKUP(A10,'[2]Billing Dimensions'!$A:$N,4,FALSE)-VLOOKUP(A10,'Audit Dimensions'!$A:$N,4,FALSE) -> 0 | E10: =VLOOKUP(A10,'[2]Billing Dimensions'!$A:$N,5,FALSE)-VLOOKUP(A10,'Audit Dimensions'!$A:$N,5,FALSE) -> 0 | F10: =VLOOKUP(A10,'[2]Billing Dimensions'!$A:$N,6,FALSE)-VLOOKUP(A10,'Audit Dimensions'!$A:$N,6,FALSE) -> -2550 | G10: =VLOOKUP(A10,'[2]Billing Dimensions'!$A:$N,7,FALSE)-VLOOKUP(A10,'Audit Dimensions'!$A:$N,7,FALSE) -> 1 | H10: =VLOOKUP(A10,'[2]Billing Dimensions'!$A:$N,8,FALSE)-VLOOKUP(A10,'Audit Dimensions'!$A:$N,8,FALSE) -> -1 | I10: =VLOOKUP(A10,'[2]Billing Dimensions'!$A:$N,9,FALSE)-VLOOKUP(A10,'Audit Dimensions'!$A:$N,9,FALSE) -> 0 | J10: =VLOOKUP(A10,'[2]Billing Dimensions'!$A:$N,10,FALSE)-VLOOKUP(A10,'Audit Dimensions'!$A:$N,10,FALSE) -> 300 | K10: =VLOOKUP(A10,'[2]Billing Dimensions'!$A:$N,11,FALSE)-VLOOKUP(A10,'Audit Dimensions'!$A:$N,11,FALSE) -> 0 | L10: =VLOOKUP(A10,'[2]Billing Dimensions'!$A:$N,12,FALSE)-VLOOKUP(A10,'Audit Dimensions'!$A:$N,12,FALSE) -> 0 | M10: =VLOOKUP(A10,'[2]Billing Dimensions'!$A:$N,13,FALSE)-VLOOKUP(A10,'Audit Dimensions'!$A:$N,13,FALSE) -> 0 | N10: =VLOOKUP(A10,'[2]Billing Dimensions'!$A:$N,14,FALSE)-VLOOKUP(A10,'Audit Dimensions'!$A:$N,14,FALSE) -> 0 | O10: =VLOOKUP(A10,'[2]Billing Dimensions'!A:Q,16,FALSE)-VLOOKUP('Audit VAR'!A10,'Audit Dimensions'!A:P,16,FALSE) -> -2250 | P10: =O10/1000 -> -2.25 | Q10: =(((C10*D10*E10)+(G10*H10*I10)+(K10*L10*M10))/1000000)*35.32 -> 0 | R10: =P10/Q10 -> #DIV/0!
A11: B-RVB-KN | B11: =VLOOKUP(A11,'[2]Billing Dimensions'!A:B,2,FALSE) -> MB | C11: =VLOOKUP(A11,'[2]Billing Dimensions'!$A:$N,3,FALSE)-VLOOKUP(A11,'Audit Dimensions'!$A:$N,3,FALSE) -> -1 | D11: =VLOOKUP(A11,'[2]Billing Dimensions'!$A:$N,4,FALSE)-VLOOKUP(A11,'Audit Dimensions'!$A:$N,4,FALSE) -> 0 | E11: =VLOOKUP(A11,'[2]Billing Dimensions'!$A:$N,5,FALSE)-VLOOKUP(A11,'Audit Dimensions'!$A:$N,5,FALSE) -> 0 | F11: =VLOOKUP(A11,'[2]Billing Dimensions'!$A:$N,6,FALSE)-VLOOKUP(A11,'Audit Dimensions'!$A:$N,6,FALSE) -> -800 | G11: =VLOOKUP(A11,'[2]Billing Dimensions'!$A:$N,7,FALSE)-VLOOKUP(A11,'Audit Dimensions'!$A:$N,7,FALSE) -> -1 | H11: =VLOOKUP(A11,'[2]Billing Dimensions'!$A:$N,8,FALSE)-VLOOKUP(A11,'Audit Dimensions'!$A:$N,8,FALSE) -> -2 | I11: =VLOOKUP(A11,'[2]Billing Dimensions'!$A:$N,9,FALSE)-VLOOKUP(A11,'Audit Dimensions'!$A:$N,9,FALSE) -> 0 | J11: =VLOOKUP(A11,'[2]Billing Dimensions'!$A:$N,10,FALSE)-VLOOKUP(A11,'Audit Dimensions'!$A:$N,10,FALSE) -> -2250 | K11: =VLOOKUP(A11,'[2]Billing Dimensions'!$A:$N,11,FALSE)-VLOOKUP(A11,'Audit Dimensions'!$A:$N,11,FALSE) -> 0 | L11: =VLOOKUP(A11,'[2]Billing Dimensions'!$A:$N,12,FALSE)-VLOOKUP(A11,'Audit Dimensions'!$A:$N,12,FALSE) -> 0 | M11: =VLOOKUP(A11,'[2]Billing Dimensions'!$A:$N,13,FALSE)-VLOOKUP(A11,'Audit Dimensions'!$A:$N,13,FALSE) -> 0 | N11: =VLOOKUP(A11,'[2]Billing Dimensions'!$A:$N,14,FALSE)-VLOOKUP(A11,'Audit Dimensions'!$A:$N,14,FALSE) -> 0 | O11: =VLOOKUP(A11,'[2]Billing Dimensions'!A:Q,16,FALSE)-VLOOKUP('Audit VAR'!A11,'Audit Dimensions'!A:P,16,FALSE) -> -3050 | P11: =O11/1000 -> -3.05 | Q11: =(((C11*D11*E11)+(G11*H11*I11)+(K11*L11*M11))/1000000)*35.32 -> 0 | R11: =P11/Q11 -> #DIV/0!
A12: B-RVB-QN | B12: =VLOOKUP(A12,'[2]Billing Dimensions'!A:B,2,FALSE) -> MB | C12: =VLOOKUP(A12,'[2]Billing Dimensions'!$A:$N,3,FALSE)-VLOOKUP(A12,'Audit Dimensions'!$A:$N,3,FALSE) -> -2 | D12: =VLOOKUP(A12,'[2]Billing Dimensions'!$A:$N,4,FALSE)-VLOOKUP(A12,'Audit Dimensions'!$A:$N,4,FALSE) -> -1 | E12: =VLOOKUP(A12,'[2]Billing Dimensions'!$A:$N,5,FALSE)-VLOOKUP(A12,'Audit Dimensions'!$A:$N,5,FALSE) -> 0 | F12: =VLOOKUP(A12,'[2]Billing Dimensions'!$A:$N,6,FALSE)-VLOOKUP(A12,'Audit Dimensions'!$A:$N,6,FALSE) -> -650 | G12: =VLOOKUP(A12,'[2]Billing Dimensions'!$A:$N,7,FALSE)-VLOOKUP(A12,'Audit Dimensions'!$A:$N,7,FALSE) -> -3 | H12: =VLOOKUP(A12,'[2]Billing Dimensions'!$A:$N,8,FALSE)-VLOOKUP(A12,'Audit Dimensions'!$A:$N,8,FALSE) -> 4 | I12: =VLOOKUP(A12,'[2]Billing Dimensions'!$A:$N,9,FALSE)-VLOOKUP(A12,'Audit Dimensions'!$A:$N,9,FALSE) -> 0 | J12: =VLOOKUP(A12,'[2]Billing Dimensions'!$A:$N,10,FALSE)-VLOOKUP(A12,'Audit Dimensions'!$A:$N,10,FALSE) -> -30900 | K12: =VLOOKUP(A12,'[2]Billing Dimensions'!$A:$N,11,FALSE)-VLOOKUP(A12,'Audit Dimensions'!$A:$N,11,FALSE) -> 0 | L12: =VLOOKUP(A12,'[2]Billing Dimensions'!$A:$N,12,FALSE)-VLOOKUP(A12,'Audit Dimensions'!$A:$N,12,FALSE) -> 0 | M12: =VLOOKUP(A12,'[2]Billing Dimensions'!$A:$N,13,FALSE)-VLOOKUP(A12,'Audit Dimensions'!$A:$N,13,FALSE) -> 0 | N12: =VLOOKUP(A12,'[2]Billing Dimensions'!$A:$N,14,FALSE)-VLOOKUP(A12,'Audit Dimensions'!$A:$N,14,FALSE) -> 0 | O12: =VLOOKUP(A12,'[2]Billing Dimensions'!A:Q,16,FALSE)-VLOOKUP('Audit VAR'!A12,'Audit Dimensions'!A:P,16,FALSE) -> -31550 | P12: =O12/1000 -> -31.55 | Q12: =(((C12*D12*E12)+(G12*H12*I12)+(K12*L12*M12))/1000000)*35.32 -> 0 | R12: =P12/Q12 -> #DIV/0!
A13: B-RVB-SN | B13: =VLOOKUP(A13,'[2]Billing Dimensions'!A:B,2,FALSE) -> MB | C13: =VLOOKUP(A13,'[2]Billing Dimensions'!$A:$N,3,FALSE)-VLOOKUP(A13,'Audit Dimensions'!$A:$N,3,FALSE) -> 79 | D13: =VLOOKUP(A13,'[2]Billing Dimensions'!$A:$N,4,FALSE)-VLOOKUP(A13,'Audit Dimensions'!$A:$N,4,FALSE) -> -1 | E13: =VLOOKUP(A13,'[2]Billing Dimensions'!$A:$N,5,FALSE)-VLOOKUP(A13,'Audit Dimensions'!$A:$N,5,FALSE) -> 1 | F13: =VLOOKUP(A13,'[2]Billing Dimensions'!$A:$N,6,FALSE)-VLOOKUP(A13,'Audit Dimensions'!$A:$N,6,FALSE) -> -2540 | G13: =VLOOKUP(A13,'[2]Billing Dimensions'!$A:$N,7,FALSE)-VLOOKUP(A13,'Audit Dimensions'!$A:$N,7,FALSE) -> 2 | H13: =VLOOKUP(A13,'[2]Billing Dimensions'!$A:$N,8,FALSE)-VLOOKUP(A13,'Audit Dimensions'!$A:$N,8,FALSE) -> -2 | I13: =VLOOKUP(A13,'[2]Billing Dimensions'!$A:$N,9,FALSE)-VLOOKUP(A13,'Audit Dimensions'!$A:$N,9,FALSE) -> 0 | J13: =VLOOKUP(A13,'[2]Billing Dimensions'!$A:$N,10,FALSE)-VLOOKUP(A13,'Audit Dimensions'!$A:$N,10,FALSE) -> 1100 | K13: =VLOOKUP(A13,'[2]Billing Dimensions'!$A:$N,11,FALSE)-VLOOKUP(A13,'Audit Dimensions'!$A:$N,11,FALSE) -> 0 | L13: =VLOOKUP(A13,'[2]Billing Dimensions'!$A:$N,12,FALSE)-VLOOKUP(A13,'Audit Dimensions'!$A:$N,12,FALSE) -> 0 | M13: =VLOOKUP(A13,'[2]Billing Dimensions'!$A:$N,13,FALSE)-VLOOKUP(A13,'Audit Dimensions'!$A:$N,13,FALSE) -> 0 | N13: =VLOOKUP(A13,'[2]Billing Dimensions'!$A:$N,14,FALSE)-VLOOKUP(A13,'Audit Dimensions'!$A:$N,14,FALSE) -> 0 | O13: =VLOOKUP(A13,'[2]Billing Dimensions'!A:Q,16,FALSE)-VLOOKUP('Audit VAR'!A13,'Audit Dimensions'!A:P,16,FALSE) -> -1440 | P13: =O13/1000 -> -1.44 | Q13: =(((C13*D13*E13)+(G13*H13*I13)+(K13*L13*M13))/1000000)*35.32 -> -0.00279028 | R13: =P13/Q13 -> 516.07724
A14: B-RVB-D36N | B14: =VLOOKUP(A14,'[2]Billing Dimensions'!A:B,2,FALSE) -> SB | C14: =VLOOKUP(A14,'[2]Billing Dimensions'!$A:$N,3,FALSE)-VLOOKUP(A14,'Audit Dimensions'!$A:$N,3,FALSE) -> 0 | D14: =VLOOKUP(A14,'[2]Billing Dimensions'!$A:$N,4,FALSE)-VLOOKUP(A14,'Audit Dimensions'!$A:$N,4,FALSE) -> 0 | E14: =VLOOKUP(A14,'[2]Billing Dimensions'!$A:$N,5,FALSE)-VLOOKUP(A14,'Audit Dimensions'!$A:$N,5,FALSE) -> 0 | F14: =VLOOKUP(A14,'[2]Billing Dimensions'!$A:$N,6,FALSE)-VLOOKUP(A14,'Audit Dimensions'!$A:$N,6,FALSE) -> -4030 | G14: =VLOOKUP(A14,'[2]Billing Dimensions'!$A:$N,7,FALSE)-VLOOKUP(A14,'Audit Dimensions'!$A:$N,7,FALSE) -> 0 | H14: =VLOOKUP(A14,'[2]Billing Dimensions'!$A:$N,8,FALSE)-VLOOKUP(A14,'Audit Dimensions'!$A:$N,8,FALSE) -> 0 | I14: =VLOOKUP(A14,'[2]Billing Dimensions'!$A:$N,9,FALSE)-VLOOKUP(A14,'Audit Dimensions'!$A:$N,9,FALSE) -> 0 | J14: =VLOOKUP(A14,'[2]Billing Dimensions'!$A:$N,10,FALSE)-VLOOKUP(A14,'Audit Dimensions'!$A:$N,10,FALSE) -> 0 | K14: =VLOOKUP(A14,'[2]Billing Dimensions'!$A:$N,11,FALSE)-VLOOKUP(A14,'Audit Dimensions'!$A:$N,11,FALSE) -> 0 | L14: =VLOOKUP(A14,'[2]Billing Dimensions'!$A:$N,12,FALSE)-VLOOKUP(A14,'Audit Dimensions'!$A:$N,12,FALSE) -> 0 | M14: =VLOOKUP(A14,'[2]Billing Dimensions'!$A:$N,13,FALSE)-VLOOKUP(A14,'Audit Dimensions'!$A:$N,13,FALSE) -> 0 | N14: =VLOOKUP(A14,'[2]Billing Dimensions'!$A:$N,14,FALSE)-VLOOKUP(A14,'Audit Dimensions'!$A:$N,14,FALSE) -> 0 | O14: =VLOOKUP(A14,'[2]Billing Dimensions'!A:Q,16,FALSE)-VLOOKUP('Audit VAR'!A14,'Audit Dimensions'!A:P,16,FALSE) -> -4030 | P14: =O14/1000 -> -4.03 | Q14: =(((C14*D14*E14)+(G14*H14*I14)+(K14*L14*M14))/1000000)*35.32 -> 0 | R14: =P14/Q14 -> #DIV/0!
A15: BT-CO | B15: =VLOOKUP(A15,'[2]Billing Dimensions'!A:B,2,FALSE) -> SB | C15: =VLOOKUP(A15,'[2]Billing Dimensions'!$A:$N,3,FALSE)-VLOOKUP(A15,'Audit Dimensions'!$A:$N,3,FALSE) -> -2 | D15: =VLOOKUP(A15,'[2]Billing Dimensions'!$A:$N,4,FALSE)-VLOOKUP(A15,'Audit Dimensions'!$A:$N,4,FALSE) -> -1 | E15: =VLOOKUP(A15,'[2]Billing Dimensions'!$A:$N,5,FALSE)-VLOOKUP(A15,'Audit Dimensions'!$A:$N,5,FALSE) -> -1 | F15: =VLOOKUP(A15,'[2]Billing Dimensions'!$A:$N,6,FALSE)-VLOOKUP(A15,'Audit Dimensions'!$A:$N,6,FALSE) -> -130 | G15: =VLOOKUP(A15,'[2]Billing Dimensions'!$A:$N,7,FALSE)-VLOOKUP(A15,'Audit Dimensions'!$A:$N,7,FALSE) -> 0 | H15: =VLOOKUP(A15,'[2]Billing Dimensions'!$A:$N,8,FALSE)-VLOOKUP(A15,'Audit Dimensions'!$A:$N,8,FALSE) -> 0 | I15: =VLOOKUP(A15,'[2]Billing Dimensions'!$A:$N,9,FALSE)-VLOOKUP(A15,'Audit Dimensions'!$A:$N,9,FALSE) -> 0 | J15: =VLOOKUP(A15,'[2]Billing Dimensions'!$A:$N,10,FALSE)-VLOOKUP(A15,'Audit Dimensions'!$A:$N,10,FALSE) -> 0 | K15: =VLOOKUP(A15,'[2]Billing Dimensions'!$A:$N,11,FALSE)-VLOOKUP(A15,'Audit Dimensions'!$A:$N,11,FALSE) -> 0 | L15: =VLOOKUP(A15,'[2]Billing Dimensions'!$A:$N,12,FALSE)-VLOOKUP(A15,'Audit Dimensions'!$A:$N,12,FALSE) -> 0 | M15: =VLOOKUP(A15,'[2]Billing Dimensions'!$A:$N,13,FALSE)-VLOOKUP(A15,'Audit Dimensions'!$A:$N,13,FALSE) -> 0 | N15: =VLOOKUP(A15,'[2]Billing Dimensions'!$A:$N,14,FALSE)-VLOOKUP(A15,'Audit Dimensions'!$A:$N,14,FALSE) -> 0 | O15: =VLOOKUP(A15,'[2]Billing Dimensions'!A:Q,16,FALSE)-VLOOKUP('Audit VAR'!A15,'Audit Dimensions'!A:P,16,FALSE) -> -130 | P15: =O15/1000 -> -0.13 | Q15: =(((C15*D15*E15)+(G15*H15*I15)+(K15*L15*M15))/1000000)*35.32 -> -7.064e-05 | R15: =P15/Q15 -> 1840.3171
... A270: TU-BKMT | B270: =VLOOKUP(A270,'[2]Billing Dimensions'!A:B,2,FALSE) -> SB | C270: =VLOOKUP(A270,'[2]Billing Dimensions'!$A:$N,3,FALSE)-VLOOKUP(A270,'Audit Dimensions'!$A:$N,3,FALSE) -> #N/A | D270: =VLOOKUP(A270,'[2]Billing Dimensions'!$A:$N,4,FALSE)-VLOOKUP(A270,'Audit Dimensions'!$A:$N,4,FALSE) -> #N/A | E270: =VLOOKUP(A270,'[2]Billing Dimensions'!$A:$N,5,FALSE)-VLOOKUP(A270,'Audit Dimensions'!$A:$N,5,FALSE) -> #N/A | F270: =VLOOKUP(A270,'[2]Billing Dimensions'!$A:$N,6,FALSE)-VLOOKUP(A270,'Audit Dimensions'!$A:$N,6,FALSE) -> #N/A | G270: =VLOOKUP(A270,'[2]Billing Dimensions'!$A:$N,7,FALSE)-VLOOKUP(A270,'Audit Dimensions'!$A:$N,7,FALSE) -> #N/A | H270: =VLOOKUP(A270,'[2]Billing Dimensions'!$A:$N,8,FALSE)-VLOOKUP(A270,'Audit Dimensions'!$A:$N,8,FALSE) -> #N/A | I270: =VLOOKUP(A270,'[2]Billing Dimensions'!$A:$N,9,FALSE)-VLOOKUP(A270,'Audit Dimensions'!$A:$N,9,FALSE) -> #N/A | J270: =VLOOKUP(A270,'[2]Billing Dimensions'!$A:$N,10,FALSE)-VLOOKUP(A270,'Audit Dimensions'!$A:$N,10,FALSE) -> #N/A | K270: =VLOOKUP(A270,'[2]Billing Dimensions'!$A:$N,11,FALSE)-VLOOKUP(A270,'Audit Dimensions'!$A:$N,11,FALSE) -> #N/A | L270: =VLOOKUP(A270,'[2]Billing Dimensions'!$A:$N,12,FALSE)-VLOOKUP(A270,'Audit Dimensions'!$A:$N,12,FALSE) -> #N/A | M270: =VLOOKUP(A270,'[2]Billing Dimensions'!$A:$N,13,FALSE)-VLOOKUP(A270,'Audit Dimensions'!$A:$N,13,FALSE) -> #N/A | N270: =VLOOKUP(A270,'[2]Billing Dimensions'!$A:$N,14,FALSE)-VLOOKUP(A270,'Audit Dimensions'!$A:$N,14,FALSE) -> #N/A | O270: =VLOOKUP(A270,'[2]Billing Dimensions'!A:Q,16,FALSE)-VLOOKUP('Audit VAR'!A270,'Audit Dimensions'!A:P,16,FALSE) -> #N/A | P270: =O270/1000 -> #N/A | Q270: =(((C270*D270*E270)+(G270*H270*I270)+(K270*L270*M270))/1000000)*35.32 -> #N/A | R270: =P270/Q270 -> #N/A
A271: KH-TOC-18 | B271: SB | C271: 39 | D271: 30 | E271: 8 | F271: 3000 | G271: =VLOOKUP(A271,'[2]Billing Dimensions'!$A:$N,7,FALSE)-VLOOKUP(A271,'Audit Dimensions'!$A:$N,7,FALSE) -> 0 | H271: =VLOOKUP(A271,'[2]Billing Dimensions'!$A:$N,8,FALSE)-VLOOKUP(A271,'Audit Dimensions'!$A:$N,8,FALSE) -> 0 | I271: =VLOOKUP(A271,'[2]Billing Dimensions'!$A:$N,9,FALSE)-VLOOKUP(A271,'Audit Dimensions'!$A:$N,9,FALSE) -> 0 | J271: =VLOOKUP(A271,'[2]Billing Dimensions'!$A:$N,10,FALSE)-VLOOKUP(A271,'Audit Dimensions'!$A:$N,10,FALSE) -> 0 | K271: =VLOOKUP(A271,'[2]Billing Dimensions'!$A:$N,11,FALSE)-VLOOKUP(A271,'Audit Dimensions'!$A:$N,11,FALSE) -> 0 | L271: =VLOOKUP(A271,'[2]Billing Dimensions'!$A:$N,12,FALSE)-VLOOKUP(A271,'Audit Dimensions'!$A:$N,12,FALSE) -> 0 | M271: =VLOOKUP(A271,'[2]Billing Dimensions'!$A:$N,13,FALSE)-VLOOKUP(A271,'Audit Dimensions'!$A:$N,13,FALSE) -> 0 | N271: =VLOOKUP(A271,'[2]Billing Dimensions'!$A:$N,14,FALSE)-VLOOKUP(A271,'Audit Dimensions'!$A:$N,14,FALSE) -> 0 | O271: =VLOOKUP(A271,'[2]Billing Dimensions'!A:Q,16,FALSE)-VLOOKUP('Audit VAR'!A271,'Audit Dimensions'!A:P,16,FALSE) -> -600 | P271: =O271/1000 -> -0.6 | Q271: =(((C271*D271*E271)+(G271*H271*I271)+(K271*L271*M271))/1000000)*35.32 -> 0.3305952 | R271: =P271/Q271 -> -1.8149084
A272: KH-TOC-40 | B272: SB | C272: 65 | D272: 35 | E272: 8 | F272: 5000 | G272: =VLOOKUP(A272,'[2]Billing Dimensions'!$A:$N,7,FALSE)-VLOOKUP(A272,'Audit Dimensions'!$A:$N,7,FALSE) -> 0 | H272: =VLOOKUP(A272,'[2]Billing Dimensions'!$A:$N,8,FALSE)-VLOOKUP(A272,'Audit Dimensions'!$A:$N,8,FALSE) -> 0 | I272: =VLOOKUP(A272,'[2]Billing Dimensions'!$A:$N,9,FALSE)-VLOOKUP(A272,'Audit Dimensions'!$A:$N,9,FALSE) -> 0 | J272: =VLOOKUP(A272,'[2]Billing Dimensions'!$A:$N,10,FALSE)-VLOOKUP(A272,'Audit Dimensions'!$A:$N,10,FALSE) -> 0 | K272: =VLOOKUP(A272,'[2]Billing Dimensions'!$A:$N,11,FALSE)-VLOOKUP(A272,'Audit Dimensions'!$A:$N,11,FALSE) -> 0 | L272: =VLOOKUP(A272,'[2]Billing Dimensions'!$A:$N,12,FALSE)-VLOOKUP(A272,'Audit Dimensions'!$A:$N,12,FALSE) -> 0 | M272: =VLOOKUP(A272,'[2]Billing Dimensions'!$A:$N,13,FALSE)-VLOOKUP(A272,'Audit Dimensions'!$A:$N,13,FALSE) -> 0 | N272: =VLOOKUP(A272,'[2]Billing Dimensions'!$A:$N,14,FALSE)-VLOOKUP(A272,'Audit Dimensions'!$A:$N,14,FALSE) -> 0 | O272: =VLOOKUP(A272,'[2]Billing Dimensions'!A:Q,16,FALSE)-VLOOKUP('Audit VAR'!A272,'Audit Dimensions'!A:P,16,FALSE) -> 0 | P272: =O272/1000 -> 0 | Q272: =(((C272*D272*E272)+(G272*H272*I272)+(K272*L272*M272))/1000000)*35.32 -> 0.642824 | R272: =P272/Q272 -> 0
A273: SR-BKN-T | B273: SB | C273: 1 | D273: 1 | E273: 1 | F273: 37000 | G273: =VLOOKUP(A273,'[2]Billing Dimensions'!$A:$N,7,FALSE)-VLOOKUP(A273,'Audit Dimensions'!$A:$N,7,FALSE) -> 0 | H273: =VLOOKUP(A273,'[2]Billing Dimensions'!$A:$N,8,FALSE)-VLOOKUP(A273,'Audit Dimensions'!$A:$N,8,FALSE) -> 0 | I273: =VLOOKUP(A273,'[2]Billing Dimensions'!$A:$N,9,FALSE)-VLOOKUP(A273,'Audit Dimensions'!$A:$N,9,FALSE) -> 0 | J273: =VLOOKUP(A273,'[2]Billing Dimensions'!$A:$N,10,FALSE)-VLOOKUP(A273,'Audit Dimensions'!$A:$N,10,FALSE) -> 0 | K273: =VLOOKUP(A273,'[2]Billing Dimensions'!$A:$N,11,FALSE)-VLOOKUP(A273,'Audit Dimensions'!$A:$N,11,FALSE) -> 0 | L273: =VLOOKUP(A273,'[2]Billing Dimensions'!$A:$N,12,FALSE)-VLOOKUP(A273,'Audit Dimensions'!$A:$N,12,FALSE) -> 0 | M273: =VLOOKUP(A273,'[2]Billing Dimensions'!$A:$N,13,FALSE)-VLOOKUP(A273,'Audit Dimensions'!$A:$N,13,FALSE) -> 0 | N273: =VLOOKUP(A273,'[2]Billing Dimensions'!$A:$N,14,FALSE)-VLOOKUP(A273,'Audit Dimensions'!$A:$N,14,FALSE) -> 0 | O273: =VLOOKUP(A273,'[2]Billing Dimensions'!A:Q,16,FALSE)-VLOOKUP('Audit VAR'!A273,'Audit Dimensions'!A:P,16,FALSE) -> 0 | P273: =O273/1000 -> 0 | Q273: =(((C273*D273*E273)+(G273*H273*I273)+(K273*L273*M273))/1000000)*35.32 -> 3.532e-05 | R273: =P273/Q273 -> 0
A274: TS-NL-ST | B274: SB | C274: 1 | D274: 1 | E274: 1 | F274: 1792 | G274: =VLOOKUP(A274,'[2]Billing Dimensions'!$A:$N,7,FALSE)-VLOOKUP(A274,'Audit Dimensions'!$A:$N,7,FALSE) -> 0 | H274: =VLOOKUP(A274,'[2]Billing Dimensions'!$A:$N,8,FALSE)-VLOOKUP(A274,'Audit Dimensions'!$A:$N,8,FALSE) -> 0 | I274: =VLOOKUP(A274,'[2]Billing Dimensions'!$A:$N,9,FALSE)-VLOOKUP(A274,'Audit Dimensions'!$A:$N,9,FALSE) -> 0 | J274: =VLOOKUP(A274,'[2]Billing Dimensions'!$A:$N,10,FALSE)-VLOOKUP(A274,'Audit Dimensions'!$A:$N,10,FALSE) -> 0 | K274: =VLOOKUP(A274,'[2]Billing Dimensions'!$A:$N,11,FALSE)-VLOOKUP(A274,'Audit Dimensions'!$A:$N,11,FALSE) -> 0 | L274: =VLOOKUP(A274,'[2]Billing Dimensions'!$A:$N,12,FALSE)-VLOOKUP(A274,'Audit Dimensions'!$A:$N,12,FALSE) -> 0 | M274: =VLOOKUP(A274,'[2]Billing Dimensions'!$A:$N,13,FALSE)-VLOOKUP(A274,'Audit Dimensions'!$A:$N,13,FALSE) -> 0 | N274: =VLOOKUP(A274,'[2]Billing Dimensions'!$A:$N,14,FALSE)-VLOOKUP(A274,'Audit Dimensions'!$A:$N,14,FALSE) -> 0 | O274: =VLOOKUP(A274,'[2]Billing Dimensions'!A:Q,16,FALSE)-VLOOKUP('Audit VAR'!A274,'Audit Dimensions'!A:P,16,FALSE) -> 1550 | P274: =O274/1000 -> 1.55 | Q274: =(((C274*D274*E274)+(G274*H274*I274)+(K274*L274*M274))/1000000)*35.32 -> 3.532e-05 | R274: =P274/Q274 -> 43884.485
A275: TS-NL-LA | B275: SB | C275: 1 | D275: 1 | E275: 1 | F275: 3364 | G275: =VLOOKUP(A275,'[2]Billing Dimensions'!$A:$N,7,FALSE)-VLOOKUP(A275,'Audit Dimensions'!$A:$N,7,FALSE) -> 0 | H275: =VLOOKUP(A275,'[2]Billing Dimensions'!$A:$N,8,FALSE)-VLOOKUP(A275,'Audit Dimensions'!$A:$N,8,FALSE) -> 0 | I275: =VLOOKUP(A275,'[2]Billing Dimensions'!$A:$N,9,FALSE)-VLOOKUP(A275,'Audit Dimensions'!$A:$N,9,FALSE) -> 0 | J275: =VLOOKUP(A275,'[2]Billing Dimensions'!$A:$N,10,FALSE)-VLOOKUP(A275,'Audit Dimensions'!$A:$N,10,FALSE) -> 0 | K275: =VLOOKUP(A275,'[2]Billing Dimensions'!$A:$N,11,FALSE)-VLOOKUP(A275,'Audit Dimensions'!$A:$N,11,FALSE) -> 0 | L275: =VLOOKUP(A275,'[2]Billing Dimensions'!$A:$N,12,FALSE)-VLOOKUP(A275,'Audit Dimensions'!$A:$N,12,FALSE) -> 0 | M275: =VLOOKUP(A275,'[2]Billing Dimensions'!$A:$N,13,FALSE)-VLOOKUP(A275,'Audit Dimensions'!$A:$N,13,FALSE) -> 0 | N275: =VLOOKUP(A275,'[2]Billing Dimensions'!$A:$N,14,FALSE)-VLOOKUP(A275,'Audit Dimensions'!$A:$N,14,FALSE) -> 0 | O275: =VLOOKUP(A275,'[2]Billing Dimensions'!A:Q,16,FALSE)-VLOOKUP('Audit VAR'!A275,'Audit Dimensions'!A:P,16,FALSE) -> -300 | P275: =O275/1000 -> -0.3 | Q275: =(((C275*D275*E275)+(G275*H275*I275)+(K275*L275*M275))/1000000)*35.32 -> 3.532e-05 | R275: =P275/Q275 -> -8493.7712
A276: WA-PYS-S | B276: SB | C276: 1 | D276: 1 | E276: 1 | F276: 1252 | G276: =VLOOKUP(A276,'[2]Billing Dimensions'!$A:$N,7,FALSE)-VLOOKUP(A276,'Audit Dimensions'!$A:$N,7,FALSE) -> 0 | H276: =VLOOKUP(A276,'[2]Billing Dimensions'!$A:$N,8,FALSE)-VLOOKUP(A276,'Audit Dimensions'!$A:$N,8,FALSE) -> 0 | I276: =VLOOKUP(A276,'[2]Billing Dimensions'!$A:$N,9,FALSE)-VLOOKUP(A276,'Audit Dimensions'!$A:$N,9,FALSE) -> 0 | J276: =VLOOKUP(A276,'[2]Billing Dimensions'!$A:$N,10,FALSE)-VLOOKUP(A276,'Audit Dimensions'!$A:$N,10,FALSE) -> 0 | K276: =VLOOKUP(A276,'[2]Billing Dimensions'!$A:$N,11,FALSE)-VLOOKUP(A276,'Audit Dimensions'!$A:$N,11,FALSE) -> 0 | L276: =VLOOKUP(A276,'[2]Billing Dimensions'!$A:$N,12,FALSE)-VLOOKUP(A276,'Audit Dimensions'!$A:$N,12,FALSE) -> 0 | M276: =VLOOKUP(A276,'[2]Billing Dimensions'!$A:$N,13,FALSE)-VLOOKUP(A276,'Audit Dimensions'!$A:$N,13,FALSE) -> 0 | N276: =VLOOKUP(A276,'[2]Billing Dimensions'!$A:$N,14,FALSE)-VLOOKUP(A276,'Audit Dimensions'!$A:$N,14,FALSE) -> 0 | O276: =VLOOKUP(A276,'[2]Billing Dimensions'!A:Q,16,FALSE)-VLOOKUP('Audit VAR'!A276,'Audit Dimensions'!A:P,16,FALSE) -> 0 | P276: =O276/1000 -> 0 | Q276: =(((C276*D276*E276)+(G276*H276*I276)+(K276*L276*M276))/1000000)*35.32 -> 3.532e-05 | R276: =P276/Q276 -> 0
A277: WA-PYS-N | B277: SB | C277: 1 | D277: 1 | E277: 1 | F277: 1062 | G277: =VLOOKUP(A277,'[2]Billing Dimensions'!$A:$N,7,FALSE)-VLOOKUP(A277,'Audit Dimensions'!$A:$N,7,FALSE) -> 0 | H277: =VLOOKUP(A277,'[2]Billing Dimensions'!$A:$N,8,FALSE)-VLOOKUP(A277,'Audit Dimensions'!$A:$N,8,FALSE) -> 0 | I277: =VLOOKUP(A277,'[2]Billing Dimensions'!$A:$N,9,FALSE)-VLOOKUP(A277,'Audit Dimensions'!$A:$N,9,FALSE) -> 0 | J277: =VLOOKUP(A277,'[2]Billing Dimensions'!$A:$N,10,FALSE)-VLOOKUP(A277,'Audit Dimensions'!$A:$N,10,FALSE) -> 0 | K277: =VLOOKUP(A277,'[2]Billing Dimensions'!$A:$N,11,FALSE)-VLOOKUP(A277,'Audit Dimensions'!$A:$N,11,FALSE) -> 0 | L277: =VLOOKUP(A277,'[2]Billing Dimensions'!$A:$N,12,FALSE)-VLOOKUP(A277,'Audit Dimensions'!$A:$N,12,FALSE) -> 0 | M277: =VLOOKUP(A277,'[2]Billing Dimensions'!$A:$N,13,FALSE)-VLOOKUP(A277,'Audit Dimensions'!$A:$N,13,FALSE) -> 0 | N277: =VLOOKUP(A277,'[2]Billing Dimensions'!$A:$N,14,FALSE)-VLOOKUP(A277,'Audit Dimensions'!$A:$N,14,FALSE) -> 0 | O277: =VLOOKUP(A277,'[2]Billing Dimensions'!A:Q,16,FALSE)-VLOOKUP('Audit VAR'!A277,'Audit Dimensions'!A:P,16,FALSE) -> 0 | P277: =O277/1000 -> 0 | Q277: =(((C277*D277*E277)+(G277*H277*I277)+(K277*L277*M277))/1000000)*35.32 -> 3.532e-05 | R277: =P277/Q277 -> 0
A278: SH-YBO | B278: SB | C278: 1 | D278: 1 | E278: 1 | F278: 2103 | G278: =VLOOKUP(A278,'[2]Billing Dimensions'!$A:$N,7,FALSE)-VLOOKUP(A278,'Audit Dimensions'!$A:$N,7,FALSE) -> 0 | H278: =VLOOKUP(A278,'[2]Billing Dimensions'!$A:$N,8,FALSE)-VLOOKUP(A278,'Audit Dimensions'!$A:$N,8,FALSE) -> 0 | I278: =VLOOKUP(A278,'[2]Billing Dimensions'!$A:$N,9,FALSE)-VLOOKUP(A278,'Audit Dimensions'!$A:$N,9,FALSE) -> 0 | J278: =VLOOKUP(A278,'[2]Billing Dimensions'!$A:$N,10,FALSE)-VLOOKUP(A278,'Audit Dimensions'!$A:$N,10,FALSE) -> 0 | K278: =VLOOKUP(A278,'[2]Billing Dimensions'!$A:$N,11,FALSE)-VLOOKUP(A278,'Audit Dimensions'!$A:$N,11,FALSE) -> 0 | L278: =VLOOKUP(A278,'[2]Billing Dimensions'!$A:$N,12,FALSE)-VLOOKUP(A278,'Audit Dimensions'!$A:$N,12,FALSE) -> 0 | M278: =VLOOKUP(A278,'[2]Billing Dimensions'!$A:$N,13,FALSE)-VLOOKUP(A278,'Audit Dimensions'!$A:$N,13,FALSE) -> 0 | N278: =VLOOKUP(A278,'[2]Billing Dimensions'!$A:$N,14,FALSE)-VLOOKUP(A278,'Audit Dimensions'!$A:$N,14,FALSE) -> 0 | O278: =VLOOKUP(A278,'[2]Billing Dimensions'!A:Q,16,FALSE)-VLOOKUP('Audit VAR'!A278,'Audit Dimensions'!A:P,16,FALSE) -> 0 | P278: =O278/1000 -> 0 | Q278: =(((C278*D278*E278)+(G278*H278*I278)+(K278*L278*M278))/1000000)*35.32 -> 3.532e-05 | R278: =P278/Q278 -> 0
A279: SH-DVN | B279: SB | C279: 1 | D279: 1 | E279: 1 | F279: 1374 | G279: =VLOOKUP(A279,'[2]Billing Dimensions'!$A:$N,7,FALSE)-VLOOKUP(A279,'Audit Dimensions'!$A:$N,7,FALSE) -> 0 | H279: =VLOOKUP(A279,'[2]Billing Dimensions'!$A:$N,8,FALSE)-VLOOKUP(A279,'Audit Dimensions'!$A:$N,8,FALSE) -> 0 | I279: =VLOOKUP(A279,'[2]Billing Dimensions'!$A:$N,9,FALSE)-VLOOKUP(A279,'Audit Dimensions'!$A:$N,9,FALSE) -> 0 | J279: =VLOOKUP(A279,'[2]Billing Dimensions'!$A:$N,10,FALSE)-VLOOKUP(A279,'Audit Dimensions'!$A:$N,10,FALSE) -> 0 | K279: =VLOOKUP(A279,'[2]Billing Dimensions'!$A:$N,11,FALSE)-VLOOKUP(A279,'Audit Dimensions'!$A:$N,11,FALSE) -> 0 | L279: =VLOOKUP(A279,'[2]Billing Dimensions'!$A:$N,12,FALSE)-VLOOKUP(A279,'Audit Dimensions'!$A:$N,12,FALSE) -> 0 | M279: =VLOOKUP(A279,'[2]Billing Dimensions'!$A:$N,13,FALSE)-VLOOKUP(A279,'Audit Dimensions'!$A:$N,13,FALSE) -> 0 | N279: =VLOOKUP(A279,'[2]Billing Dimensions'!$A:$N,14,FALSE)-VLOOKUP(A279,'Audit Dimensions'!$A:$N,14,FALSE) -> 0 | O279: =VLOOKUP(A279,'[2]Billing Dimensions'!A:Q,16,FALSE)-VLOOKUP('Audit VAR'!A279,'Audit Dimensions'!A:P,16,FALSE) -> 0 | P279: =O279/1000 -> 0 | Q279: =(((C279*D279*E279)+(G279*H279*I279)+(K279*L279*M279))/1000000)*35.32 -> 3.532e-05 | R279: =P279/Q279 -> 0
A280: ST-CBN-P | B280: SB | C280: 1 | D280: 1 | E280: 1 | F280: 14647 | G280: =VLOOKUP(A280,'[2]Billing Dimensions'!$A:$N,7,FALSE)-VLOOKUP(A280,'Audit Dimensions'!$A:$N,7,FALSE) -> 0 | H280: =VLOOKUP(A280,'[2]Billing Dimensions'!$A:$N,8,FALSE)-VLOOKUP(A280,'Audit Dimensions'!$A:$N,8,FALSE) -> 0 | I280: =VLOOKUP(A280,'[2]Billing Dimensions'!$A:$N,9,FALSE)-VLOOKUP(A280,'Audit Dimensions'!$A:$N,9,FALSE) -> 0 | J280: =VLOOKUP(A280,'[2]Billing Dimensions'!$A:$N,10,FALSE)-VLOOKUP(A280,'Audit Dimensions'!$A:$N,10,FALSE) -> 0 | K280: =VLOOKUP(A280,'[2]Billing Dimensions'!$A:$N,11,FALSE)-VLOOKUP(A280,'Audit Dimensions'!$A:$N,11,FALSE) -> 0 | L280: =VLOOKUP(A280,'[2]Billing Dimensions'!$A:$N,12,FALSE)-VLOOKUP(A280,'Audit Dimensions'!$A:$N,12,FALSE) -> 0 | M280: =VLOOKUP(A280,'[2]Billing Dimensions'!$A:$N,13,FALSE)-VLOOKUP(A280,'Audit Dimensions'!$A:$N,13,FALSE) -> 0 | N280: =VLOOKUP(A280,'[2]Billing Dimensions'!$A:$N,14,FALSE)-VLOOKUP(A280,'Audit Dimensions'!$A:$N,14,FALSE) -> 0 | O280: =VLOOKUP(A280,'[2]Billing Dimensions'!A:Q,16,FALSE)-VLOOKUP('Audit VAR'!A280,'Audit Dimensions'!A:P,16,FALSE) -> 0 | P280: =O280/1000 -> 0 | Q280: =(((C280*D280*E280)+(G280*H280*I280)+(K280*L280*M280))/1000000)*35.32 -> 3.532e-05 | R280: =P280/Q280 -> 0
A281: BT-NHE | B281: SB | C281: 1 | D281: 1 | E281: 1 | F281: 4600 | G281: =VLOOKUP(A281,'[2]Billing Dimensions'!$A:$N,7,FALSE)-VLOOKUP(A281,'Audit Dimensions'!$A:$N,7,FALSE) -> 0 | H281: =VLOOKUP(A281,'[2]Billing Dimensions'!$A:$N,8,FALSE)-VLOOKUP(A281,'Audit Dimensions'!$A:$N,8,FALSE) -> 0 | I281: =VLOOKUP(A281,'[2]Billing Dimensions'!$A:$N,9,FALSE)-VLOOKUP(A281,'Audit Dimensions'!$A:$N,9,FALSE) -> 0 | J281: =VLOOKUP(A281,'[2]Billing Dimensions'!$A:$N,10,FALSE)-VLOOKUP(A281,'Audit Dimensions'!$A:$N,10,FALSE) -> 0 | K281: =VLOOKUP(A281,'[2]Billing Dimensions'!$A:$N,11,FALSE)-VLOOKUP(A281,'Audit Dimensions'!$A:$N,11,FALSE) -> 0 | L281: =VLOOKUP(A281,'[2]Billing Dimensions'!$A:$N,12,FALSE)-VLOOKUP(A281,'Audit Dimensions'!$A:$N,12,FALSE) -> 0 | M281: =VLOOKUP(A281,'[2]Billing Dimensions'!$A:$N,13,FALSE)-VLOOKUP(A281,'Audit Dimensions'!$A:$N,13,FALSE) -> 0 | N281: =VLOOKUP(A281,'[2]Billing Dimensions'!$A:$N,14,FALSE)-VLOOKUP(A281,'Audit Dimensions'!$A:$N,14,FALSE) -> 0 | O281: =VLOOKUP(A281,'[2]Billing Dimensions'!A:Q,16,FALSE)-VLOOKUP('Audit VAR'!A281,'Audit Dimensions'!A:P,16,FALSE) -> 0 | P281: =O281/1000 -> 0 | Q281: =(((C281*D281*E281)+(G281*H281*I281)+(K281*L281*M281))/1000000)*35.32 -> 3.532e-05 | R281: =P281/Q281 -> 0
A282: KC-OPT-1N | B282: SB | C282: 1 | D282: 1 | E282: 1 | F282: 19500 | G282: =VLOOKUP(A282,'[2]Billing Dimensions'!$A:$N,7,FALSE)-VLOOKUP(A282,'Audit Dimensions'!$A:$N,7,FALSE) -> 0 | H282: =VLOOKUP(A282,'[2]Billing Dimensions'!$A:$N,8,FALSE)-VLOOKUP(A282,'Audit Dimensions'!$A:$N,8,FALSE) -> 0 | I282: =VLOOKUP(A282,'[2]Billing Dimensions'!$A:$N,9,FALSE)-VLOOKUP(A282,'Audit Dimensions'!$A:$N,9,FALSE) -> 0 | J282: =VLOOKUP(A282,'[2]Billing Dimensions'!$A:$N,10,FALSE)-VLOOKUP(A282,'Audit Dimensions'!$A:$N,10,FALSE) -> 0 | K282: =VLOOKUP(A282,'[2]Billing Dimensions'!$A:$N,11,FALSE)-VLOOKUP(A282,'Audit Dimensions'!$A:$N,11,FALSE) -> 0 | L282: =VLOOKUP(A282,'[2]Billing Dimensions'!$A:$N,12,FALSE)-VLOOKUP(A282,'Audit Dimensions'!$A:$N,12,FALSE) -> 0 | M282: =VLOOKUP(A282,'[2]Billing Dimensions'!$A:$N,13,FALSE)-VLOOKUP(A282,'Audit Dimensions'!$A:$N,13,FALSE) -> 0 | N282: =VLOOKUP(A282,'[2]Billing Dimensions'!$A:$N,14,FALSE)-VLOOKUP(A282,'Audit Dimensions'!$A:$N,14,FALSE) -> 0 | O282: =VLOOKUP(A282,'[2]Billing Dimensions'!A:Q,16,FALSE)-VLOOKUP('Audit VAR'!A282,'Audit Dimensions'!A:P,16,FALSE) -> 0 | P282: =O282/1000 -> 0 | Q282: =(((C282*D282*E282)+(G282*H282*I282)+(K282*L282*M282))/1000000)*35.32 -> 3.532e-05 | R282: =P282/Q282 -> 0
... A300: SH-GTA | B300: SB | C300: 1 | D300: 1 | E300: 1 | F300: 5500 | G300: =VLOOKUP(A300,'[2]Billing Dimensions'!$A:$N,7,FALSE)-VLOOKUP(A300,'Audit Dimensions'!$A:$N,7,FALSE) -> 0 | H300: =VLOOKUP(A300,'[2]Billing Dimensions'!$A:$N,8,FALSE)-VLOOKUP(A300,'Audit Dimensions'!$A:$N,8,FALSE) -> 0 | I300: =VLOOKUP(A300,'[2]Billing Dimensions'!$A:$N,9,FALSE)-VLOOKUP(A300,'Audit Dimensions'!$A:$N,9,FALSE) -> 0 | J300: =VLOOKUP(A300,'[2]Billing Dimensions'!$A:$N,10,FALSE)-VLOOKUP(A300,'Audit Dimensions'!$A:$N,10,FALSE) -> 0 | K300: =VLOOKUP(A300,'[2]Billing Dimensions'!$A:$N,11,FALSE)-VLOOKUP(A300,'Audit Dimensions'!$A:$N,11,FALSE) -> 0 | L300: =VLOOKUP(A300,'[2]Billing Dimensions'!$A:$N,12,FALSE)-VLOOKUP(A300,'Audit Dimensions'!$A:$N,12,FALSE) -> 0 | M300: =VLOOKUP(A300,'[2]Billing Dimensions'!$A:$N,13,FALSE)-VLOOKUP(A300,'Audit Dimensions'!$A:$N,13,FALSE) -> 0 | N300: =VLOOKUP(A300,'[2]Billing Dimensions'!$A:$N,14,FALSE)-VLOOKUP(A300,'Audit Dimensions'!$A:$N,14,FALSE) -> 0 | O300: =VLOOKUP(A300,'[2]Billing Dimensions'!A:Q,16,FALSE)-VLOOKUP('Audit VAR'!A300,'Audit Dimensions'!A:P,16,FALSE) -> -1850 | P300: =O300/1000 -> -1.85 | Q300: =(((C300*D300*E300)+(G300*H300*I300)+(K300*L300*M300))/1000000)*35.32 -> 3.532e-05 | R300: =P300/Q300 -> -52378.256
