Workbook

Sheet Child SKUs - Alias Master
A1: Seller SKU | B1: Chck | C1: O.SR | D1: MTP SKU | E1: MTP Name | F1: Child Color | G1: SKU Product Name | H1: MRP | I1: Barcode | J1: FNSKU | K1: ASIN | L1: FK FSN | M1: FK List.ID | N1: UL | O1: PF | P1: PF WH SKU | Q1: Myntra
A2: SR-CLM-TM | B2: =IFERROR(VLOOKUP(Table1[[#This Row],[Seller SKU]],'[1]FG Snapshot (V2)'!$A:$B,2,0),"AR") -> Y | C2: =IFERROR(VLOOKUP(Table1[[#This Row],[Seller SKU]],'[1]FG Snapshot (V2)'!$A:$E,5,0),"AR") -> 1 | D2: SR-CLM-T | E2: =VLOOKUP(Table1[[#This Row],[MTP SKU]],'MTP SKUs - Master Data'!A:D,3,0) -> Carlem Tall Design Shoe Rack | F2: Brown Maple | G2: =_xlfn.CONCAT(Table1[[#This Row],[MTP Name]]," ",Table1[[#This Row],[ Child Color]]) -> Carlem Tall Design Shoe Rack Brown Maple | H2: =VLOOKUP(Table1[[#This Row],[MTP SKU]],'MTP SKUs - Master Data'!A:D,3,0) -> Carlem Tall Design Shoe Rack | J2: #N/A | K2: B0DG9834LM | L2: SHKH4FQ2G6XVBAWG | M2: LSTSHKH4FQ2G6XVBAWGDAI5VU | N2: FVSGSR11BM51569 | O2: FN2200964-S-PM39235 | P2: FN2200964-S-WH41218 | Q2: 34399022
A3: TU-WBM-MF | B3: =IFERROR(VLOOKUP(Table1[[#This Row],[Seller SKU]],'[1]FG Snapshot (V2)'!$A:$B,2,0),"AR") -> Y | C3: =IFERROR(VLOOKUP(Table1[[#This Row],[Seller SKU]],'[1]FG Snapshot (V2)'!$A:$E,5,0),"AR") -> 5 | D3: TU-WBM | E3: =VLOOKUP(Table1[[#This Row],[MTP SKU]],'MTP SKUs - Master Data'!A:D,3,0) -> Wilbrome TV Unit | F3: Brown Maple & White | G3: =_xlfn.CONCAT(Table1[[#This Row],[MTP Name]]," ",Table1[[#This Row],[ Child Color]]) -> Wilbrome TV Unit Brown Maple & White | H3: =VLOOKUP(Table1[[#This Row],[MTP SKU]],'MTP SKUs - Master Data'!A:D,3,0) -> Wilbrome TV Unit | J3: X0023REYJ9 | K3: B0CJC6PTKS | L3: TVUGUGZ55QPQGEHY | M3: LSTTVUGUGZ55QPQGEHY8HJVMU | N3: FVTBAV33BR32705 | O3: FN2135043-S-PM39235 | P3: FN2135043-S-WH41218 | Q3: 34399074
A4: TU-BKY-M | B4: =IFERROR(VLOOKUP(Table1[[#This Row],[Seller SKU]],'[1]FG Snapshot (V2)'!$A:$B,2,0),"AR") -> Y | C4: =IFERROR(VLOOKUP(Table1[[#This Row],[Seller SKU]],'[1]FG Snapshot (V2)'!$A:$E,5,0),"AR") -> 2 | D4: TU-BKY | E4: =VLOOKUP(Table1[[#This Row],[MTP SKU]],'MTP SKUs - Master Data'!A:D,3,0) -> Blesky TV Unit | F4: Brown Maple | G4: =_xlfn.CONCAT(Table1[[#This Row],[MTP Name]]," ",Table1[[#This Row],[ Child Color]]) -> Blesky TV Unit Brown Maple | H4: =VLOOKUP(Table1[[#This Row],[MTP SKU]],'MTP SKUs - Master Data'!A:D,3,0) -> Blesky TV Unit | J4: #N/A | K4: B0DFPSHRLG | L4: TVUH48ZZFZFFTYZH | M4: LSTTVUH48ZZFZFFTYZHBYMZVY | N4: FVSGAV11BM51538 | O4: FN2200968-S-PM39235 | P4: FN2200968-S-WH41218 | Q4: 34399027
A5: TU-SKD-WF | B5: =IFERROR(VLOOKUP(Table1[[#This Row],[Seller SKU]],'[1]FG Snapshot (V2)'!$A:$B,2,0),"AR") -> Y | C5: =IFERROR(VLOOKUP(Table1[[#This Row],[Seller SKU]],'[1]FG Snapshot (V2)'!$A:$E,5,0),"AR") -> 8 | D5: TU-SKD | E5: =VLOOKUP(Table1[[#This Row],[MTP SKU]],'MTP SKUs - Master Data'!A:D,3,0) -> Skiddo TV Unit | F5: Wenge & White | G5: =_xlfn.CONCAT(Table1[[#This Row],[MTP Name]]," ",Table1[[#This Row],[ Child Color]]) -> Skiddo TV Unit Wenge & White | H5: =VLOOKUP(Table1[[#This Row],[MTP SKU]],'MTP SKUs - Master Data'!A:D,3,0) -> Skiddo TV Unit | J5: X0023REYIZ | K5: B0BCZ4GVFM | L5: TVUGG2FKZKVE897E | M5: LSTTVUGG2FKZKVE897E7WSGLU | N5: FVTBAV33BR70800 | O5: FN2087160-S-PM39235 | P5: FN2087160-S-WH41218 | Q5: #N/A
A6: PU-SNM-F | B6: =IFERROR(VLOOKUP(Table1[[#This Row],[Seller SKU]],'[1]FG Snapshot (V2)'!$A:$B,2,0),"AR") -> NL | C6: =IFERROR(VLOOKUP(Table1[[#This Row],[Seller SKU]],'[1]FG Snapshot (V2)'!$A:$E,5,0),"AR") -> 4 | D6: PU-SNM | E6: =VLOOKUP(Table1[[#This Row],[MTP SKU]],'MTP SKUs - Master Data'!A:D,3,0) -> Sharnam Pooja Unit | F6: White | G6: =_xlfn.CONCAT(Table1[[#This Row],[MTP Name]]," ",Table1[[#This Row],[ Child Color]]) -> Sharnam Pooja Unit White | H6: =VLOOKUP(Table1[[#This Row],[MTP SKU]],'MTP SKUs - Master Data'!A:D,3,0) -> Sharnam Pooja Unit | K6: B0FGVBK5KB | L6: HTEHDWFAK35EYHA3 | M6: LSTHTEHDWFAK35EYHA3P0TGWN | N6: FVSGPR11WH51575 | O6: KD2280098-S-PM39397 | P6: Not in WH | Q6: #N/A
A7: TU-SKD-MF | B7: =IFERROR(VLOOKUP(Table1[[#This Row],[Seller SKU]],'[1]FG Snapshot (V2)'!$A:$B,2,0),"AR") -> Y | C7: =IFERROR(VLOOKUP(Table1[[#This Row],[Seller SKU]],'[1]FG Snapshot (V2)'!$A:$E,5,0),"AR") -> 7 | D7: TU-SKD | E7: =VLOOKUP(Table1[[#This Row],[MTP SKU]],'MTP SKUs - Master Data'!A:D,3,0) -> Skiddo TV Unit | F7: Brown Maple & White | G7: =_xlfn.CONCAT(Table1[[#This Row],[MTP Name]]," ",Table1[[#This Row],[ Child Color]]) -> Skiddo TV Unit Brown Maple & White | H7: =VLOOKUP(Table1[[#This Row],[MTP SKU]],'MTP SKUs - Master Data'!A:D,3,0) -> Skiddo TV Unit | J7: X0023RTQJH | K7: B0CJLRT2TR | L7: TVUGUGZAHZGDRSFH | M7: LSTTVUGUGZAHZGDRSFH1SZQVK | N7: FVTBAV33BR32706 | O7: FN2152519-S-PM39235 | P7: FN2152519-S-WH41218 | Q7: 34398993
A8: W-MLT-4NMF | B8: =IFERROR(VLOOKUP(Table1[[#This Row],[Seller SKU]],'[1]FG Snapshot (V2)'!$A:$B,2,0),"AR") -> RL | C8: =IFERROR(VLOOKUP(Table1[[#This Row],[Seller SKU]],'[1]FG Snapshot (V2)'!$A:$E,5,0),"AR") -> 14 | D8: W-MLT-4N | E8: =VLOOKUP(Table1[[#This Row],[MTP SKU]],'MTP SKUs - Master Data'!A:D,3,0) -> Maltein 4 Door Without Mirror Wardrobe | F8: Brown Maple & White | G8: =_xlfn.CONCAT(Table1[[#This Row],[MTP Name]]," ",Table1[[#This Row],[ Child Color]]) -> Maltein 4 Door Without Mirror Wardrobe Brown Maple & White | H8: =VLOOKUP(Table1[[#This Row],[MTP SKU]],'MTP SKUs - Master Data'!A:D,3,0) -> Maltein 4 Door Without Mirror Wardrobe | K8: B0FDVHM7XN | L8: WCLHDTDAXGCVRGGD | M8: LSTWCLHDTDAXGCVRGGDNCGVVY | N8: FVSGCB11BW51520 | O8: FN2260676-S-PM39235 | P8: FN2260676-S-WH41218 | Q8: #N/A
A9: ST-CBN-LSMF | B9: =IFERROR(VLOOKUP(Table1[[#This Row],[Seller SKU]],'[1]FG Snapshot (V2)'!$A:$B,2,0),"AR") -> Y | C9: =IFERROR(VLOOKUP(Table1[[#This Row],[Seller SKU]],'[1]FG Snapshot (V2)'!$A:$E,5,0),"AR") -> 25 | D9: ST-CBN-LS | E9: =VLOOKUP(Table1[[#This Row],[MTP SKU]],'MTP SKUs - Master Data'!A:D,3,0) -> Corbyn L-Shape Study Table | F9: Brown Maple & White | G9: =_xlfn.CONCAT(Table1[[#This Row],[MTP Name]]," ",Table1[[#This Row],[ Child Color]]) -> Corbyn L-Shape Study Table Brown Maple & White | H9: =VLOOKUP(Table1[[#This Row],[MTP SKU]],'MTP SKUs - Master Data'!A:D,3,0) -> Corbyn L-Shape Study Table | J9: #N/A | K9: B0DFQ1Q1LJ | L9: OSTHAYGSVZ5TZJRE | M9: LSTOSTHAYGSVZ5TZJRE1LYIVS | N9: FVTBST11BW51562 | O9: FN2200965-S-PM39235 | P9: FN2200965-S-WH41218 | Q9: 34399075
A10: W-MLT-3NMF | B10: =IFERROR(VLOOKUP(Table1[[#This Row],[Seller SKU]],'[1]FG Snapshot (V2)'!$A:$B,2,0),"AR") -> Y | C10: =IFERROR(VLOOKUP(Table1[[#This Row],[Seller SKU]],'[1]FG Snapshot (V2)'!$A:$E,5,0),"AR") -> 21 | D10: W-MLT-3N | E10: =VLOOKUP(Table1[[#This Row],[MTP SKU]],'MTP SKUs - Master Data'!A:D,3,0) -> Maltein 3 Door Without Mirror Wardrobe | F10: Brown Maple & White | G10: =_xlfn.CONCAT(Table1[[#This Row],[MTP Name]]," ",Table1[[#This Row],[ Child Color]]) -> Maltein 3 Door Without Mirror Wardrobe Brown Maple & White | H10: =VLOOKUP(Table1[[#This Row],[MTP SKU]],'MTP SKUs - Master Data'!A:D,3,0) -> Maltein 3 Door Without Mirror Wardrobe | K10: B0FDW1B81W | L10: WCLHDUERQCB3KWG3 | M10: LSTWCLHDUERQCB3KWG3Z9CHDZ | N10: FVSGCB11BW51519 | O10: FN2260675-S-PM39235 | P10: FN2260675-S-WH41218 | Q10: #N/A
A11: CT-SH.E-MI | B11: =IFERROR(VLOOKUP(Table1[[#This Row],[Seller SKU]],'[1]FG Snapshot (V2)'!$A:$B,2,0),"AR") -> Y | C11: =IFERROR(VLOOKUP(Table1[[#This Row],[Seller SKU]],'[1]FG Snapshot (V2)'!$A:$E,5,0),"AR") -> 13 | D11: CT-SH | E11: =VLOOKUP(Table1[[#This Row],[MTP SKU]],'MTP SKUs - Master Data'!A:D,3,0) -> Smohn Coffee Table | F11: Brown Maple & Beige | G11: =_xlfn.CONCAT(Table1[[#This Row],[MTP Name]]," ",Table1[[#This Row],[ Child Color]]) -> Smohn Coffee Table Brown Maple & Beige | H11: =VLOOKUP(Table1[[#This Row],[MTP SKU]],'MTP SKUs - Master Data'!A:D,3,0) -> Smohn Coffee Table | J11: X001VCIAFL | K11: B0C8J81BP6 | L11: CFTH2QF2E6NJTFGD | M11: LSTCFTH2QF2E6NJTFGDTEKR8H | N11: FVTBCF33BR50150 | O11: FN2194296-S-PM39235 | P11: Not in WH | Q11: 34399060
A12: ST-AML-MI | B12: =IFERROR(VLOOKUP(Table1[[#This Row],[Seller SKU]],'[1]FG Snapshot (V2)'!$A:$B,2,0),"AR") -> Y | C12: =IFERROR(VLOOKUP(Table1[[#This Row],[Seller SKU]],'[1]FG Snapshot (V2)'!$A:$E,5,0),"AR") -> 19 | D12: ST-AML | E12: =VLOOKUP(Table1[[#This Row],[MTP SKU]],'MTP SKUs - Master Data'!A:D,3,0) -> Amalet Study Table | F12: Brown Maple & Beige | G12: =_xlfn.CONCAT(Table1[[#This Row],[MTP Name]]," ",Table1[[#This Row],[ Child Color]]) -> Amalet Study Table Brown Maple & Beige | H12: =VLOOKUP(Table1[[#This Row],[MTP SKU]],'MTP SKUs - Master Data'!A:D,3,0) -> Amalet Study Table | J12: X0024E1F2P | K12: B07N3WXJJ5 | L12: OSTGUJYGB83ZH9PB | M12: LSTOSTGUJYGB83ZH9PBF06U6Y | N12: FVTBST33BR72381 | O12: FN2152512-S-PM39235 | P12: FN2152512-S-WH41218 | Q12: 34399107
A13: W-CLO-5M | B13: =IFERROR(VLOOKUP(Table1[[#This Row],[Seller SKU]],'[1]FG Snapshot (V2)'!$A:$B,2,0),"AR") -> Y | C13: =IFERROR(VLOOKUP(Table1[[#This Row],[Seller SKU]],'[1]FG Snapshot (V2)'!$A:$E,5,0),"AR") -> 16 | D13: W-CLO-5 | E13: =VLOOKUP(Table1[[#This Row],[MTP SKU]],'MTP SKUs - Master Data'!A:D,3,0) -> Calcio 5-Tier Wardrobe | F13: Brown Maple | G13: =_xlfn.CONCAT(Table1[[#This Row],[MTP Name]]," ",Table1[[#This Row],[ Child Color]]) -> Calcio 5-Tier Wardrobe Brown Maple | H13: =VLOOKUP(Table1[[#This Row],[MTP SKU]],'MTP SKUs - Master Data'!A:D,3,0) -> Calcio 5-Tier Wardrobe | K13: B0F91468XK | L13: WCLHCARGJE9DFNG7 | M13: LSTWCLHCARGJE9DFNG78VG4UU | N13: FVSGCB11BR51517 | O13: FN2260673-S-PM39235 | P13: FN2260673-S-WH41218 | Q13: #N/A
A14: SR-BKN-TM | B14: =IFERROR(VLOOKUP(Table1[[#This Row],[Seller SKU]],'[1]FG Snapshot (V2)'!$A:$B,2,0),"AR") -> Y | C14: =IFERROR(VLOOKUP(Table1[[#This Row],[Seller SKU]],'[1]FG Snapshot (V2)'!$A:$E,5,0),"AR") -> 15 | D14: SR-BKN-T | E14: =VLOOKUP(Table1[[#This Row],[MTP SKU]],'MTP SKUs - Master Data'!A:D,3,0) -> Brooklyn Tall Shoe Rack | F14: Brown Maple | G14: =_xlfn.CONCAT(Table1[[#This Row],[MTP Name]]," ",Table1[[#This Row],[ Child Color]]) -> Brooklyn Tall Shoe Rack Brown Maple | H14: =VLOOKUP(Table1[[#This Row],[MTP SKU]],'MTP SKUs - Master Data'!A:D,3,0) -> Brooklyn Tall Shoe Rack | J14: #N/A | K14: B0DSQ5MH6T | L14: SHKH95M3REHRAZHJ | M14: LSTSHKH95M3REHRAZHJSNG9HZ | N14: FVSGSR11BM51568 | O14: FN2260661-S-PM39235 | P14: FN2260661-S-WH41218 | Q14: 34399229
A15: TU-SKD-LF | B15: =IFERROR(VLOOKUP(Table1[[#This Row],[Seller SKU]],'[1]FG Snapshot (V2)'!$A:$B,2,0),"AR") -> YD | C15: =IFERROR(VLOOKUP(Table1[[#This Row],[Seller SKU]],'[1]FG Snapshot (V2)'!$A:$E,5,0),"AR") -> 27 | D15: TU-SKD | E15: =VLOOKUP(Table1[[#This Row],[MTP SKU]],'MTP SKUs - Master Data'!A:D,3,0) -> Skiddo TV Unit | F15: Walnut & White | G15: =_xlfn.CONCAT(Table1[[#This Row],[MTP Name]]," ",Table1[[#This Row],[ Child Color]]) -> Skiddo TV Unit Walnut & White | H15: =VLOOKUP(Table1[[#This Row],[MTP SKU]],'MTP SKUs - Master Data'!A:D,3,0) -> Skiddo TV Unit | J15: X0023REYJJ | K15: B0BCZ699P2 | L15: TVUGG2FKGHH8SXA9 | M15: LSTTVUGG2FKGHH8SXA9QIZKRE | N15: FVTBAV33BR70799 | O15: FN2087161-S-PM39235 | P15: FN2087161-S-WH41218 | Q15: 34399021
A16: SR-CLM-3M | B16: =IFERROR(VLOOKUP(Table1[[#This Row],[Seller SKU]],'[1]FG Snapshot (V2)'!$A:$B,2,0),"AR") -> y | C16: =IFERROR(VLOOKUP(Table1[[#This Row],[Seller SKU]],'[1]FG Snapshot (V2)'!$A:$E,5,0),"AR") -> 6 | D16: SR-CLM-3 | E16: =VLOOKUP(Table1[[#This Row],[MTP SKU]],'MTP SKUs - Master Data'!A:D,3,0) -> Carlem 3 Door Shoe Rack | F16: Brown Maple | G16: =_xlfn.CONCAT(Table1[[#This Row],[MTP Name]]," ",Table1[[#This Row],[ Child Color]]) -> Carlem 3 Door Shoe Rack Brown Maple | H16: =VLOOKUP(Table1[[#This Row],[MTP SKU]],'MTP SKUs - Master Data'!A:D,3,0) -> Carlem 3 Door Shoe Rack | J16: X0022LYPC7 | K16: B0CR69LX8T | L16: CSDGWZYSKGJSWHK6 | M16: LSTCSDGWZYSKGJSWHK6YBM4FU | N16: FVSGBR33BR72391 | O16: FN2166587-S-PM39235 | P16: FN2166587-S-WH41218 | Q16: 34399038
A17: W-MLT-MMF | B17: =IFERROR(VLOOKUP(Table1[[#This Row],[Seller SKU]],'[1]FG Snapshot (V2)'!$A:$B,2,0),"AR") -> Y | C17: =IFERROR(VLOOKUP(Table1[[#This Row],[Seller SKU]],'[1]FG Snapshot (V2)'!$A:$E,5,0),"AR") -> 24 | D17: W-MLT-M | E17: =VLOOKUP(Table1[[#This Row],[MTP SKU]],'MTP SKUs - Master Data'!A:D,3,0) -> Maltein Mini Wardrobe | F17: Brown Maple & White | G17: =_xlfn.CONCAT(Table1[[#This Row],[MTP Name]]," ",Table1[[#This Row],[ Child Color]]) -> Maltein Mini Wardrobe Brown Maple & White | H17: =VLOOKUP(Table1[[#This Row],[MTP SKU]],'MTP SKUs - Master Data'!A:D,3,0) -> Maltein Mini Wardrobe | K17: B0F8ZQGWZM | L17: WCLHC8TZMCYUGJ2H | M17: LSTWCLHC8TZMCYUGJ2HGRGYQT | N17: FVSGCB11BW51521 | O17: FN2260677-S-PM39235 | P17: FN2260677-S-WH41218 | Q17: #N/A
A18: TU-WBM-STMF | B18: =IFERROR(VLOOKUP(Table1[[#This Row],[Seller SKU]],'[1]FG Snapshot (V2)'!$A:$B,2,0),"AR") -> Y | C18: =IFERROR(VLOOKUP(Table1[[#This Row],[Seller SKU]],'[1]FG Snapshot (V2)'!$A:$E,5,0),"AR") -> 10 | D18: TU-WBM-ST | E18: =VLOOKUP(Table1[[#This Row],[MTP SKU]],'MTP SKUs - Master Data'!A:D,3,0) -> Wilbrome Mini TV Unit | F18: Brown Maple & White | G18: =_xlfn.CONCAT(Table1[[#This Row],[MTP Name]]," ",Table1[[#This Row],[ Child Color]]) -> Wilbrome Mini TV Unit Brown Maple & White | H18: =VLOOKUP(Table1[[#This Row],[MTP SKU]],'MTP SKUs - Master Data'!A:D,3,0) -> Wilbrome Mini TV Unit | J18: #N/A | K18: B0DSQ3TL2Q | L18: TVUH8GZ2FZTB4FXF | M18: LSTTVUH8GZ2FZTB4FXFINMHZF | N18: FVSGAV11BW51548 | O18: FN2229405-S-PM39235 | P18: FN2229405-S-WH41218 | Q18: #N/A
A19: SR-MVS-IM | B19: =IFERROR(VLOOKUP(Table1[[#This Row],[Seller SKU]],'[1]FG Snapshot (V2)'!$A:$B,2,0),"AR") -> Y | C19: =IFERROR(VLOOKUP(Table1[[#This Row],[Seller SKU]],'[1]FG Snapshot (V2)'!$A:$E,5,0),"AR") -> 20 | D19: SR-MVS-I | E19: =VLOOKUP(Table1[[#This Row],[MTP SKU]],'MTP SKUs - Master Data'!A:D,3,0) -> Mavis Seating Shoe Rack | F19: Brown Maple | G19: =_xlfn.CONCAT(Table1[[#This Row],[MTP Name]]," ",Table1[[#This Row],[ Child Color]]) -> Mavis Seating Shoe Rack Brown Maple | H19: =VLOOKUP(Table1[[#This Row],[MTP SKU]],'MTP SKUs - Master Data'!A:D,3,0) -> Mavis Seating Shoe Rack | K19: B0FBM1HTL7 | L19: SHKHCSGK2HQ3ZUPD | M19: LSTSHKHCSGK2HQ3ZUPDK2V99U | N19: FVSGSR11BM51571 | O19: FN2260663-S-PM39235 | P19: FN2260663-S-WH41218 | Q19: 35524081
A20: SR-KPN-MF | B20: =IFERROR(VLOOKUP(Table1[[#This Row],[Seller SKU]],'[1]FG Snapshot (V2)'!$A:$B,2,0),"AR") -> Y | C20: =IFERROR(VLOOKUP(Table1[[#This Row],[Seller SKU]],'[1]FG Snapshot (V2)'!$A:$E,5,0),"AR") -> 22 | D20: SR-KPN | E20: =VLOOKUP(Table1[[#This Row],[MTP SKU]],'MTP SKUs - Master Data'!A:D,3,0) -> Kaspen Shoe Rack | F20: Brown Maple & White | G20: =_xlfn.CONCAT(Table1[[#This Row],[MTP Name]]," ",Table1[[#This Row],[ Child Color]]) -> Kaspen Shoe Rack Brown Maple & White | H20: =VLOOKUP(Table1[[#This Row],[MTP SKU]],'MTP SKUs - Master Data'!A:D,3,0) -> Kaspen Shoe Rack | J20: X001YXTP9H | K20: B0CJML27W6 | L20: SHKGUJF3UF2DGWVH | M20: LSTSHKGUJF3UF2DGWVHCMW77H | N20: FVSGSR33BR32753 | O20: FN2152510-S-PM39235 | P20: FN2152510-S-WH41218 | Q20: 34399166
A21: TU-FL-FW | B21: =IFERROR(VLOOKUP(Table1[[#This Row],[Seller SKU]],'[1]FG Snapshot (V2)'!$A:$B,2,0),"AR") -> Y | C21: =IFERROR(VLOOKUP(Table1[[#This Row],[Seller SKU]],'[1]FG Snapshot (V2)'!$A:$E,5,0),"AR") -> 11 | D21: TU-FL | E21: =VLOOKUP(Table1[[#This Row],[MTP SKU]],'MTP SKUs - Master Data'!A:D,3,0) -> Fenily TV Unit | F21: Wenge | G21: =_xlfn.CONCAT(Table1[[#This Row],[MTP Name]]," ",Table1[[#This Row],[ Child Color]]) -> Fenily TV Unit Wenge | H21: =VLOOKUP(Table1[[#This Row],[MTP SKU]],'MTP SKUs - Master Data'!A:D,3,0) -> Fenily TV Unit | J21: #N/A | K21: B09XJ3Y86J | L21: TVUH4MFSZKDU3XHM | M21: LSTTVUH4MFSZKDU3XHMCHDSCE | N21: FVSGAV33WW20528 | O21: FN1987991-S-PM39235 | P21: FN1987991-S-WH41218 | Q21: 34399237
A22: SR-MVS-ITM | B22: =IFERROR(VLOOKUP(Table1[[#This Row],[Seller SKU]],'[1]FG Snapshot (V2)'!$A:$B,2,0),"AR") -> Y | C22: =IFERROR(VLOOKUP(Table1[[#This Row],[Seller SKU]],'[1]FG Snapshot (V2)'!$A:$E,5,0),"AR") -> 3 | D22: SR-MVS-IT | E22: =VLOOKUP(Table1[[#This Row],[MTP SKU]],'MTP SKUs - Master Data'!A:D,3,0) -> Mavis Combo Shoe Rack | F22: Brown Maple | G22: =_xlfn.CONCAT(Table1[[#This Row],[MTP Name]]," ",Table1[[#This Row],[ Child Color]]) -> Mavis Combo Shoe Rack Brown Maple | H22: =VLOOKUP(Table1[[#This Row],[MTP SKU]],'MTP SKUs - Master Data'!A:D,3,0) -> Mavis Combo Shoe Rack | K22: B0F91299Q2 | L22: SHKHCAT3GDMYGRFN | M22: LSTSHKHCAT3GDMYGRFNDS6X1K | N22: FVSGSR11BM51572 | O22: FN2260664-S-PM39235 | P22: FN2260664-S-WH41218 | Q22: 35524079
A23: TU-BKY-STM | B23: =IFERROR(VLOOKUP(Table1[[#This Row],[Seller SKU]],'[1]FG Snapshot (V2)'!$A:$B,2,0),"AR") -> Y | C23: =IFERROR(VLOOKUP(Table1[[#This Row],[Seller SKU]],'[1]FG Snapshot (V2)'!$A:$E,5,0),"AR") -> 23 | D23: TU-BKY-ST | E23: =VLOOKUP(Table1[[#This Row],[MTP SKU]],'MTP SKUs - Master Data'!A:D,3,0) -> Blesky Mini TV Unit | F23: Brown Maple | G23: =_xlfn.CONCAT(Table1[[#This Row],[MTP Name]]," ",Table1[[#This Row],[ Child Color]]) -> Blesky Mini TV Unit Brown Maple | H23: =VLOOKUP(Table1[[#This Row],[MTP SKU]],'MTP SKUs - Master Data'!A:D,3,0) -> Blesky Mini TV Unit | J23: #N/A | K23: B0DSQ19SZT | L23: TVUH8GYTFPGJXSNX | M23: LSTTVUH8GYTFPGJXSNX003FCA | N23: FVSGAV11BM51539 | O23: FN2229399-S-PM39235 | P23: FN2229399-S-WH41218 | Q23: 34399093
A24: SR-BKN-M | B24: =IFERROR(VLOOKUP(Table1[[#This Row],[Seller SKU]],'[1]FG Snapshot (V2)'!$A:$B,2,0),"AR") -> Y | C24: =IFERROR(VLOOKUP(Table1[[#This Row],[Seller SKU]],'[1]FG Snapshot (V2)'!$A:$E,5,0),"AR") -> 50 | D24: SR-BKN-2 | E24: =VLOOKUP(Table1[[#This Row],[MTP SKU]],'MTP SKUs - Master Data'!A:D,3,0) -> Brooklyn Shoe Rack | F24: Brown Maple | G24: =_xlfn.CONCAT(Table1[[#This Row],[MTP Name]]," ",Table1[[#This Row],[ Child Color]]) -> Brooklyn Shoe Rack Brown Maple | H24: =VLOOKUP(Table1[[#This Row],[MTP SKU]],'MTP SKUs - Master Data'!A:D,3,0) -> Brooklyn Shoe Rack | J24: X001YXXSTF | K24: B0CP7G5QDT | L24: SHKH7GBQ3Y5UGHY6 | M24: LSTSHKH7GBQ3Y5UGHY6YCUBOR | N24: FVSGSR33BR32751 | O24: FN2166555-S-PM39235 | P24: FN2166555-S-WH41218 | Q24: 34399032
A25: S-PTE-M | B25: =IFERROR(VLOOKUP(Table1[[#This Row],[Seller SKU]],'[1]FG Snapshot (V2)'!$A:$B,2,0),"AR") -> y | C25: =IFERROR(VLOOKUP(Table1[[#This Row],[Seller SKU]],'[1]FG Snapshot (V2)'!$A:$E,5,0),"AR") -> 17 | D25: S-PTE | E25: =VLOOKUP(Table1[[#This Row],[MTP SKU]],'MTP SKUs - Master Data'!A:D,3,0) -> Petree Wall Shelve | F25: Brown Maple | G25: =_xlfn.CONCAT(Table1[[#This Row],[MTP Name]]," ",Table1[[#This Row],[ Child Color]]) -> Petree Wall Shelve Brown Maple | H25: =VLOOKUP(Table1[[#This Row],[MTP SKU]],'MTP SKUs - Master Data'!A:D,3,0) -> Petree Wall Shelve | J25: X001XQD9H9 | K25: B0CQNX8LKS | L25: BSFGWYJSA2HHHPHT | M25: LSTBSFGWYJSA2HHHPHTYDE7VD | N25: FVSGWS33BR72396 | O25: DE2198506-S-PM39397 | P25: Not in WH | Q25: 29525078
A26: SR-CLE-MF | B26: =IFERROR(VLOOKUP(Table1[[#This Row],[Seller SKU]],'[1]FG Snapshot (V2)'!$A:$B,2,0),"AR") -> Y | C26: =IFERROR(VLOOKUP(Table1[[#This Row],[Seller SKU]],'[1]FG Snapshot (V2)'!$A:$E,5,0),"AR") -> 36 | D26: SR-CLE | E26: =VLOOKUP(Table1[[#This Row],[MTP SKU]],'MTP SKUs - Master Data'!A:D,3,0) -> Cylvie Shoe Rack | F26: Brown Maple & White | G26: =_xlfn.CONCAT(Table1[[#This Row],[MTP Name]]," ",Table1[[#This Row],[ Child Color]]) -> Cylvie Shoe Rack Brown Maple & White | H26: =VLOOKUP(Table1[[#This Row],[MTP SKU]],'MTP SKUs - Master Data'!A:D,3,0) -> Cylvie Shoe Rack | J26: X001YXXQJH | K26: B0CV33DPSP | L26: SHKGXUTFT7GNNTMQ | M26: LSTSHKGXUTFT7GNNTMQLWFGXU | N26: FVSGSR33BR32755 | O26: FN2194306-S-PM39235 | P26: FN2194306-S-WH41218 | Q26: 34399203
A27: TU-AYL-M | B27: =IFERROR(VLOOKUP(Table1[[#This Row],[Seller SKU]],'[1]FG Snapshot (V2)'!$A:$B,2,0),"AR") -> Y | C27: =IFERROR(VLOOKUP(Table1[[#This Row],[Seller SKU]],'[1]FG Snapshot (V2)'!$A:$E,5,0),"AR") -> 37 | D27: TU-AYL | E27: =VLOOKUP(Table1[[#This Row],[MTP SKU]],'MTP SKUs - Master Data'!A:D,3,0) -> Averyl TV Unit | F27: Brown Maple | G27: =_xlfn.CONCAT(Table1[[#This Row],[MTP Name]]," ",Table1[[#This Row],[ Child Color]]) -> Averyl TV Unit Brown Maple | H27: =VLOOKUP(Table1[[#This Row],[MTP SKU]],'MTP SKUs - Master Data'!A:D,3,0) -> Averyl TV Unit | J27: X001YODXTT | K27: B0CV3HL1JS | L27: TVUGXUTJUQHJ9KJS | M27: LSTTVUGXUTJUQHJ9KJSKLQSEQ | N27: FVTBAV33BR32711 | O27: FN2194313-S-PM39235 | P27: FN2194313-S-WH41218 | Q27: 34398996
A28: SR-KPN-FL | B28: =IFERROR(VLOOKUP(Table1[[#This Row],[Seller SKU]],'[1]FG Snapshot (V2)'!$A:$B,2,0),"AR") -> YD | C28: =IFERROR(VLOOKUP(Table1[[#This Row],[Seller SKU]],'[1]FG Snapshot (V2)'!$A:$E,5,0),"AR") -> 49 | D28: SR-KPN | E28: =VLOOKUP(Table1[[#This Row],[MTP SKU]],'MTP SKUs - Master Data'!A:D,3,0) -> Kaspen Shoe Rack | F28: Walnut & White | G28: =_xlfn.CONCAT(Table1[[#This Row],[MTP Name]]," ",Table1[[#This Row],[ Child Color]]) -> Kaspen Shoe Rack Walnut & White | H28: =VLOOKUP(Table1[[#This Row],[MTP SKU]],'MTP SKUs - Master Data'!A:D,3,0) -> Kaspen Shoe Rack | J28: X001YXTP97 | K28: B09WR9FZXZ | L28: CSDGDC3QJKBD2EFA | M28: LSTCSDGDC3QJKBD2EFAJWVEYL | N28: FVSGSR33WW20615 | O28: FN1991916-S-PM39235 | P28: FN1991916-S-WH41218 | Q28: 34399025
A29: SR-BKN-HM | B29: =IFERROR(VLOOKUP(Table1[[#This Row],[Seller SKU]],'[1]FG Snapshot (V2)'!$A:$B,2,0),"AR") -> Y | C29: =IFERROR(VLOOKUP(Table1[[#This Row],[Seller SKU]],'[1]FG Snapshot (V2)'!$A:$E,5,0),"AR") -> 9 | D29: SR-BKN-H | E29: =VLOOKUP(Table1[[#This Row],[MTP SKU]],'MTP SKUs - Master Data'!A:D,3,0) -> Brooklyn Highline Shoe Rack | F29: Brown Maple | G29: =_xlfn.CONCAT(Table1[[#This Row],[MTP Name]]," ",Table1[[#This Row],[ Child Color]]) -> Brooklyn Highline Shoe Rack Brown Maple | H29: =VLOOKUP(Table1[[#This Row],[MTP SKU]],'MTP SKUs - Master Data'!A:D,3,0) -> Brooklyn Highline Shoe Rack | K29: B0F9139B7X | L29: SHKHCAS8YHF9HXMA | M29: LSTSHKHCAS8YHF9HXMAPBOC3L | N29: FVSGSR11BM51567 | O29: FN2260660-S-PM39235 | P29: FN2260660-S-WH41218 | Q29: 35524073
A30: TU-SKD-OF | B30: =IFERROR(VLOOKUP(Table1[[#This Row],[Seller SKU]],'[1]FG Snapshot (V2)'!$A:$B,2,0),"AR") -> NL | C30: =IFERROR(VLOOKUP(Table1[[#This Row],[Seller SKU]],'[1]FG Snapshot (V2)'!$A:$E,5,0),"AR") -> 73 | D30: TU-SKD | E30: =VLOOKUP(Table1[[#This Row],[MTP SKU]],'MTP SKUs - Master Data'!A:D,3,0) -> Skiddo TV Unit | F30: European Oak & White | G30: =_xlfn.CONCAT(Table1[[#This Row],[MTP Name]]," ",Table1[[#This Row],[ Child Color]]) -> Skiddo TV Unit European Oak & White | H30: =VLOOKUP(Table1[[#This Row],[MTP SKU]],'MTP SKUs - Master Data'!A:D,3,0) -> Skiddo TV Unit | K30: B0FNMKSVYJ | L30: TVUHH6GPYWDFP4HT | N30: #N/A | P30: Not in WH
A31: TU-FL-FL | B31: =IFERROR(VLOOKUP(Table1[[#This Row],[Seller SKU]],'[1]FG Snapshot (V2)'!$A:$B,2,0),"AR") -> YD | C31: =IFERROR(VLOOKUP(Table1[[#This Row],[Seller SKU]],'[1]FG Snapshot (V2)'!$A:$E,5,0),"AR") -> 29 | D31: TU-FL | E31: =VLOOKUP(Table1[[#This Row],[MTP SKU]],'MTP SKUs - Master Data'!A:D,3,0) -> Fenily TV Unit | F31: Walnut & White | G31: =_xlfn.CONCAT(Table1[[#This Row],[MTP Name]]," ",Table1[[#This Row],[ Child Color]]) -> Fenily TV Unit Walnut & White | H31: =VLOOKUP(Table1[[#This Row],[MTP SKU]],'MTP SKUs - Master Data'!A:D,3,0) -> Fenily TV Unit | J31: #N/A | K31: B09XJ24NG8 | L31: TVUH7RE5XBS4HBXR | M31: LSTTVUH7RE5XBS4HBXRD9VHIU | N31: FVSGAV33WW20527 | O31: FN1991938-S-PM39235 | P31: FN1991938-S-WH41218 | Q31: 34398994
A32: TU-SKDL-MF | B32: =IFERROR(VLOOKUP(Table1[[#This Row],[Seller SKU]],'[1]FG Snapshot (V2)'!$A:$B,2,0),"AR") -> Y | C32: =IFERROR(VLOOKUP(Table1[[#This Row],[Seller SKU]],'[1]FG Snapshot (V2)'!$A:$E,5,0),"AR") -> 45 | D32: TU-SKDL | E32: =VLOOKUP(Table1[[#This Row],[MTP SKU]],'MTP SKUs - Master Data'!A:D,3,0) -> Skiddo Lite TV Unit | F32: Brown Maple & White | G32: =_xlfn.CONCAT(Table1[[#This Row],[MTP Name]]," ",Table1[[#This Row],[ Child Color]]) -> Skiddo Lite TV Unit Brown Maple & White | H32: =VLOOKUP(Table1[[#This Row],[MTP SKU]],'MTP SKUs - Master Data'!A:D,3,0) -> Skiddo Lite TV Unit | K32: B0CDLQ8B41 | L32: TVUHDUEWGYRCH3GH | M32: LSTTVUHDUEWGYRCH3GHMOH1VQ | N32: FVSGAV11BW51546 | O32: FN2260668-S-PM39235 | P32: FN2260668-S-WH41218 | Q32: 35524076
A33: TU-HMD-MF | B33: =IFERROR(VLOOKUP(Table1[[#This Row],[Seller SKU]],'[1]FG Snapshot (V2)'!$A:$B,2,0),"AR") -> y | C33: =IFERROR(VLOOKUP(Table1[[#This Row],[Seller SKU]],'[1]FG Snapshot (V2)'!$A:$E,5,0),"AR") -> 30 | D33: TU-HMD | E33: =VLOOKUP(Table1[[#This Row],[MTP SKU]],'MTP SKUs - Master Data'!A:D,3,0) -> Harmond TV Unit | F33: Brown Maple & White | G33: =_xlfn.CONCAT(Table1[[#This Row],[MTP Name]]," ",Table1[[#This Row],[ Child Color]]) -> Harmond TV Unit Brown Maple & White | H33: =VLOOKUP(Table1[[#This Row],[MTP SKU]],'MTP SKUs - Master Data'!A:D,3,0) -> Harmond TV Unit | J33: X001YXXODZ | K33: B07N41C315 | L33: TVUGVHFNDSJJDECC | M33: LSTTVUGVHFNDSJJDECCOUFRNZ | N33: FVTBAV33BR32709 | O33: FN2152520-S-PM39235 | P33: FN2152520-S-WH41218 | Q33: 34399103
A34: DC-MYN-STMF | B34: =IFERROR(VLOOKUP(Table1[[#This Row],[Seller SKU]],'[1]FG Snapshot (V2)'!$A:$B,2,0),"AR") -> y | C34: =IFERROR(VLOOKUP(Table1[[#This Row],[Seller SKU]],'[1]FG Snapshot (V2)'!$A:$E,5,0),"AR") -> 48 | D34: DC-MYN-ST | E34: =VLOOKUP(Table1[[#This Row],[MTP SKU]],'MTP SKUs - Master Data'!A:D,3,0) -> Mayrone Standard Chest of Drawer | F34: Brown Maple & White | G34: =_xlfn.CONCAT(Table1[[#This Row],[MTP Name]]," ",Table1[[#This Row],[ Child Color]]) -> Mayrone Standard Chest of Drawer Brown Maple & White | H34: =VLOOKUP(Table1[[#This Row],[MTP SKU]],'MTP SKUs - Master Data'!A:D,3,0) -> Mayrone Standard Chest of Drawer | J34: #N/A | K34: B0CJCJJJ54 | L34: CSDGUGVTFGESHDZU | M34: LSTCSDGUGVTFGESHDZUEAHMTI | N34: FVSGDR33BR32696 | O34: FN2135042-S-PM39235 | P34: FN2135042-S-WH41218 | Q34: 35522194
A35: B-MLT-D30TM | B35: =IFERROR(VLOOKUP(Table1[[#This Row],[Seller SKU]],'[1]FG Snapshot (V2)'!$A:$B,2,0),"AR") -> Y | C35: =IFERROR(VLOOKUP(Table1[[#This Row],[Seller SKU]],'[1]FG Snapshot (V2)'!$A:$E,5,0),"AR") -> 18 | D35: B-MLT-D30T | E35: =VLOOKUP(Table1[[#This Row],[MTP SKU]],'MTP SKUs - Master Data'!A:D,3,0) -> Maltein Diwan 30" with Storage Bed | F35: Brown Maple | G35: =_xlfn.CONCAT(Table1[[#This Row],[MTP Name]]," ",Table1[[#This Row],[ Child Color]]) -> Maltein Diwan 30" with Storage Bed Brown Maple | H35: =VLOOKUP(Table1[[#This Row],[MTP SKU]],'MTP SKUs - Master Data'!A:D,3,0) -> Maltein Diwan 30" with Storage Bed | K35: B0FGTVTZFS | L35: BDDHDTC8CFHQU3Z8 | M35: LSTBDDHDTC8CFHQU3Z8Z07AT5 | N35: FVBDST11BR51511 | O35: FN2260655-S-PM39235 | P35: FN2260655-S-WH41218 | Q35: #N/A
A36: SR-MVS-TM | B36: =IFERROR(VLOOKUP(Table1[[#This Row],[Seller SKU]],'[1]FG Snapshot (V2)'!$A:$B,2,0),"AR") -> Y | C36: =IFERROR(VLOOKUP(Table1[[#This Row],[Seller SKU]],'[1]FG Snapshot (V2)'!$A:$E,5,0),"AR") -> 60 | D36: SR-MVS-T | E36: =VLOOKUP(Table1[[#This Row],[MTP SKU]],'MTP SKUs - Master Data'!A:D,3,0) -> Mavis Tall Shoe Rack | F36: Brown Maple | G36: =_xlfn.CONCAT(Table1[[#This Row],[MTP Name]]," ",Table1[[#This Row],[ Child Color]]) -> Mavis Tall Shoe Rack Brown Maple | H36: =VLOOKUP(Table1[[#This Row],[MTP SKU]],'MTP SKUs - Master Data'!A:D,3,0) -> Mavis Tall Shoe Rack | K36: B0FBM7C35S | L36: SHKHCSGQGTHDWQP8 | M36: LSTSHKHCSGQGTHDWQP8G3V4M2 | N36: FVSGSR11BM51573 | O36: FN2260665-S-PM39235 | P36: FN2260665-S-WH41218 | Q36: 35524078
A37: SR-CLM-2M | B37: =IFERROR(VLOOKUP(Table1[[#This Row],[Seller SKU]],'[1]FG Snapshot (V2)'!$A:$B,2,0),"AR") -> y | C37: =IFERROR(VLOOKUP(Table1[[#This Row],[Seller SKU]],'[1]FG Snapshot (V2)'!$A:$E,5,0),"AR") -> 28 | D37: SR-CLM-2 | E37: =VLOOKUP(Table1[[#This Row],[MTP SKU]],'MTP SKUs - Master Data'!A:D,3,0) -> Carlem 2 Door Shoe Rack | F37: Brown Maple | G37: =_xlfn.CONCAT(Table1[[#This Row],[MTP Name]]," ",Table1[[#This Row],[ Child Color]]) -> Carlem 2 Door Shoe Rack Brown Maple | H37: =VLOOKUP(Table1[[#This Row],[MTP SKU]],'MTP SKUs - Master Data'!A:D,3,0) -> Carlem 2 Door Shoe Rack | J37: X001YAPESL | K37: B0CR6B1KPV | L37: CSDGXYYPHCGGZQWS | M37: LSTCSDGXYYPHCGGZQWSZANXDC | N37: FVSGBR33BR72390 | O37: FN2166588-S-PM39235 | P37: FN2166588-S-WH41218 | Q37: 34399190
A38: PU-SUB-OF | B38: =IFERROR(VLOOKUP(Table1[[#This Row],[Seller SKU]],'[1]FG Snapshot (V2)'!$A:$B,2,0),"AR") -> NL | C38: =IFERROR(VLOOKUP(Table1[[#This Row],[Seller SKU]],'[1]FG Snapshot (V2)'!$A:$E,5,0),"AR") -> 26 | D38: PU-SUB | E38: =VLOOKUP(Table1[[#This Row],[MTP SKU]],'MTP SKUs - Master Data'!A:D,3,0) -> Shubh Pooja Unit Temple | F38: European Oak | G38: =_xlfn.CONCAT(Table1[[#This Row],[MTP Name]]," ",Table1[[#This Row],[ Child Color]]) -> Shubh Pooja Unit Temple European Oak | H38: =VLOOKUP(Table1[[#This Row],[MTP SKU]],'MTP SKUs - Master Data'!A:D,3,0) -> Shubh Pooja Unit Temple | K38: B0FPR86F6F | L38: HTEHGGVNH77K924P | N38: #N/A | O38: KD2280090-S-PM39397 | P38: Not in WH
A39: TU-BKMT-M | B39: =IFERROR(VLOOKUP(Table1[[#This Row],[Seller SKU]],'[1]FG Snapshot (V2)'!$A:$B,2,0),"AR") -> Y | C39: =IFERROR(VLOOKUP(Table1[[#This Row],[Seller SKU]],'[1]FG Snapshot (V2)'!$A:$E,5,0),"AR") -> 31 | D39: TU-BKMT | E39: =VLOOKUP(Table1[[#This Row],[MTP SKU]],'MTP SKUs - Master Data'!A:D,3,0) -> Blesky Miltra Combo TV Unit | F39: Brown Maple | G39: =_xlfn.CONCAT(Table1[[#This Row],[MTP Name]]," ",Table1[[#This Row],[ Child Color]]) -> Blesky Miltra Combo TV Unit Brown Maple | H39: =VLOOKUP(Table1[[#This Row],[MTP SKU]],'MTP SKUs - Master Data'!A:D,3,0) -> Blesky Miltra Combo TV Unit | J39: #N/A | K39: B0DGCY3HW8 | L39: TVUH63FQ8JG2UPFD | M39: LSTTVUH63FQ8JG2UPFDVDFM6F | N39: FVSGAV11BM51537 | O39: FN2200967-S-PM39235 | P39: Not in WH | Q39: 34399085
A40: CT-LE-M | B40: =IFERROR(VLOOKUP(Table1[[#This Row],[Seller SKU]],'[1]FG Snapshot (V2)'!$A:$B,2,0),"AR") -> Y | C40: =IFERROR(VLOOKUP(Table1[[#This Row],[Seller SKU]],'[1]FG Snapshot (V2)'!$A:$E,5,0),"AR") -> 62 | D40: CT-LE | E40: =VLOOKUP(Table1[[#This Row],[MTP SKU]],'MTP SKUs - Master Data'!A:D,3,0) -> Leo Coffee Table | F40: Brown Maple | G40: =_xlfn.CONCAT(Table1[[#This Row],[MTP Name]]," ",Table1[[#This Row],[ Child Color]]) -> Leo Coffee Table Brown Maple | H40: =VLOOKUP(Table1[[#This Row],[MTP SKU]],'MTP SKUs - Master Data'!A:D,3,0) -> Leo Coffee Table | J40: #N/A | K40: B06WLNKHXC | L40: CFTH89D5BUVCGSSG | M40: LSTCFTH89D5BUVCGSSGQU1TLP | N40: FVTBCF11BR51533 | O40: FN2229387-S-PM39235 | P40: FN2229387-S-WH41218 | Q40: 34399215
A41: TU-RWT-LAMI | B41: =IFERROR(VLOOKUP(Table1[[#This Row],[Seller SKU]],'[1]FG Snapshot (V2)'!$A:$B,2,0),"AR") -> Y | C41: =IFERROR(VLOOKUP(Table1[[#This Row],[Seller SKU]],'[1]FG Snapshot (V2)'!$A:$E,5,0),"AR") -> 39 | D41: TU-RWT-LA | E41: =VLOOKUP(Table1[[#This Row],[MTP SKU]],'MTP SKUs - Master Data'!A:D,3,0) -> Rowlet Large TV Unit | F41: Brown Maple & Beige | G41: =_xlfn.CONCAT(Table1[[#This Row],[MTP Name]]," ",Table1[[#This Row],[ Child Color]]) -> Rowlet Large TV Unit Brown Maple & Beige | H41: =VLOOKUP(Table1[[#This Row],[MTP SKU]],'MTP SKUs - Master Data'!A:D,3,0) -> Rowlet Large TV Unit | J41: #N/A | K41: B0CK2PLPCY | L41: TVUGVG6GDSWGBU8F | M41: LSTTVUGVG6GDSWGBU8FRLYIGE | N41: FVTBAV33BR32708 | O41: FN2152518-S-PM39235 | P41: FN2152518-S-WH41218 | Q41: 34399018
A42: SR-WHTO-M | B42: =IFERROR(VLOOKUP(Table1[[#This Row],[Seller SKU]],'[1]FG Snapshot (V2)'!$A:$B,2,0),"AR") -> Y | C42: =IFERROR(VLOOKUP(Table1[[#This Row],[Seller SKU]],'[1]FG Snapshot (V2)'!$A:$E,5,0),"AR") -> 46 | D42: SR-WHTO | E42: =VLOOKUP(Table1[[#This Row],[MTP SKU]],'MTP SKUs - Master Data'!A:D,3,0) -> Whartin Shoe Rack | F42: Brown Maple | G42: =_xlfn.CONCAT(Table1[[#This Row],[MTP Name]]," ",Table1[[#This Row],[ Child Color]]) -> Whartin Shoe Rack Brown Maple | H42: =VLOOKUP(Table1[[#This Row],[MTP SKU]],'MTP SKUs - Master Data'!A:D,3,0) -> Whartin Shoe Rack | J42: X0025381C7 | K42: B0DFHFPL32 | L42: BACH45NRKZGZEQJN | M42: LSTBACH45NRKZGZEQJNG7P04M | N42: FVSGSR11BM51574 | O42: FN2229394-S-PM39235 | P42: FN2229394-S-WH41218 | Q42: 34398990
A43: SB-LGN-MI | B43: =IFERROR(VLOOKUP(Table1[[#This Row],[Seller SKU]],'[1]FG Snapshot (V2)'!$A:$B,2,0),"AR") -> Y | C43: =IFERROR(VLOOKUP(Table1[[#This Row],[Seller SKU]],'[1]FG Snapshot (V2)'!$A:$E,5,0),"AR") -> 43 | D43: SB-LGN | E43: =VLOOKUP(Table1[[#This Row],[MTP SKU]],'MTP SKUs - Master Data'!A:D,3,0) -> Lagoon Bookshelf | F43: Brown Maple & Beige | G43: =_xlfn.CONCAT(Table1[[#This Row],[MTP Name]]," ",Table1[[#This Row],[ Child Color]]) -> Lagoon Bookshelf Brown Maple & Beige | H43: =VLOOKUP(Table1[[#This Row],[MTP SKU]],'MTP SKUs - Master Data'!A:D,3,0) -> Lagoon Bookshelf | J43: X001XQER93 | K43: B0CPJGM9LK | L43: BSFGWYK9HARSNFE3 | M43: LSTBSFGWYK9HARSNFE31TXHZC | N43: FVSGBR33BR72374 | O43: FN2166579-S-PM39235 | P43: FN2166579-S-WH41218 | Q43: 34380984
A44: B-RVB-SNM | B44: =IFERROR(VLOOKUP(Table1[[#This Row],[Seller SKU]],'[1]FG Snapshot (V2)'!$A:$B,2,0),"AR") -> Y | C44: =IFERROR(VLOOKUP(Table1[[#This Row],[Seller SKU]],'[1]FG Snapshot (V2)'!$A:$E,5,0),"AR") -> 40 | D44: B-RVB-SN | E44: =VLOOKUP(Table1[[#This Row],[MTP SKU]],'MTP SKUs - Master Data'!A:D,3,0) -> Roverb SIngle Bed | F44: Brown Maple | G44: =_xlfn.CONCAT(Table1[[#This Row],[MTP Name]]," ",Table1[[#This Row],[ Child Color]]) -> Roverb SIngle Bed Brown Maple | H44: =VLOOKUP(Table1[[#This Row],[MTP SKU]],'MTP SKUs - Master Data'!A:D,3,0) -> Roverb SIngle Bed | J44: #N/A | K44: B0CJRX5M44 | L44: BDDGUJ24RAZM6RP6 | M44: LSTBDDGUJ24RAZM6RP6TNTPP3 | N44: FVBDNS33BR32686 | O44: FN2152501-S-PM39235 | P44: FN2152501-S-WH41218 | Q44: #N/A
A45: W-CLO-3M | B45: =IFERROR(VLOOKUP(Table1[[#This Row],[Seller SKU]],'[1]FG Snapshot (V2)'!$A:$B,2,0),"AR") -> Y | C45: =IFERROR(VLOOKUP(Table1[[#This Row],[Seller SKU]],'[1]FG Snapshot (V2)'!$A:$E,5,0),"AR") -> 32 | D45: W-CLO-3 | E45: =VLOOKUP(Table1[[#This Row],[MTP SKU]],'MTP SKUs - Master Data'!A:D,3,0) -> Calcio 3-Tier Wardrobe | F45: Brown Maple | G45: =_xlfn.CONCAT(Table1[[#This Row],[MTP Name]]," ",Table1[[#This Row],[ Child Color]]) -> Calcio 3-Tier Wardrobe Brown Maple | H45: =VLOOKUP(Table1[[#This Row],[MTP SKU]],'MTP SKUs - Master Data'!A:D,3,0) -> Calcio 3-Tier Wardrobe | K45: B0F914627M | L45: WCLHCARGGQHJGZVB | M45: LSTWCLHCARGGQHJGZVBKE36Y8 | N45: FVSGCB11BR51515 | O45: FN2260671-S-PM39235 | P45: FN2260671-S-WH41218 | Q45: #N/A
A46: DC-MYN-LAMF | B46: =IFERROR(VLOOKUP(Table1[[#This Row],[Seller SKU]],'[1]FG Snapshot (V2)'!$A:$B,2,0),"AR") -> y | C46: =IFERROR(VLOOKUP(Table1[[#This Row],[Seller SKU]],'[1]FG Snapshot (V2)'!$A:$E,5,0),"AR") -> 51 | D46: DC-MYN-LA | E46: =VLOOKUP(Table1[[#This Row],[MTP SKU]],'MTP SKUs - Master Data'!A:D,3,0) -> Mayrone Large Chest of Drawer | F46: Brown Maple & White | G46: =_xlfn.CONCAT(Table1[[#This Row],[MTP Name]]," ",Table1[[#This Row],[ Child Color]]) -> Mayrone Large Chest of Drawer Brown Maple & White | H46: =VLOOKUP(Table1[[#This Row],[MTP SKU]],'MTP SKUs - Master Data'!A:D,3,0) -> Mayrone Large Chest of Drawer | J46: #N/A | K46: B0CJCLT2M9 | L46: CSDGUGWYHH2WCNKW | M46: LSTCSDGUGWYHH2WCNKW5JEU5I | N46: FVSGDR33BR32697 | O46: FN2135040-S-PM39235 | P46: FN2135040-S-WH41218 | Q46: #N/A
A47: TU-DRN-MF | B47: =IFERROR(VLOOKUP(Table1[[#This Row],[Seller SKU]],'[1]FG Snapshot (V2)'!$A:$B,2,0),"AR") -> y | C47: =IFERROR(VLOOKUP(Table1[[#This Row],[Seller SKU]],'[1]FG Snapshot (V2)'!$A:$E,5,0),"AR") -> 12 | D47: TU-DRN | E47: =VLOOKUP(Table1[[#This Row],[MTP SKU]],'MTP SKUs - Master Data'!A:D,3,0) -> Darien TV Unit | F47: Brown Maple & White | G47: =_xlfn.CONCAT(Table1[[#This Row],[MTP Name]]," ",Table1[[#This Row],[ Child Color]]) -> Darien TV Unit Brown Maple & White | H47: =VLOOKUP(Table1[[#This Row],[MTP SKU]],'MTP SKUs - Master Data'!A:D,3,0) -> Darien TV Unit | J47: X001VVR7SX | K47: B0CJC2W6D5 | L47: TVUGUGZAGAPNY5GG | M47: LSTTVUGUGZAGAPNY5GGHT2VRR | N47: FVTBAV33BR32714 | O47: FN2135044-S-PM39235 | P47: FN2135044-S-WH41218 | Q47: #N/A
A48: TU-FL-MI | B48: =IFERROR(VLOOKUP(Table1[[#This Row],[Seller SKU]],'[1]FG Snapshot (V2)'!$A:$B,2,0),"AR") -> y | C48: =IFERROR(VLOOKUP(Table1[[#This Row],[Seller SKU]],'[1]FG Snapshot (V2)'!$A:$E,5,0),"AR") -> 42 | D48: TU-FL | E48: =VLOOKUP(Table1[[#This Row],[MTP SKU]],'MTP SKUs - Master Data'!A:D,3,0) -> Fenily TV Unit | F48: Brown Maple & Beige | G48: =_xlfn.CONCAT(Table1[[#This Row],[MTP Name]]," ",Table1[[#This Row],[ Child Color]]) -> Fenily TV Unit Brown Maple & Beige | H48: =VLOOKUP(Table1[[#This Row],[MTP SKU]],'MTP SKUs - Master Data'!A:D,3,0) -> Fenily TV Unit | J48: #N/A | K48: B0CJMLPGLL | L48: TVUH2Z7H6EAGCGZH | M48: LSTTVUH2Z7H6EAGCGZHVGKWZ0 | N48: FVTBAV33BR32707 | O48: FN2152515-S-PM39235 | P48: FN2152515-S-WH41218 | Q48: 34399002
A49: KC-SRN-M | B49: =IFERROR(VLOOKUP(Table1[[#This Row],[Seller SKU]],'[1]FG Snapshot (V2)'!$A:$B,2,0),"AR") -> Y | C49: =IFERROR(VLOOKUP(Table1[[#This Row],[Seller SKU]],'[1]FG Snapshot (V2)'!$A:$E,5,0),"AR") -> 55 | D49: KC-SRN | E49: =VLOOKUP(Table1[[#This Row],[MTP SKU]],'MTP SKUs - Master Data'!A:D,3,0) -> Serrenh Kichen Cabinet | F49: Brown Maple | G49: =_xlfn.CONCAT(Table1[[#This Row],[MTP Name]]," ",Table1[[#This Row],[ Child Color]]) -> Serrenh Kichen Cabinet Brown Maple | H49: =VLOOKUP(Table1[[#This Row],[MTP SKU]],'MTP SKUs - Master Data'!A:D,3,0) -> Serrenh Kichen Cabinet | K49: B0F8ZT7YCR | L49: KTCHCASRYPGKK7AF | M49: LSTKTCHCASRYPGKK7AFXTT0DQ | N49: FVSGSB11BR51527 | O49: KD2280092-S-PM39397 | P49: Not in WH | Q49: 35522196
A50: ST-CBN-MF | B50: =IFERROR(VLOOKUP(Table1[[#This Row],[Seller SKU]],'[1]FG Snapshot (V2)'!$A:$B,2,0),"AR") -> y | C50: =IFERROR(VLOOKUP(Table1[[#This Row],[Seller SKU]],'[1]FG Snapshot (V2)'!$A:$E,5,0),"AR") -> 58 | D50: ST-CBN | E50: =VLOOKUP(Table1[[#This Row],[MTP SKU]],'MTP SKUs - Master Data'!A:D,3,0) -> Corbyn Study Table | F50: Brown Maple & White | G50: =_xlfn.CONCAT(Table1[[#This Row],[MTP Name]]," ",Table1[[#This Row],[ Child Color]]) -> Corbyn Study Table Brown Maple & White | H50: =VLOOKUP(Table1[[#This Row],[MTP SKU]],'MTP SKUs - Master Data'!A:D,3,0) -> Corbyn Study Table | J50: X001YSR0UX | K50: B0CJBVQFC4 | L50: OSTGUGZH7B4UXDFZ | M50: LSTOSTGUGZH7B4UXDFZNLS2LU | N50: FVTBST33BR72382 | O50: FN2135046-S-PM39235 | P50: FN2135046-S-WH41218 | Q50: 34399080
A51: SR-FYN-MF | B51: =IFERROR(VLOOKUP(Table1[[#This Row],[Seller SKU]],'[1]FG Snapshot (V2)'!$A:$B,2,0),"AR") -> Y | C51: =IFERROR(VLOOKUP(Table1[[#This Row],[Seller SKU]],'[1]FG Snapshot (V2)'!$A:$E,5,0),"AR") -> 59 | D51: SR-FYN | E51: =VLOOKUP(Table1[[#This Row],[MTP SKU]],'MTP SKUs - Master Data'!A:D,3,0) -> Furlyn Shoe Rack | F51: Brown Maple & White | G51: =_xlfn.CONCAT(Table1[[#This Row],[MTP Name]]," ",Table1[[#This Row],[ Child Color]]) -> Furlyn Shoe Rack Brown Maple & White | H51: =VLOOKUP(Table1[[#This Row],[MTP SKU]],'MTP SKUs - Master Data'!A:D,3,0) -> Furlyn Shoe Rack | K51: B0FGV1B3SF | L51: SHKHDTCHJX3RARFD | M51: LSTSHKHDTCHJX3RARFDVJVMFT | N51: FVSGSR11BW51570 | O51: FN2260662-S-PM39235 | P51: FN2260662-S-WH41218 | Q51: 35524072
A52: SR-WMO-M | B52: =IFERROR(VLOOKUP(Table1[[#This Row],[Seller SKU]],'[1]FG Snapshot (V2)'!$A:$B,2,0),"AR") -> NL | C52: =IFERROR(VLOOKUP(Table1[[#This Row],[Seller SKU]],'[1]FG Snapshot (V2)'!$A:$E,5,0),"AR") -> 108 | D52: SR-WMO | E52: =VLOOKUP(Table1[[#This Row],[MTP SKU]],'MTP SKUs - Master Data'!A:D,3,0) -> Wimzoe Shoe Rack | F52: Brown Maple | G52: =_xlfn.CONCAT(Table1[[#This Row],[MTP Name]]," ",Table1[[#This Row],[ Child Color]]) -> Wimzoe Shoe Rack Brown Maple | H52: =VLOOKUP(Table1[[#This Row],[MTP SKU]],'MTP SKUs - Master Data'!A:D,3,0) -> Wimzoe Shoe Rack | K52: B0FPR98T9T | L52: SHKHH6J5DFFH3BZV | N52: #N/A | P52: Not in WH
A53: SB-VNO-M | B53: =IFERROR(VLOOKUP(Table1[[#This Row],[Seller SKU]],'[1]FG Snapshot (V2)'!$A:$B,2,0),"AR") -> Y | C53: =IFERROR(VLOOKUP(Table1[[#This Row],[Seller SKU]],'[1]FG Snapshot (V2)'!$A:$E,5,0),"AR") -> 35 | D53: SB-VNO | E53: =VLOOKUP(Table1[[#This Row],[MTP SKU]],'MTP SKUs - Master Data'!A:D,3,0) -> Veluno Bookshelf | F53: Brown Maple | G53: =_xlfn.CONCAT(Table1[[#This Row],[MTP Name]]," ",Table1[[#This Row],[ Child Color]]) -> Veluno Bookshelf Brown Maple | H53: =VLOOKUP(Table1[[#This Row],[MTP SKU]],'MTP SKUs - Master Data'!A:D,3,0) -> Veluno Bookshelf | K53: B0FGV4V8CC | L53: BSFHDTCWNHFDM8KQ | M53: LSTBSFHDTCWNHFDM8KQZ08BY6 | N53: FVSGBR11BM51556 | O53: FN2260659-S-PM39235 | P53: FN2260659-S-WH41218 | Q53: #N/A
A54: W-AND-2MFW | B54: =IFERROR(VLOOKUP(Table1[[#This Row],[Seller SKU]],'[1]FG Snapshot (V2)'!$A:$B,2,0),"AR") -> Y | C54: =IFERROR(VLOOKUP(Table1[[#This Row],[Seller SKU]],'[1]FG Snapshot (V2)'!$A:$E,5,0),"AR") -> 67 | D54: W-AND-2M | E54: =VLOOKUP(Table1[[#This Row],[MTP SKU]],'MTP SKUs - Master Data'!A:D,3,0) -> Andrie 2 Door with Mirror Wardrobe | F54: Wenge & White | G54: =_xlfn.CONCAT(Table1[[#This Row],[MTP Name]]," ",Table1[[#This Row],[ Child Color]]) -> Andrie 2 Door with Mirror Wardrobe Wenge & White | H54: =VLOOKUP(Table1[[#This Row],[MTP SKU]],'MTP SKUs - Master Data'!A:D,3,0) -> Andrie 2 Door with Mirror Wardrobe | J54: #N/A | K54: B0B8J5QLZR | L54: WCLGS2ZB9JCRBMBZ | M54: LSTWCLGS2ZB9JCRBMBZJT2QVK | N54: FVSGCB33WH25041 | O54: FN2027692-S-PM39235 | P54: FN2027692-S-WH41218 | Q54: #N/A
A55: PU-SUB-F | B55: =IFERROR(VLOOKUP(Table1[[#This Row],[Seller SKU]],'[1]FG Snapshot (V2)'!$A:$B,2,0),"AR") -> Y | C55: =IFERROR(VLOOKUP(Table1[[#This Row],[Seller SKU]],'[1]FG Snapshot (V2)'!$A:$E,5,0),"AR") -> 33 | D55: PU-SUB | E55: =VLOOKUP(Table1[[#This Row],[MTP SKU]],'MTP SKUs - Master Data'!A:D,3,0) -> Shubh Pooja Unit Temple | F55: White | G55: =_xlfn.CONCAT(Table1[[#This Row],[MTP Name]]," ",Table1[[#This Row],[ Child Color]]) -> Shubh Pooja Unit Temple White | H55: =VLOOKUP(Table1[[#This Row],[MTP SKU]],'MTP SKUs - Master Data'!A:D,3,0) -> Shubh Pooja Unit Temple | K55: B0FPR7JXCG | L55: HTEHGGVN5BUSYZFY | N55: #N/A | O55: KD2280100-S-PM39397 | P55: Not in WH
A56: TU-ATD-M | B56: =IFERROR(VLOOKUP(Table1[[#This Row],[Seller SKU]],'[1]FG Snapshot (V2)'!$A:$B,2,0),"AR") -> y | C56: =IFERROR(VLOOKUP(Table1[[#This Row],[Seller SKU]],'[1]FG Snapshot (V2)'!$A:$E,5,0),"AR") -> 54 | D56: TU-ATD | E56: =VLOOKUP(Table1[[#This Row],[MTP SKU]],'MTP SKUs - Master Data'!A:D,3,0) -> Anatdol TV Unit | F56: Brown Maple | G56: =_xlfn.CONCAT(Table1[[#This Row],[MTP Name]]," ",Table1[[#This Row],[ Child Color]]) -> Anatdol TV Unit Brown Maple | H56: =VLOOKUP(Table1[[#This Row],[MTP SKU]],'MTP SKUs - Master Data'!A:D,3,0) -> Anatdol TV Unit | J56: X001XQDYCT | K56: B0CMLV7KNG | L56: TVUH4M232FUMGQJF | M56: LSTTVUH4M232FUMGQJFQYIEDH | N56: FVTBAV33BR32710 | O56: FN2166570-S-PM39235 | P56: FN2166570-S-WH41218 | Q56: 34398987
A57: W-CLO-345M | B57: =IFERROR(VLOOKUP(Table1[[#This Row],[Seller SKU]],'[1]FG Snapshot (V2)'!$A:$B,2,0),"AR") -> Y | C57: =IFERROR(VLOOKUP(Table1[[#This Row],[Seller SKU]],'[1]FG Snapshot (V2)'!$A:$E,5,0),"AR") -> 76 | D57: W-CLO-345 | E57: =VLOOKUP(Table1[[#This Row],[MTP SKU]],'MTP SKUs - Master Data'!A:D,3,0) -> Calcio Combo Wardrobe | F57: Brown Maple | G57: =_xlfn.CONCAT(Table1[[#This Row],[MTP Name]]," ",Table1[[#This Row],[ Child Color]]) -> Calcio Combo Wardrobe Brown Maple | H57: =VLOOKUP(Table1[[#This Row],[MTP SKU]],'MTP SKUs - Master Data'!A:D,3,0) -> Calcio Combo Wardrobe | K57: B0F8ZYDHKR | L57: WCLHCARG9TGYQJRF | M57: LSTWCLHCARG9TGYQJRFYL3KLZ | N57: FVSGCB11BR51514 | O57: FN2260670-S-PM39235 | P57: FN2260670-S-WH41218 | Q57: #N/A
A58: TU-BVN-M | B58: =IFERROR(VLOOKUP(Table1[[#This Row],[Seller SKU]],'[1]FG Snapshot (V2)'!$A:$B,2,0),"AR") -> Y | C58: =IFERROR(VLOOKUP(Table1[[#This Row],[Seller SKU]],'[1]FG Snapshot (V2)'!$A:$E,5,0),"AR") -> 69 | D58: TU-BVN | E58: =VLOOKUP(Table1[[#This Row],[MTP SKU]],'MTP SKUs - Master Data'!A:D,3,0) -> Bevlyn TV Unit | F58: Brown Maple | G58: =_xlfn.CONCAT(Table1[[#This Row],[MTP Name]]," ",Table1[[#This Row],[ Child Color]]) -> Bevlyn TV Unit Brown Maple | H58: =VLOOKUP(Table1[[#This Row],[MTP SKU]],'MTP SKUs - Master Data'!A:D,3,0) -> Bevlyn TV Unit | J58: X0023H3JO5 | K58: B0D9HHMNMB | L58: TVUH3BM6JZSR9HGN | M58: LSTTVUH3BM6JZSR9HGNAVTQYX | N58: FVSGAV11BM51540 | O58: FN2194324-S-PM39235 | P58: FN2194324-S-WH41218 | Q58: 34399063
A59: W-MLT-2NMF | B59: =IFERROR(VLOOKUP(Table1[[#This Row],[Seller SKU]],'[1]FG Snapshot (V2)'!$A:$B,2,0),"AR") -> Y | C59: =IFERROR(VLOOKUP(Table1[[#This Row],[Seller SKU]],'[1]FG Snapshot (V2)'!$A:$E,5,0),"AR") -> 130 | D59: W-MLT-2N | E59: =VLOOKUP(Table1[[#This Row],[MTP SKU]],'MTP SKUs - Master Data'!A:D,3,0) -> Maltein 2 Door Without Mirror Wardrobe | F59: Brown Maple & White | G59: =_xlfn.CONCAT(Table1[[#This Row],[MTP Name]]," ",Table1[[#This Row],[ Child Color]]) -> Maltein 2 Door Without Mirror Wardrobe Brown Maple & White | H59: =VLOOKUP(Table1[[#This Row],[MTP SKU]],'MTP SKUs - Master Data'!A:D,3,0) -> Maltein 2 Door Without Mirror Wardrobe | K59: B0FDW98P3K | L59: WCLHDTBWZ5XXGEHT | M59: LSTWCLHDTBWZ5XXGEHTVXESDU | N59: FVSGCB11BW51518 | O59: FN2260674-S-PM39235 | P59: FN2260674-S-WH41218 | Q59: #N/A
A60: DC-CLV-MF | B60: =IFERROR(VLOOKUP(Table1[[#This Row],[Seller SKU]],'[1]FG Snapshot (V2)'!$A:$B,2,0),"AR") -> y | C60: =IFERROR(VLOOKUP(Table1[[#This Row],[Seller SKU]],'[1]FG Snapshot (V2)'!$A:$E,5,0),"AR") -> 38 | D60: DC-CLV | E60: =VLOOKUP(Table1[[#This Row],[MTP SKU]],'MTP SKUs - Master Data'!A:D,3,0) -> Colove Chest of Drawer | F60: Brown Maple & White | G60: =_xlfn.CONCAT(Table1[[#This Row],[MTP Name]]," ",Table1[[#This Row],[ Child Color]]) -> Colove Chest of Drawer Brown Maple & White | H60: =VLOOKUP(Table1[[#This Row],[MTP SKU]],'MTP SKUs - Master Data'!A:D,3,0) -> Colove Chest of Drawer | J60: X001YSQSY7 | K60: B0CJCHPL4Z | L60: CSDGUGVE64QRTE3F | M60: LSTCSDGUGVE64QRTE3FN3KP4P | N60: FVSGDR33BR32695 | O60: FN2135041-S-PM39235 | P60: FN2135041-S-WH41218 | Q60: 35522198
A61: RT-DR-MF | B61: =IFERROR(VLOOKUP(Table1[[#This Row],[Seller SKU]],'[1]FG Snapshot (V2)'!$A:$B,2,0),"AR") -> y | C61: =IFERROR(VLOOKUP(Table1[[#This Row],[Seller SKU]],'[1]FG Snapshot (V2)'!$A:$E,5,0),"AR") -> 56 | D61: RT-DR | E61: =VLOOKUP(Table1[[#This Row],[MTP SKU]],'MTP SKUs - Master Data'!A:D,3,0) -> Darci Dressing Table | F61: Brown Maple & White | G61: =_xlfn.CONCAT(Table1[[#This Row],[MTP Name]]," ",Table1[[#This Row],[ Child Color]]) -> Darci Dressing Table Brown Maple & White | H61: =VLOOKUP(Table1[[#This Row],[MTP SKU]],'MTP SKUs - Master Data'!A:D,3,0) -> Darci Dressing Table | J61: X0021GF0F9 | K61: B0CR4D1HLL | L61: DTBGWZXDGMTHG5GZ | M61: LSTDTBGWZXDGMTHG5GZVL70AO | N61: FVTBDS33BR32693 | O61: FN2166586-S-PM39235 | P61: FN2166586-S-WH41218 | Q61: #N/A
A62: ST-EFI-LAM | B62: =IFERROR(VLOOKUP(Table1[[#This Row],[Seller SKU]],'[1]FG Snapshot (V2)'!$A:$B,2,0),"AR") -> Y | C62: =IFERROR(VLOOKUP(Table1[[#This Row],[Seller SKU]],'[1]FG Snapshot (V2)'!$A:$E,5,0),"AR") -> 71 | D62: ST-EFI-LA | E62: =VLOOKUP(Table1[[#This Row],[MTP SKU]],'MTP SKUs - Master Data'!A:D,3,0) -> Efflino Large Study Table | F62: Brown Maple | G62: =_xlfn.CONCAT(Table1[[#This Row],[MTP Name]]," ",Table1[[#This Row],[ Child Color]]) -> Efflino Large Study Table Brown Maple | H62: =VLOOKUP(Table1[[#This Row],[MTP SKU]],'MTP SKUs - Master Data'!A:D,3,0) -> Efflino Large Study Table | J62: X0022AMS4Z | K62: B0D4HRH2ZL | L62: OSTHFRUZHPMABGER | M62: LSTOSTHFRUZHPMABGER4LTFJH | N62: FVTBST33BR50162 | O62: FN2194310-S-PM39235 | P62: FN2194310-S-WH41218 | Q62: 34399098
A63: TU-CBR-LAM | B63: =IFERROR(VLOOKUP(Table1[[#This Row],[Seller SKU]],'[1]FG Snapshot (V2)'!$A:$B,2,0),"AR") -> Y | C63: =IFERROR(VLOOKUP(Table1[[#This Row],[Seller SKU]],'[1]FG Snapshot (V2)'!$A:$E,5,0),"AR") -> 68 | D63: TU-CBR-LA | E63: =VLOOKUP(Table1[[#This Row],[MTP SKU]],'MTP SKUs - Master Data'!A:D,3,0) -> Coober Large TV Unit | F63: Brown Maple | G63: =_xlfn.CONCAT(Table1[[#This Row],[MTP Name]]," ",Table1[[#This Row],[ Child Color]]) -> Coober Large TV Unit Brown Maple | H63: =VLOOKUP(Table1[[#This Row],[MTP SKU]],'MTP SKUs - Master Data'!A:D,3,0) -> Coober Large TV Unit | J63: X001XQKNIH | K63: B07D6SJYVN | L63: TVUGWDJWVAP6PPGW | M63: LSTTVUGWDJWVAP6PPGWF8MY3F | N63: FVTBAV33BR32712 | O63: FN2166563-S-PM39235 | P63: FN2166563-S-WH41218 | Q63: #N/A
A64: SR-WHTO-MI | B64: =IFERROR(VLOOKUP(Table1[[#This Row],[Seller SKU]],'[1]FG Snapshot (V2)'!$A:$B,2,0),"AR") -> Y | C64: =IFERROR(VLOOKUP(Table1[[#This Row],[Seller SKU]],'[1]FG Snapshot (V2)'!$A:$E,5,0),"AR") -> 34 | D64: SR-WHTO | E64: =VLOOKUP(Table1[[#This Row],[MTP SKU]],'MTP SKUs - Master Data'!A:D,3,0) -> Whartin Shoe Rack | F64: Brown Maple & Beige | G64: =_xlfn.CONCAT(Table1[[#This Row],[MTP Name]]," ",Table1[[#This Row],[ Child Color]]) -> Whartin Shoe Rack Brown Maple & Beige | H64: =VLOOKUP(Table1[[#This Row],[MTP SKU]],'MTP SKUs - Master Data'!A:D,3,0) -> Whartin Shoe Rack | J64: X001WVFFQX | K64: B0CPC1LQSV | L64: BACGVHFJYWJFGBYZ | M64: LSTBACGVHFJYWJFGBYZTVCFPH | N64: FVSGBR33BR72388 | O64: FN2166554-S-PM39235 | P64: FN2152511-S-WH41218 | Q64: 34399114
A65: SR-CLM-3W | B65: =IFERROR(VLOOKUP(Table1[[#This Row],[Seller SKU]],'[1]FG Snapshot (V2)'!$A:$B,2,0),"AR") -> Y | C65: =IFERROR(VLOOKUP(Table1[[#This Row],[Seller SKU]],'[1]FG Snapshot (V2)'!$A:$E,5,0),"AR") -> 79 | D65: SR-CLM-3 | E65: =VLOOKUP(Table1[[#This Row],[MTP SKU]],'MTP SKUs - Master Data'!A:D,3,0) -> Carlem 3 Door Shoe Rack | F65: Wenge | G65: =_xlfn.CONCAT(Table1[[#This Row],[MTP Name]]," ",Table1[[#This Row],[ Child Color]]) -> Carlem 3 Door Shoe Rack Wenge | H65: =VLOOKUP(Table1[[#This Row],[MTP SKU]],'MTP SKUs - Master Data'!A:D,3,0) -> Carlem 3 Door Shoe Rack | J65: X0021JQGUJ | K65: B09XBK1XZL | L65: CSDGDC3H5ZPBBDQS | M65: LSTCSDGDC3H5ZPBBDQSXKIAZO | N65: FVSGSR33WN20613 | O65: FN1988012-S-PM39235 | P65: FN1988012-S-WH41218 | Q65: 34399082
A66: ST-MLM-WS | B66: =IFERROR(VLOOKUP(Table1[[#This Row],[Seller SKU]],'[1]FG Snapshot (V2)'!$A:$B,2,0),"AR") -> Y | C66: =IFERROR(VLOOKUP(Table1[[#This Row],[Seller SKU]],'[1]FG Snapshot (V2)'!$A:$E,5,0),"AR") -> 87 | D66: ST-MLM-N | E66: =VLOOKUP(Table1[[#This Row],[MTP SKU]],'MTP SKUs - Master Data'!A:D,3,0) -> Mallium without Slider Study Table | F66: Wenge | G66: =_xlfn.CONCAT(Table1[[#This Row],[MTP Name]]," ",Table1[[#This Row],[ Child Color]]) -> Mallium without Slider Study Table Wenge | H66: =VLOOKUP(Table1[[#This Row],[MTP SKU]],'MTP SKUs - Master Data'!A:D,3,0) -> Mallium without Slider Study Table | J66: X001EC6JZB | K66: B07RSZD7Q9 | L66: OSTFNFWGJSNYJXW8 | M66: LSTOSTFNFWGJSNYJXW8COY6OJ | N66: FVSGCB33BR25130 | O66: FN1991887-S-PM39235 | P66: FN1991887-S-WH41218 | Q66: 34399017
A67: SB-CB-M | B67: =IFERROR(VLOOKUP(Table1[[#This Row],[Seller SKU]],'[1]FG Snapshot (V2)'!$A:$B,2,0),"AR") -> Y | C67: =IFERROR(VLOOKUP(Table1[[#This Row],[Seller SKU]],'[1]FG Snapshot (V2)'!$A:$E,5,0),"AR") -> 63 | D67: SB-CB | E67: =VLOOKUP(Table1[[#This Row],[MTP SKU]],'MTP SKUs - Master Data'!A:D,3,0) -> Crosbon Bookshelf | F67: Brown Maple | G67: =_xlfn.CONCAT(Table1[[#This Row],[MTP Name]]," ",Table1[[#This Row],[ Child Color]]) -> Crosbon Bookshelf Brown Maple | H67: =VLOOKUP(Table1[[#This Row],[MTP SKU]],'MTP SKUs - Master Data'!A:D,3,0) -> Crosbon Bookshelf | J67: X001X2WOD3 | K67: B0CP94C3ZR | L67: BSFGWM9NY3JHADDH | M67: LSTBSFGWM9NY3JHADDHC5TSUQ | N67: FVSGBR33BR32738 | O67: FN2166574-S-PM39235 | P67: FN2166574-S-WH41218 | Q67: 34380504
A68: SB-LGN.P-WF | B68: =IFERROR(VLOOKUP(Table1[[#This Row],[Seller SKU]],'[1]FG Snapshot (V2)'!$A:$B,2,0),"AR") -> Y | C68: =IFERROR(VLOOKUP(Table1[[#This Row],[Seller SKU]],'[1]FG Snapshot (V2)'!$A:$E,5,0),"AR") -> 99 | D68: SB-LGN | E68: =VLOOKUP(Table1[[#This Row],[MTP SKU]],'MTP SKUs - Master Data'!A:D,3,0) -> Lagoon Bookshelf | F68: Wenge & White | G68: =_xlfn.CONCAT(Table1[[#This Row],[MTP Name]]," ",Table1[[#This Row],[ Child Color]]) -> Lagoon Bookshelf Wenge & White | H68: =VLOOKUP(Table1[[#This Row],[MTP SKU]],'MTP SKUs - Master Data'!A:D,3,0) -> Lagoon Bookshelf | J68: X001SQ9RV1 | K68: B0C43R6BDK | L68: BSFGPPC4THYJBGCR | M68: LSTBSFGPPC4THYJBGCROSV3L8 | N68: FVSGBR33BR50160 | O68: FN2117969-S-PM39235 | P68: FN2117969-S-WH41218 | Q68: 34380953
A69: SB-BNA-M | B69: =IFERROR(VLOOKUP(Table1[[#This Row],[Seller SKU]],'[1]FG Snapshot (V2)'!$A:$B,2,0),"AR") -> Y | C69: =IFERROR(VLOOKUP(Table1[[#This Row],[Seller SKU]],'[1]FG Snapshot (V2)'!$A:$E,5,0),"AR") -> 78 | D69: SB-BNA | E69: =VLOOKUP(Table1[[#This Row],[MTP SKU]],'MTP SKUs - Master Data'!A:D,3,0) -> Barnia Bookshelf | F69: Brown Maple | G69: =_xlfn.CONCAT(Table1[[#This Row],[MTP Name]]," ",Table1[[#This Row],[ Child Color]]) -> Barnia Bookshelf Brown Maple | H69: =VLOOKUP(Table1[[#This Row],[MTP SKU]],'MTP SKUs - Master Data'!A:D,3,0) -> Barnia Bookshelf | K69: B0FGV4VKVR | L69: BSFHDTCRGH6MCMGT | M69: LSTBSFHDTCRGH6MCMGTYYXJPQ | N69: FVSGBR11BM51549 | O69: FN2260658-S-PM39235 | P69: FN2260658-S-WH41218 | Q69: #N/A
A70: TU-RWT-LAWF | B70: =IFERROR(VLOOKUP(Table1[[#This Row],[Seller SKU]],'[1]FG Snapshot (V2)'!$A:$B,2,0),"AR") -> Y | C70: =IFERROR(VLOOKUP(Table1[[#This Row],[Seller SKU]],'[1]FG Snapshot (V2)'!$A:$E,5,0),"AR") -> 80 | D70: TU-RWT-LA | E70: =VLOOKUP(Table1[[#This Row],[MTP SKU]],'MTP SKUs - Master Data'!A:D,3,0) -> Rowlet Large TV Unit | F70: Wenge & White | G70: =_xlfn.CONCAT(Table1[[#This Row],[MTP Name]]," ",Table1[[#This Row],[ Child Color]]) -> Rowlet Large TV Unit Wenge & White | H70: =VLOOKUP(Table1[[#This Row],[MTP SKU]],'MTP SKUs - Master Data'!A:D,3,0) -> Rowlet Large TV Unit | J70: #N/A | K70: B08XWB6RDQ | L70: TVUGD37H8ZS3YBPU | M70: LSTTVUGD37H8ZS3YBPUOGZJOC | N70: FVSGAV33WN20556 | O70: FN1986324-S-PM39235 | P70: FN1986324-S-WH41218 | Q70: #N/A
A71: W-AND-3MFW | B71: =IFERROR(VLOOKUP(Table1[[#This Row],[Seller SKU]],'[1]FG Snapshot (V2)'!$A:$B,2,0),"AR") -> Y | C71: =IFERROR(VLOOKUP(Table1[[#This Row],[Seller SKU]],'[1]FG Snapshot (V2)'!$A:$E,5,0),"AR") -> 44 | D71: W-AND-3M | E71: =VLOOKUP(Table1[[#This Row],[MTP SKU]],'MTP SKUs - Master Data'!A:D,3,0) -> Andrie 3 Door with Mirror Wardrobe | F71: Wenge & White | G71: =_xlfn.CONCAT(Table1[[#This Row],[MTP Name]]," ",Table1[[#This Row],[ Child Color]]) -> Andrie 3 Door with Mirror Wardrobe Wenge & White | H71: =VLOOKUP(Table1[[#This Row],[MTP SKU]],'MTP SKUs - Master Data'!A:D,3,0) -> Andrie 3 Door with Mirror Wardrobe | J71: #N/A | K71: B0B8MY6R22 | L71: WCLGHCC3BKEDHRZ4 | M71: LSTWCLGHCC3BKEDHRZ4HSYBOQ | N71: FVSGCB33WH25045 | O71: FN2027696-S-PM39235 | P71: FN2027696-S-WH41218 | Q71: #N/A
A72: W-AND-3NFW | B72: =IFERROR(VLOOKUP(Table1[[#This Row],[Seller SKU]],'[1]FG Snapshot (V2)'!$A:$B,2,0),"AR") -> Y | C72: =IFERROR(VLOOKUP(Table1[[#This Row],[Seller SKU]],'[1]FG Snapshot (V2)'!$A:$E,5,0),"AR") -> 189 | D72: W-AND-3N | E72: =VLOOKUP(Table1[[#This Row],[MTP SKU]],'MTP SKUs - Master Data'!A:D,3,0) -> Andrie 3 Door without Mirror Wardrobe | F72: Wenge & White | G72: =_xlfn.CONCAT(Table1[[#This Row],[MTP Name]]," ",Table1[[#This Row],[ Child Color]]) -> Andrie 3 Door without Mirror Wardrobe Wenge & White | H72: =VLOOKUP(Table1[[#This Row],[MTP SKU]],'MTP SKUs - Master Data'!A:D,3,0) -> Andrie 3 Door without Mirror Wardrobe | J72: #N/A | K72: B0B8MVG5YX | L72: WCLGHCC7YS3EYJFX | M72: LSTWCLGHCC7YS3EYJFXWGBVSL | N72: FVSGSR33BR71089 | O72: FN2027697-S-PM39235 | P72: FN2027697-S-WH41218 | Q72: #N/A
A73: ST-EFI-STM | B73: =IFERROR(VLOOKUP(Table1[[#This Row],[Seller SKU]],'[1]FG Snapshot (V2)'!$A:$B,2,0),"AR") -> Y | C73: =IFERROR(VLOOKUP(Table1[[#This Row],[Seller SKU]],'[1]FG Snapshot (V2)'!$A:$E,5,0),"AR") -> 176 | D73: ST-EFI-ST | E73: =VLOOKUP(Table1[[#This Row],[MTP SKU]],'MTP SKUs - Master Data'!A:D,3,0) -> Efflino Standard Study Table | F73: Brown Maple | G73: =_xlfn.CONCAT(Table1[[#This Row],[MTP Name]]," ",Table1[[#This Row],[ Child Color]]) -> Efflino Standard Study Table Brown Maple | H73: =VLOOKUP(Table1[[#This Row],[MTP SKU]],'MTP SKUs - Master Data'!A:D,3,0) -> Efflino Standard Study Table | J73: #N/A | K73: B0DK38L15H | L73: OSTH63GVZG8SFV5E | M73: LSTOSTH63GVZG8SFV5E9E8XVK | N73: FVTBST11BM51564 | O73: FN2229395-S-PM39235 | P73: Not in WH | Q73: 34399110
A74: ST-EFI-STM | B74: =IFERROR(VLOOKUP(Table1[[#This Row],[Seller SKU]],'[1]FG Snapshot (V2)'!$A:$B,2,0),"AR") -> Y | C74: =IFERROR(VLOOKUP(Table1[[#This Row],[Seller SKU]],'[1]FG Snapshot (V2)'!$A:$E,5,0),"AR") -> 176 | D74: ST-EFI-ST | E74: =VLOOKUP(Table1[[#This Row],[MTP SKU]],'MTP SKUs - Master Data'!A:D,3,0) -> Efflino Standard Study Table | F74: Brown Maple | G74: =_xlfn.CONCAT(Table1[[#This Row],[MTP Name]]," ",Table1[[#This Row],[ Child Color]]) -> Efflino Standard Study Table Brown Maple | H74: =VLOOKUP(Table1[[#This Row],[MTP SKU]],'MTP SKUs - Master Data'!A:D,3,0) -> Efflino Standard Study Table | J74: #N/A | K74: B0DK38L15H | L74: OSTH63GVZG8SFV5E | M74: LSTOSTH63GVZG8SFV5E9E8XVK | N74: FVTBST11BM51564 | O74: FN2229395-S-PM39235 | P74: Not in WH | Q74: 34399110
A75: SR-MVS-M | B75: =IFERROR(VLOOKUP(Table1[[#This Row],[Seller SKU]],'[1]FG Snapshot (V2)'!$A:$B,2,0),"AR") -> Y | C75: =IFERROR(VLOOKUP(Table1[[#This Row],[Seller SKU]],'[1]FG Snapshot (V2)'!$A:$E,5,0),"AR") -> 66 | D75: SR-MVS | E75: =VLOOKUP(Table1[[#This Row],[MTP SKU]],'MTP SKUs - Master Data'!A:D,3,0) -> Mavis Shoe Rack | F75: Brown Maple | G75: =_xlfn.CONCAT(Table1[[#This Row],[MTP Name]]," ",Table1[[#This Row],[ Child Color]]) -> Mavis Shoe Rack Brown Maple | H75: =VLOOKUP(Table1[[#This Row],[MTP SKU]],'MTP SKUs - Master Data'!A:D,3,0) -> Mavis Shoe Rack | J75: X00200SJOP | K75: B0CVN4PGRQ | L75: SHKGYH55S26RRHND | M75: LSTSHKGYH55S26RRHND9OWP0G | N75: FVSGBR33BR72392 | O75: FN2194307-S-PM39235 | P75: FN2194307-S-WH41218 | Q75: 34398999
A76: BT-NHE-M | B76: =IFERROR(VLOOKUP(Table1[[#This Row],[Seller SKU]],'[1]FG Snapshot (V2)'!$A:$B,2,0),"AR") -> Y | C76: =IFERROR(VLOOKUP(Table1[[#This Row],[Seller SKU]],'[1]FG Snapshot (V2)'!$A:$E,5,0),"AR") -> 106 | D76: BT-NHE | E76: =VLOOKUP(Table1[[#This Row],[MTP SKU]],'MTP SKUs - Master Data'!A:D,3,0) -> Nohee Bed Side Table | F76: Brown Maple | G76: =_xlfn.CONCAT(Table1[[#This Row],[MTP Name]]," ",Table1[[#This Row],[ Child Color]]) -> Nohee Bed Side Table Brown Maple | H76: =VLOOKUP(Table1[[#This Row],[MTP SKU]],'MTP SKUs - Master Data'!A:D,3,0) -> Nohee Bed Side Table | K76: B0F8ZSS6BZ | L76: SITHCASHGFFHJWTF | M76: LSTSITHCASHGFFHJWTFK4UQO9 | N76: FVTBBS11BR51512 | O76: FN2260656-S-PM39235 | P76: FN2260656-S-WH41218 | Q76: 35520708
A77: RT-FR-M | B77: =IFERROR(VLOOKUP(Table1[[#This Row],[Seller SKU]],'[1]FG Snapshot (V2)'!$A:$B,2,0),"AR") -> Y | C77: =IFERROR(VLOOKUP(Table1[[#This Row],[Seller SKU]],'[1]FG Snapshot (V2)'!$A:$E,5,0),"AR") -> 89 | D77: RT-FR | E77: =VLOOKUP(Table1[[#This Row],[MTP SKU]],'MTP SKUs - Master Data'!A:D,3,0) -> Freddie Dressing Table | F77: Brown Maple | G77: =_xlfn.CONCAT(Table1[[#This Row],[MTP Name]]," ",Table1[[#This Row],[ Child Color]]) -> Freddie Dressing Table Brown Maple | H77: =VLOOKUP(Table1[[#This Row],[MTP SKU]],'MTP SKUs - Master Data'!A:D,3,0) -> Freddie Dressing Table | K77: B06VWXSCPF | L77: DTBHBZRA4MNW9DHD | N77: FVTBDS11BR51522 | O77: FN2260657-S-PM39235 | P77: Not in WH | Q77: #N/A
A78: CT-TR-RTM | B78: =IFERROR(VLOOKUP(Table1[[#This Row],[Seller SKU]],'[1]FG Snapshot (V2)'!$A:$B,2,0),"AR") -> Y | C78: =IFERROR(VLOOKUP(Table1[[#This Row],[Seller SKU]],'[1]FG Snapshot (V2)'!$A:$E,5,0),"AR") -> 160 | D78: CT-TR-RT | E78: =VLOOKUP(Table1[[#This Row],[MTP SKU]],'MTP SKUs - Master Data'!A:D,3,0) -> Taury Rectangle Coffee Table | F78: Brown Maple | G78: =_xlfn.CONCAT(Table1[[#This Row],[MTP Name]]," ",Table1[[#This Row],[ Child Color]]) -> Taury Rectangle Coffee Table Brown Maple | H78: =VLOOKUP(Table1[[#This Row],[MTP SKU]],'MTP SKUs - Master Data'!A:D,3,0) -> Taury Rectangle Coffee Table | J78: X00232P8UD | K78: B0D4QM611T | L78: CFTH2QGHWFZEUDHT | M78: LSTCFTH2QGHWFZEUDHT8FKVZO | N78: FVTBCF33BR50152 | O78: FN2229389-S-PM39235 | P78: Not in WH | Q78: 34399035
A79: SR-PRG-MF | B79: =IFERROR(VLOOKUP(Table1[[#This Row],[Seller SKU]],'[1]FG Snapshot (V2)'!$A:$B,2,0),"AR") -> Y | C79: =IFERROR(VLOOKUP(Table1[[#This Row],[Seller SKU]],'[1]FG Snapshot (V2)'!$A:$E,5,0),"AR") -> 65 | D79: SR-PRG | E79: =VLOOKUP(Table1[[#This Row],[MTP SKU]],'MTP SKUs - Master Data'!A:D,3,0) -> Prorage Shoe Rack | F79: Brown Maple & White | G79: =_xlfn.CONCAT(Table1[[#This Row],[MTP Name]]," ",Table1[[#This Row],[ Child Color]]) -> Prorage Shoe Rack Brown Maple & White | H79: =VLOOKUP(Table1[[#This Row],[MTP SKU]],'MTP SKUs - Master Data'!A:D,3,0) -> Prorage Shoe Rack | J79: X00200LJ3D | K79: B0CV3CFF9C | L79: SHKH4FRRPNHUEGXB | M79: LSTSHKH4FRRPNHUEGXBE8GVX0 | N79: FVSGBR33BR72394 | O79: FN2194308-S-PM39235 | P79: FN2194308-S-WH41218 | Q79: 34399015
A80: TU-MA-LAMF | B80: =IFERROR(VLOOKUP(Table1[[#This Row],[Seller SKU]],'[1]FG Snapshot (V2)'!$A:$B,2,0),"AR") -> Y | C80: =IFERROR(VLOOKUP(Table1[[#This Row],[Seller SKU]],'[1]FG Snapshot (V2)'!$A:$E,5,0),"AR") -> 52 | D80: TU-MA-LA | E80: =VLOOKUP(Table1[[#This Row],[MTP SKU]],'MTP SKUs - Master Data'!A:D,3,0) -> Maisy Large TV Unit | F80: Brown Maple & White | G80: =_xlfn.CONCAT(Table1[[#This Row],[MTP Name]]," ",Table1[[#This Row],[ Child Color]]) -> Maisy Large TV Unit Brown Maple & White | H80: =VLOOKUP(Table1[[#This Row],[MTP SKU]],'MTP SKUs - Master Data'!A:D,3,0) -> Maisy Large TV Unit | J80: X0024877YL | K80: B0CK5QKMHP | L80: TVUGWG73GTZSTCB6 | M80: LSTTVUGWG73GTZSTCB60MCREC | N80: FVTBAV33BR32718 | O80: FN2166566-S-PM39235 | P80: FN2166566-S-WH41218 | Q80: 34398998
A81: SR-OLY-MI | B81: =IFERROR(VLOOKUP(Table1[[#This Row],[Seller SKU]],'[1]FG Snapshot (V2)'!$A:$B,2,0),"AR") -> Y | C81: =IFERROR(VLOOKUP(Table1[[#This Row],[Seller SKU]],'[1]FG Snapshot (V2)'!$A:$E,5,0),"AR") -> 109 | D81: SR-OLY | E81: =VLOOKUP(Table1[[#This Row],[MTP SKU]],'MTP SKUs - Master Data'!A:D,3,0) -> Oleye Shoe Rack | F81: Brown Maple & Beige | G81: =_xlfn.CONCAT(Table1[[#This Row],[MTP Name]]," ",Table1[[#This Row],[ Child Color]]) -> Oleye Shoe Rack Brown Maple & Beige | H81: =VLOOKUP(Table1[[#This Row],[MTP SKU]],'MTP SKUs - Master Data'!A:D,3,0) -> Oleye Shoe Rack | J81: X001YXZYGZ | K81: B09XBDHDPW | L81: CSDGVWVPZGESQVSN | M81: LSTCSDGVWVPZGESQVSNANCYOY | N81: FVSGSR33BR32759 | O81: FN2166551-S-PM39235 | P81: FN2166551-S-WH41218 | Q81: 34399084
A82: S-AE-W6 | B82: =IFERROR(VLOOKUP(Table1[[#This Row],[Seller SKU]],'[1]FG Snapshot (V2)'!$A:$B,2,0),"AR") -> Y | C82: =IFERROR(VLOOKUP(Table1[[#This Row],[Seller SKU]],'[1]FG Snapshot (V2)'!$A:$E,5,0),"AR") -> 111 | D82: S-AE | E82: =VLOOKUP(Table1[[#This Row],[MTP SKU]],'MTP SKUs - Master Data'!A:D,3,0) -> Albert Wall Shelve | F82: Wenge | G82: =_xlfn.CONCAT(Table1[[#This Row],[MTP Name]]," ",Table1[[#This Row],[ Child Color]]) -> Albert Wall Shelve Wenge | H82: =VLOOKUP(Table1[[#This Row],[MTP SKU]],'MTP SKUs - Master Data'!A:D,3,0) -> Albert Wall Shelve | J82: X000LKMUXH | K82: B01FOAFXLQ | L82: BSFETYFVRDHUHU9Z | M82: LSTBSFETYFVRDHUHU9ZXAWOCQ | N82: FVSGCB33WG25067 | O82: FN2030304-S-PM39235 | P82: Not in WH | Q82: 34163061
A83: W-CLO-4M | B83: =IFERROR(VLOOKUP(Table1[[#This Row],[Seller SKU]],'[1]FG Snapshot (V2)'!$A:$B,2,0),"AR") -> Y | C83: =IFERROR(VLOOKUP(Table1[[#This Row],[Seller SKU]],'[1]FG Snapshot (V2)'!$A:$E,5,0),"AR") -> 47 | D83: W-CLO-4 | E83: =VLOOKUP(Table1[[#This Row],[MTP SKU]],'MTP SKUs - Master Data'!A:D,3,0) -> Calcio 4-Tier Wardrobe | F83: Brown Maple | G83: =_xlfn.CONCAT(Table1[[#This Row],[MTP Name]]," ",Table1[[#This Row],[ Child Color]]) -> Calcio 4-Tier Wardrobe Brown Maple | H83: =VLOOKUP(Table1[[#This Row],[MTP SKU]],'MTP SKUs - Master Data'!A:D,3,0) -> Calcio 4-Tier Wardrobe | K83: B0F916LBY9 | L83: WCLHCARGGWNAWKHC | M83: LSTWCLHCARGGWNAWKHCLUS45C | N83: FVSGCB11BR51516 | O83: FN2260672-S-PM39235 | P83: FN2260672-S-WH41218 | Q83: #N/A
A84: ST-CBN-SMF | B84: =IFERROR(VLOOKUP(Table1[[#This Row],[Seller SKU]],'[1]FG Snapshot (V2)'!$A:$B,2,0),"AR") -> RL | C84: =IFERROR(VLOOKUP(Table1[[#This Row],[Seller SKU]],'[1]FG Snapshot (V2)'!$A:$E,5,0),"AR") -> 138 | D84: ST-CBN-S | E84: =VLOOKUP(Table1[[#This Row],[MTP SKU]],'MTP SKUs - Master Data'!A:D,3,0) -> Corbyn Solo Study Table | F84: Brown Maple & White | G84: =_xlfn.CONCAT(Table1[[#This Row],[MTP Name]]," ",Table1[[#This Row],[ Child Color]]) -> Corbyn Solo Study Table Brown Maple & White | H84: =VLOOKUP(Table1[[#This Row],[MTP SKU]],'MTP SKUs - Master Data'!A:D,3,0) -> Corbyn Solo Study Table | J84: X001Z313P5 | K84: B0CVN9LTNC | L84: OSTGYH5Q4QZCH9C2 | M84: LSTOSTGYH5Q4QZCH9C2LYE6LC | N84: FVTBST33BR32750 | O84: FN2194309-S-PM39235 | P84: FN2194309-S-WH41218 | Q84: 34399005
A85: SR-BKN-MF | B85: =IFERROR(VLOOKUP(Table1[[#This Row],[Seller SKU]],'[1]FG Snapshot (V2)'!$A:$B,2,0),"AR") -> Y | C85: =IFERROR(VLOOKUP(Table1[[#This Row],[Seller SKU]],'[1]FG Snapshot (V2)'!$A:$E,5,0),"AR") -> 103 | D85: SR-BKN-2 | E85: =VLOOKUP(Table1[[#This Row],[MTP SKU]],'MTP SKUs - Master Data'!A:D,3,0) -> Brooklyn Shoe Rack | F85: Brown Maple & White | G85: =_xlfn.CONCAT(Table1[[#This Row],[MTP Name]]," ",Table1[[#This Row],[ Child Color]]) -> Brooklyn Shoe Rack Brown Maple & White | H85: =VLOOKUP(Table1[[#This Row],[MTP SKU]],'MTP SKUs - Master Data'!A:D,3,0) -> Brooklyn Shoe Rack | J85: X001YSR0UD | K85: B0CJRS1LB2 | L85: SHKGUJYVKZPFWZA7 | M85: LSTSHKGUJYVKZPFWZA7IYNNVA | N85: FVSGSR33BR32752 | O85: FN2152509-S-PM39235 | P85: FN2152509-S-WH41218 | Q85: 34399130
A86: SB-SN-NW | B86: =IFERROR(VLOOKUP(Table1[[#This Row],[Seller SKU]],'[1]FG Snapshot (V2)'!$A:$B,2,0),"AR") -> Y | C86: =IFERROR(VLOOKUP(Table1[[#This Row],[Seller SKU]],'[1]FG Snapshot (V2)'!$A:$E,5,0),"AR") -> 153 | D86: SB-SN-N | E86: =VLOOKUP(Table1[[#This Row],[MTP SKU]],'MTP SKUs - Master Data'!A:D,3,0) -> Seonn Bookshelf | F86: Wenge | G86: =_xlfn.CONCAT(Table1[[#This Row],[MTP Name]]," ",Table1[[#This Row],[ Child Color]]) -> Seonn Bookshelf Wenge | H86: =VLOOKUP(Table1[[#This Row],[MTP SKU]],'MTP SKUs - Master Data'!A:D,3,0) -> Seonn Bookshelf | J86: X001CODCSX | K86: B08YWPGQ65 | L86: BSFGF9PA3FDZUTB7 | M86: LSTBSFGF9PA3FDZUTB7VVXN8G | N86: FVSGBR33WN20584 | O86: FN1991893-S-PM39235 | P86: FN1991893-S-WH41218 | Q86: 34380988
A87: TU-PMG-STMF | B87: =IFERROR(VLOOKUP(Table1[[#This Row],[Seller SKU]],'[1]FG Snapshot (V2)'!$A:$B,2,0),"AR") -> Y | C87: =IFERROR(VLOOKUP(Table1[[#This Row],[Seller SKU]],'[1]FG Snapshot (V2)'!$A:$E,5,0),"AR") -> 64 | D87: TU-PMG-ST | E87: =VLOOKUP(Table1[[#This Row],[MTP SKU]],'MTP SKUs - Master Data'!A:D,3,0) -> Primax Grande Standard TV Unit | F87: Brown Maple & White | G87: =_xlfn.CONCAT(Table1[[#This Row],[MTP Name]]," ",Table1[[#This Row],[ Child Color]]) -> Primax Grande Standard TV Unit Brown Maple & White | H87: =VLOOKUP(Table1[[#This Row],[MTP SKU]],'MTP SKUs - Master Data'!A:D,3,0) -> Primax Grande Standard TV Unit | J87: X001VYW48X | K87: B0CK5TZTNF | L87: TVUGVG6QPFPWDQRG | M87: LSTTVUGVG6QPFPWDQRGVUV3JZ | N87: FVTBAV33BR32722 | O87: FN2152516-S-PM39235 | P87: Not in WH | Q87: 34399040
A88: CT-NO-RTM | B88: =IFERROR(VLOOKUP(Table1[[#This Row],[Seller SKU]],'[1]FG Snapshot (V2)'!$A:$B,2,0),"AR") -> Y | C88: =IFERROR(VLOOKUP(Table1[[#This Row],[Seller SKU]],'[1]FG Snapshot (V2)'!$A:$E,5,0),"AR") -> 94 | D88: CT-NO-RT | E88: =VLOOKUP(Table1[[#This Row],[MTP SKU]],'MTP SKUs - Master Data'!A:D,3,0) -> Noel Rectangle Coffee Table | F88: Brown Maple | G88: =_xlfn.CONCAT(Table1[[#This Row],[MTP Name]]," ",Table1[[#This Row],[ Child Color]]) -> Noel Rectangle Coffee Table Brown Maple | H88: =VLOOKUP(Table1[[#This Row],[MTP SKU]],'MTP SKUs - Master Data'!A:D,3,0) -> Noel Rectangle Coffee Table | J88: X001WE0PVP | K88: B06VWV8XVD | L88: CFTGW3KGDBBDXSZF | M88: LSTCFTGW3KGDBBDXSZFZXQDDV | N88: FVTBCF33BR32700 | O88: FN2152504-S-PM39235 | P88: FN2152504-S-WH41218 | Q88: 34399095
A89: W-BNO-MF | B89: =IFERROR(VLOOKUP(Table1[[#This Row],[Seller SKU]],'[1]FG Snapshot (V2)'!$A:$B,2,0),"AR") -> Y | C89: =IFERROR(VLOOKUP(Table1[[#This Row],[Seller SKU]],'[1]FG Snapshot (V2)'!$A:$E,5,0),"AR") -> 91 | D89: W-BNO | E89: =VLOOKUP(Table1[[#This Row],[MTP SKU]],'MTP SKUs - Master Data'!A:D,3,0) -> Bonco Wardrobe | F89: Brown Maple & White | G89: =_xlfn.CONCAT(Table1[[#This Row],[MTP Name]]," ",Table1[[#This Row],[ Child Color]]) -> Bonco Wardrobe Brown Maple & White | H89: =VLOOKUP(Table1[[#This Row],[MTP SKU]],'MTP SKUs - Master Data'!A:D,3,0) -> Bonco Wardrobe | K89: B0F9173CCD | L89: WCLHC8U9KUQEJBZE | M89: LSTWCLHC8U9KUQEJBZE7TGRQZ | N89: FVSGCB11BW51513 | O89: FN2260669-S-PM39235 | P89: FN2260669-S-WH41218 | Q89: #N/A
A90: CT-DOV-WF | B90: =IFERROR(VLOOKUP(Table1[[#This Row],[Seller SKU]],'[1]FG Snapshot (V2)'!$A:$B,2,0),"AR") -> RL | C90: =IFERROR(VLOOKUP(Table1[[#This Row],[Seller SKU]],'[1]FG Snapshot (V2)'!$A:$E,5,0),"AR") -> 96 | D90: CT-DOV | E90: =VLOOKUP(Table1[[#This Row],[MTP SKU]],'MTP SKUs - Master Data'!A:D,3,0) -> Declove Coffee Table | F90: Wenge & White | G90: =_xlfn.CONCAT(Table1[[#This Row],[MTP Name]]," ",Table1[[#This Row],[ Child Color]]) -> Declove Coffee Table Wenge & White | H90: =VLOOKUP(Table1[[#This Row],[MTP SKU]],'MTP SKUs - Master Data'!A:D,3,0) -> Declove Coffee Table | J90: X001KJRCDV | K90: B09YRPFNVT | L90: CFTGG8GZKRJFZXF3 | M90: LSTCFTGG8GZKRJFZXF3MWOHZ7 | N90: FVTBCF33WW20626 | O90: FN2030314-S-PM39235 | P90: FN2030314-S-WH41218 | Q90: 34399102
A91: TU-PMG-LAW | B91: =IFERROR(VLOOKUP(Table1[[#This Row],[Seller SKU]],'[1]FG Snapshot (V2)'!$A:$B,2,0),"AR") -> Y | C91: =IFERROR(VLOOKUP(Table1[[#This Row],[Seller SKU]],'[1]FG Snapshot (V2)'!$A:$E,5,0),"AR") -> 70 | D91: TU-PMG-LA | E91: =VLOOKUP(Table1[[#This Row],[MTP SKU]],'MTP SKUs - Master Data'!A:D,3,0) -> Primax Grande Large TV Unit | F91: Wenge | G91: =_xlfn.CONCAT(Table1[[#This Row],[MTP Name]]," ",Table1[[#This Row],[ Child Color]]) -> Primax Grande Large TV Unit Wenge | H91: =VLOOKUP(Table1[[#This Row],[MTP SKU]],'MTP SKUs - Master Data'!A:D,3,0) -> Primax Grande Large TV Unit | J91: X001I5KUIL | K91: B09PBSL1M2 | L91: TVUGAB6HTH3Z7CEK | M91: LSTTVUGAB6HTH3Z7CEKYJMK5O | N91: FVSGAV33WN20542 | O91: FN1986325-S-PM39235 | P91: Not in WH | Q91: 34399150
A92: ST-MLM-LMF | B92: =IFERROR(VLOOKUP(Table1[[#This Row],[Seller SKU]],'[1]FG Snapshot (V2)'!$A:$B,2,0),"AR") -> Y | C92: =IFERROR(VLOOKUP(Table1[[#This Row],[Seller SKU]],'[1]FG Snapshot (V2)'!$A:$E,5,0),"AR") -> 72 | D92: ST-MLM-L | E92: =VLOOKUP(Table1[[#This Row],[MTP SKU]],'MTP SKUs - Master Data'!A:D,3,0) -> Mallium With Slider Study Table | F92: Brown Maple & White | G92: =_xlfn.CONCAT(Table1[[#This Row],[MTP Name]]," ",Table1[[#This Row],[ Child Color]]) -> Mallium With Slider Study Table Brown Maple & White | H92: =VLOOKUP(Table1[[#This Row],[MTP SKU]],'MTP SKUs - Master Data'!A:D,3,0) -> Mallium With Slider Study Table | J92: X0024ZGY0H | K92: B0DFGZJT6J | L92: OSTH45Z8Y5BHYPDH | M92: LSTOSTH45Z8Y5BHYPDHVACS56 | N92: FVTBST11BW51565 | O92: FN2229397-S-PM39235 | P92: FN2229397-S-WH41218 | Q92: 34399066
A93: CT-ATD-STM | B93: =IFERROR(VLOOKUP(Table1[[#This Row],[Seller SKU]],'[1]FG Snapshot (V2)'!$A:$B,2,0),"AR") -> Y | C93: =IFERROR(VLOOKUP(Table1[[#This Row],[Seller SKU]],'[1]FG Snapshot (V2)'!$A:$E,5,0),"AR") -> 77 | D93: CT-ATD | E93: =VLOOKUP(Table1[[#This Row],[MTP SKU]],'MTP SKUs - Master Data'!A:D,3,0) -> Anatdol Standard Coffee Table | F93: Brown Maple | G93: =_xlfn.CONCAT(Table1[[#This Row],[MTP Name]]," ",Table1[[#This Row],[ Child Color]]) -> Anatdol Standard Coffee Table Brown Maple | H93: =VLOOKUP(Table1[[#This Row],[MTP SKU]],'MTP SKUs - Master Data'!A:D,3,0) -> Anatdol Standard Coffee Table | J93: X0020NXUKF | K93: B0CP93LCVW | L93: CFTGWDMF66BKQHEN | M93: LSTCFTGWDMF66BKQHENJ0TER0 | N93: FVTBCF33BR32698 | O93: FN2166569-S-PM39235 | P93: Not in WH | Q93: 34399031
A94: ST-RDO-M | B94: =IFERROR(VLOOKUP(Table1[[#This Row],[Seller SKU]],'[1]FG Snapshot (V2)'!$A:$B,2,0),"AR") -> Y | C94: =IFERROR(VLOOKUP(Table1[[#This Row],[Seller SKU]],'[1]FG Snapshot (V2)'!$A:$E,5,0),"AR") -> 82 | D94: ST-RDO | E94: =VLOOKUP(Table1[[#This Row],[MTP SKU]],'MTP SKUs - Master Data'!A:D,3,0) -> Radisso Study Table | F94: Brown Maple | G94: =_xlfn.CONCAT(Table1[[#This Row],[MTP Name]]," ",Table1[[#This Row],[ Child Color]]) -> Radisso Study Table Brown Maple | H94: =VLOOKUP(Table1[[#This Row],[MTP SKU]],'MTP SKUs - Master Data'!A:D,3,0) -> Radisso Study Table | J94: #N/A | K94: B0D9HDHH7T | L94: OSTH3CFVGZGGFBHY | M94: LSTOSTH3CFVGZGGFBHYLHBDXF | N94: FVTBST33BR50163 | O94: FN2194321-S-PM39235 | P94: FN2194321-S-WH41218 | Q94: 34399125
A95: CT-VC-W | B95: =IFERROR(VLOOKUP(Table1[[#This Row],[Seller SKU]],'[1]FG Snapshot (V2)'!$A:$B,2,0),"AR") -> Y | C95: =IFERROR(VLOOKUP(Table1[[#This Row],[Seller SKU]],'[1]FG Snapshot (V2)'!$A:$E,5,0),"AR") -> 97 | D95: CT-VC | E95: =VLOOKUP(Table1[[#This Row],[MTP SKU]],'MTP SKUs - Master Data'!A:D,3,0) -> Victor Coffee Table | F95: Wenge | G95: =_xlfn.CONCAT(Table1[[#This Row],[MTP Name]]," ",Table1[[#This Row],[ Child Color]]) -> Victor Coffee Table Wenge | H95: =VLOOKUP(Table1[[#This Row],[MTP SKU]],'MTP SKUs - Master Data'!A:D,3,0) -> Victor Coffee Table | J95: X000PRUWX1 | K95: B06WLNKHXD | L95: CFTET3C435FSJRF6 | M95: LSTCFTET3C435FSJRF6NYLPLG | N95: FVTBCF33WN20660 | O95: FN1991897-S-PM39235 | P95: FN1991897-S-WH41218 | Q95: 34399172
A96: S-BR-F6L | B96: =IFERROR(VLOOKUP(Table1[[#This Row],[Seller SKU]],'[1]FG Snapshot (V2)'!$A:$B,2,0),"AR") -> YB | C96: =IFERROR(VLOOKUP(Table1[[#This Row],[Seller SKU]],'[1]FG Snapshot (V2)'!$A:$E,5,0),"AR") -> 127 | D96: S-BR-F6 | E96: =VLOOKUP(Table1[[#This Row],[MTP SKU]],'MTP SKUs - Master Data'!A:D,3,0) -> Braine F6 Shelves Wall Shelve | F96: Walnut | G96: =_xlfn.CONCAT(Table1[[#This Row],[MTP Name]]," ",Table1[[#This Row],[ Child Color]]) -> Braine F6 Shelves Wall Shelve Walnut | H96: =VLOOKUP(Table1[[#This Row],[MTP SKU]],'MTP SKUs - Master Data'!A:D,3,0) -> Braine F6 Shelves Wall Shelve | J96: X001GVD3H7 | K96: B09LD22YFC | L96: BSFFBPZUDDHGG28P | M96: LSTBSFFBPZUDDHGG28PBZLSNA | N96: FVSGCB33WL25079 | O96: DE2231308-S-PM39397 | P96: Not in WH | Q96: 29525066
A97: B-RVB-QNM | B97: =IFERROR(VLOOKUP(Table1[[#This Row],[Seller SKU]],'[1]FG Snapshot (V2)'!$A:$B,2,0),"AR") -> Y | C97: =IFERROR(VLOOKUP(Table1[[#This Row],[Seller SKU]],'[1]FG Snapshot (V2)'!$A:$E,5,0),"AR") -> 41 | D97: B-RVB-QN | E97: =VLOOKUP(Table1[[#This Row],[MTP SKU]],'MTP SKUs - Master Data'!A:D,3,0) -> Roverb Queen Bed | F97: Brown Maple | G97: =_xlfn.CONCAT(Table1[[#This Row],[MTP Name]]," ",Table1[[#This Row],[ Child Color]]) -> Roverb Queen Bed Brown Maple | H97: =VLOOKUP(Table1[[#This Row],[MTP SKU]],'MTP SKUs - Master Data'!A:D,3,0) -> Roverb Queen Bed | J97: #N/A | K97: B08XW1VX4Q | L97: BDDGUJ245EZV5GRZ | M97: LSTBDDGUJ245EZV5GRZNIFGRK | N97: FVBDNS33BR32685 | O97: FN2152500-S-PM39235 | P97: FN2152500-S-WH41218 | Q97: #N/A
A98: W-AND-4NMI | B98: =IFERROR(VLOOKUP(Table1[[#This Row],[Seller SKU]],'[1]FG Snapshot (V2)'!$A:$B,2,0),"AR") -> Y | C98: =IFERROR(VLOOKUP(Table1[[#This Row],[Seller SKU]],'[1]FG Snapshot (V2)'!$A:$E,5,0),"AR") -> 90 | D98: W-AND-4N | E98: =VLOOKUP(Table1[[#This Row],[MTP SKU]],'MTP SKUs - Master Data'!A:D,3,0) -> Andrie 4 Door without Mirror Wardrobe | F98: Brown Maple & Beige | G98: =_xlfn.CONCAT(Table1[[#This Row],[MTP Name]]," ",Table1[[#This Row],[ Child Color]]) -> Andrie 4 Door without Mirror Wardrobe Brown Maple & Beige | H98: =VLOOKUP(Table1[[#This Row],[MTP SKU]],'MTP SKUs - Master Data'!A:D,3,0) -> Andrie 4 Door without Mirror Wardrobe | J98: #N/A | K98: B0CR4BQFMW | L98: WCLGWZZNHBB9FHNY | M98: LSTWCLGWZZNHBB9FHNYWZSQLK | N98: FVSGCB33BR32692 | O98: FN2166584-S-PM39235 | P98: Not in WH | Q98: #N/A
A99: TU-PTL-M | B99: =IFERROR(VLOOKUP(Table1[[#This Row],[Seller SKU]],'[1]FG Snapshot (V2)'!$A:$B,2,0),"AR") -> Y | C99: =IFERROR(VLOOKUP(Table1[[#This Row],[Seller SKU]],'[1]FG Snapshot (V2)'!$A:$E,5,0),"AR") -> 135 | D99: TU-PTL | E99: =VLOOKUP(Table1[[#This Row],[MTP SKU]],'MTP SKUs - Master Data'!A:D,3,0) -> Petel TV Unit | F99: Brown Maple | G99: =_xlfn.CONCAT(Table1[[#This Row],[MTP Name]]," ",Table1[[#This Row],[ Child Color]]) -> Petel TV Unit Brown Maple | H99: =VLOOKUP(Table1[[#This Row],[MTP SKU]],'MTP SKUs - Master Data'!A:D,3,0) -> Petel TV Unit | J99: X0024ADWB1 | K99: B0D9HFGGQ9 | L99: TVUH3BMY2HKQQF6D | M99: LSTTVUH3BMY2HKQQF6DXBOIS8 | N99: FVSGAV33BR50158 | O99: FN2194323-S-PM39235 | P99: Not in WH | Q99: 34399099
A100: SR-KPN-FW | B100: =IFERROR(VLOOKUP(Table1[[#This Row],[Seller SKU]],'[1]FG Snapshot (V2)'!$A:$B,2,0),"AR") -> Y | C100: =IFERROR(VLOOKUP(Table1[[#This Row],[Seller SKU]],'[1]FG Snapshot (V2)'!$A:$E,5,0),"AR") -> 53 | D100: SR-KPN | E100: =VLOOKUP(Table1[[#This Row],[MTP SKU]],'MTP SKUs - Master Data'!A:D,3,0) -> Kaspen Shoe Rack | F100: Wenge | G100: =_xlfn.CONCAT(Table1[[#This Row],[MTP Name]]," ",Table1[[#This Row],[ Child Color]]) -> Kaspen Shoe Rack Wenge | H100: =VLOOKUP(Table1[[#This Row],[MTP SKU]],'MTP SKUs - Master Data'!A:D,3,0) -> Kaspen Shoe Rack | J100: X0023FVU9D | K100: B09TXMJP9P | L100: CSDGCHW3YYJEYG6A | M100: LSTCSDGCHW3YYJEYG6A6XZNFH | N100: FVSGSR33WW20616 | O100: FN1988014-S-PM39235 | P100: FN1988014-S-WH41218 | Q100: 34399041
...

Sheet Sheet1
A1: ASIN | B1: SKU | C1: PF | D1: UL | E1: Competitor URL | F1: Amazon Price | G1: Lowest competitor price | H1: SDF
A2: B0CT2ZMKGM | B2: =_xlfn.XLOOKUP(A2,'Child SKUs - Alias Master'!K:K,'Child SKUs - Alias Master'!A:A) -> TU-RYE-STMI | C2: =_xlfn.XLOOKUP(B2,'Child SKUs - Alias Master'!A:A,'Child SKUs - Alias Master'!O:O) -> FN2194318-S-PM39235 | D2: =_xlfn.XLOOKUP(B2,'Child SKUs - Alias Master'!A:A,'Child SKUs - Alias Master'!N:N) -> FVSGAV33BR50157 | E2: https://www.pepperfry.com/product/reyloye-tv-unit-in-brown-maple-beige-finish-2194318.html | F2: 3689 | G2: 3468 | H2: 3799
A3: B07D1KM4DJ | B3: =_xlfn.XLOOKUP(A3,'Child SKUs - Alias Master'!K:K,'Child SKUs - Alias Master'!A:A) -> SB-WA-WMW | C3: =_xlfn.XLOOKUP(B3,'Child SKUs - Alias Master'!A:A,'Child SKUs - Alias Master'!O:O) -> FN1991894-S-PM39235 | D3: =_xlfn.XLOOKUP(B3,'Child SKUs - Alias Master'!A:A,'Child SKUs - Alias Master'!N:N) -> FVSGBR33WN20587 | E3: https://www.pepperfry.com/product/walten-book-shelf-in-wenge-finish-1991894.html | F3: 1939 | G3: 1878 | H3: 1999
A4: B0CJCJJJ54 | B4: =_xlfn.XLOOKUP(A4,'Child SKUs - Alias Master'!K:K,'Child SKUs - Alias Master'!A:A) -> DC-MYN-STMF | C4: =_xlfn.XLOOKUP(B4,'Child SKUs - Alias Master'!A:A,'Child SKUs - Alias Master'!O:O) -> FN2135042-S-PM39235 | D4: =_xlfn.XLOOKUP(B4,'Child SKUs - Alias Master'!A:A,'Child SKUs - Alias Master'!N:N) -> FVSGDR33BR32696 | E4: https://www.flipkart.com/bluewud-engineered-wood-free-standing-chest-drawers/p/itm10b8893f55f33?pid=CSDGUGVTFGESHDZU&lid=LSTCSDGUGVTFGESHDZUOMOZGM&marketplace=FLIPKART&q=BLUEWUD+Chest+of+Drawers&store=wwe%2Fxdf%2Ffcg&srno=s_1_5&otracker=search&otracker1=search&fm=organic&iid=4ea4d803-99b2-4447-99c3-49140171c0be.CSDGUGVTFGESHDZU.SEARCH&ppt=hp&ppn=homepage&ssid=wxby8vkwuo0000001699037510339&qH=6fbc34d45828e909 | F4: 8829 | G4: 7799 | H4: 11599
A5: B0B8MXTLK2 | B5: =_xlfn.XLOOKUP(A5,'Child SKUs - Alias Master'!K:K,'Child SKUs - Alias Master'!A:A) -> W-AND-4NFW | C5: =_xlfn.XLOOKUP(B5,'Child SKUs - Alias Master'!A:A,'Child SKUs - Alias Master'!O:O) -> FN2027701-S-PM39235 | D5: =_xlfn.XLOOKUP(B5,'Child SKUs - Alias Master'!A:A,'Child SKUs - Alias Master'!N:N) -> FVSGSR33BR71093 | E5: https://www.pepperfry.com/product/andrie-4-door-wardrobe-in-wenge-and-white-finish-2027701.html | F5: 25219 | G5: 24988 | H5: 25999
A6: B09X1HTQYK | B6: =_xlfn.XLOOKUP(A6,'Child SKUs - Alias Master'!K:K,'Child SKUs - Alias Master'!A:A) -> CT-MT-ROW | C6: =_xlfn.XLOOKUP(B6,'Child SKUs - Alias Master'!A:A,'Child SKUs - Alias Master'!O:O) -> FN1991992-S-PM39235 | D6: =_xlfn.XLOOKUP(B6,'Child SKUs - Alias Master'!A:A,'Child SKUs - Alias Master'!N:N) -> FVTBCF33WN20642 | E6: https://www.flipkart.com/bluewud-mayrite-coffee-center-sofa-teapoy-console-table-set-living-room-home-engineered-wood/p/itmef82adee01408?pid=CFTGDCFRN4H4N8BW&lid=LSTCFTGDCFRN4H4N8BW1PKZVM&marketplace=FLIPKART&store=wwe%2Fki7%2Fot1&srno=b_9_334&otracker=browse&fm=organic&iid=5fd64004-5d69-4a34-8323-5990ce10504a.CFTGDCFRN4H4N8BW.SEARCH&ppt=None&ppn=None&ssid=9zttumtwa80000001724950377823 | F6: 2139 | G6: 1829 | H6: Matched
A7: B00PS6MFM2 | B7: =_xlfn.XLOOKUP(A7,'Child SKUs - Alias Master'!K:K,'Child SKUs - Alias Master'!A:A) -> RG-KH-SW-WB | C7: =_xlfn.XLOOKUP(B7,'Child SKUs - Alias Master'!A:A,'Child SKUs - Alias Master'!O:O) -> DE1994926-S-PM39397 | D7: =_xlfn.XLOOKUP(B7,'Child SKUs - Alias Master'!A:A,'Child SKUs - Alias Master'!N:N) -> #N/A | E7: https://www.flipkart.com/bluewud-skywood-wood-key-holder/p/itma45469a869ff2?pid=HOKE5EE9H83BFNUZ | F7: 299 | G7: 284 | H7: Corrected
A8: B0DFPPJ56P | B8: =_xlfn.XLOOKUP(A8,'Child SKUs - Alias Master'!K:K,'Child SKUs - Alias Master'!A:A) -> TU-DSK-M | C8: =_xlfn.XLOOKUP(B8,'Child SKUs - Alias Master'!A:A,'Child SKUs - Alias Master'!O:O) -> FN2200969-S-PM39235 | D8: =_xlfn.XLOOKUP(B8,'Child SKUs - Alias Master'!A:A,'Child SKUs - Alias Master'!N:N) -> FVSGAV11BM51541 | E8: https://www.pepperfry.com/product/duskin-tv-console-in-brown-maple-finish-2200969.html?type=clip&pos=5&total_result=211&fromId=5415&sort=sorting_score%7Cdesc&filter=%7C&cat=5415 | F8: 6399 | G8: 5618 | H8: 6599
A9: B06WRTMT7T | B9: =_xlfn.XLOOKUP(A9,'Child SKUs - Alias Master'!K:K,'Child SKUs - Alias Master'!A:A) -> SB-WA-W | C9: =_xlfn.XLOOKUP(B9,'Child SKUs - Alias Master'!A:A,'Child SKUs - Alias Master'!O:O) -> FN1988001-S-PM39235 | D9: =_xlfn.XLOOKUP(B9,'Child SKUs - Alias Master'!A:A,'Child SKUs - Alias Master'!N:N) -> FVSGBR33WN20586 | E9: http://www.pepperfry.com/product/walten-book-shelf-in-wenge-finish-with-5-tier-1988001.html | F9: 1939 | G9: 1918 | H9: 1999
A10: B0CJCLT2M9 | B10: =_xlfn.XLOOKUP(A10,'Child SKUs - Alias Master'!K:K,'Child SKUs - Alias Master'!A:A) -> DC-MYN-LAMF | C10: =_xlfn.XLOOKUP(B10,'Child SKUs - Alias Master'!A:A,'Child SKUs - Alias Master'!O:O) -> FN2135040-S-PM39235 | D10: =_xlfn.XLOOKUP(B10,'Child SKUs - Alias Master'!A:A,'Child SKUs - Alias Master'!N:N) -> FVSGDR33BR32697 | E10: https://www.pepperfry.com/product/mayrone-chest-of-drawers-in-brown-maple-frosty-finish-2135040.html | F10: 12909 | G10: 11738 | H10: 13299
A11: B09X1LH2VV | B11: =_xlfn.XLOOKUP(A11,'Child SKUs - Alias Master'!K:K,'Child SKUs - Alias Master'!A:A) -> CT-MT-RTW | C11: =_xlfn.XLOOKUP(B11,'Child SKUs - Alias Master'!A:A,'Child SKUs - Alias Master'!O:O) -> FN1991993-S-PM39235 | D11: =_xlfn.XLOOKUP(B11,'Child SKUs - Alias Master'!A:A,'Child SKUs - Alias Master'!N:N) -> FVTBCF33WN20643 | E11: https://www.flipkart.com/bluewud-mayrite-coffee-center-sofa-teapoy-console-table-set-living-room-home-engineered-wood/p/itm0589afd138d61?pid=CFTGDCFVN5C2DDN9 | F11: 1899 | G11: 1659 | H11: Corrected
A12: B019K1OVJK | B12: =_xlfn.XLOOKUP(A12,'Child SKUs - Alias Master'!K:K,'Child SKUs - Alias Master'!A:A) -> SB-AA-WD | C12: =_xlfn.XLOOKUP(B12,'Child SKUs - Alias Master'!A:A,'Child SKUs - Alias Master'!O:O) -> DE2231304-S-PM39397 | D12: =_xlfn.XLOOKUP(B12,'Child SKUs - Alias Master'!A:A,'Child SKUs - Alias Master'!N:N) -> FVSGCB33WG25113 | E12: https://www.urbanladder.com/products/bluewud-aaron-engineered-wood-multipurpose-wall-decor-shelf-display-rack-wenge-fvxxcb33wg25113?sku=FVSGCB33WG25113&src=subcat | F12: 609 | G12: 549 | H12: 609
A13: B0DG98BKCP | B13: =_xlfn.XLOOKUP(A13,'Child SKUs - Alias Master'!K:K,'Child SKUs - Alias Master'!A:A) -> SB-JMY-M | C13: =_xlfn.XLOOKUP(B13,'Child SKUs - Alias Master'!A:A,'Child SKUs - Alias Master'!O:O) -> FN2200963-S-PM39235 | D13: =_xlfn.XLOOKUP(B13,'Child SKUs - Alias Master'!A:A,'Child SKUs - Alias Master'!N:N) -> FVSGBR11BM51550 | E13: https://www.pepperfry.com/product/jameye-bookshelf-in-brown-maple-finish-2200963.html?type=clip&pos=8&total_result=205&fromId=22&sort=sorting_score%7Cdesc&filter=%7C&cat=22 | F13: 4469 | G13: 3948 | H13: 4599
A14: B09T3FKXLG | B14: =_xlfn.XLOOKUP(A14,'Child SKUs - Alias Master'!K:K,'Child SKUs - Alias Master'!A:A) -> S-GRB-W | C14: =_xlfn.XLOOKUP(B14,'Child SKUs - Alias Master'!A:A,'Child SKUs - Alias Master'!O:O) -> DE1994921-S-PM39397 | D14: =_xlfn.XLOOKUP(B14,'Child SKUs - Alias Master'!A:A,'Child SKUs - Alias Master'!N:N) -> FVSGCB33WG25088 | E14: https://www.flipkart.com/bluewud-grubbin-particle-board-wall-shelf/p/itm9229b4f390e59?pid=RSFGBTHYAPHPTHAG&lid=LSTRSFGBTHYAPHPTHAGXTS9WV&marketplace=FLIPKART&store=arb%2Fa77%2Fvk7&srno=b_1_35&otracker=browse&fm=organic&iid=8f1e3279-9035-4804-aecb-59df41f5f06c.RSFGBTHYAPHPTHAG.SEARCH&ppt=browse&ppn=browse&ssid=fztydgbkj40000001670325614437 | F14: 1269 | G14: 1129 | H14: Corrected
A15: B00IPAT2G0 | B15: =_xlfn.XLOOKUP(A15,'Child SKUs - Alias Master'!K:K,'Child SKUs - Alias Master'!A:A) -> RG-KH-SW-W21 | C15: =_xlfn.XLOOKUP(B15,'Child SKUs - Alias Master'!A:A,'Child SKUs - Alias Master'!O:O) -> DE1994923-S-PM39397 | D15: =_xlfn.XLOOKUP(B15,'Child SKUs - Alias Master'!A:A,'Child SKUs - Alias Master'!N:N) -> #N/A | E15: https://www.flipkart.com/bluewud-skywood-wall-mount-key-chain-holder-key-organizer-stand-wood-holder/p/itm069d07ce6a597?pid=HOKE5EE9E2TPEYFY&lid=LSTHOKE5EE9E2TPEYFYBVMF9C&marketplace=FLIPKART&store=arb%2Fa77%2F8js&srno=b_14_557&otracker=browse&iid=en_xKoXMve-ZeGNGCjlWd7bcWnQnyeWnH684UQ3K_ozavMaHRU0Fk5WCr9go3AtA3Tx8pxqxel11tA4ZvEUUAuVAQ%3D%3D&ssid=11exr99do00000001737521747682 | F15: 1169 | G15: 947 | H15: Corrected

Sheet MTP SKUs - Master Data
A1: MTP SKU | B1: MTP.chk | C1: Master MTP Product Name | D1: MRP | E1: CHP | F1: U.DP | G1: MOQ
A2: SR-CLM-T | B2: Y | C2: Carlem Tall Design Shoe Rack | D2: =VLOOKUP(A2,[2]MTP!$A:$B,2,0) -> 10199 | E2: =VLOOKUP(A2,[2]MTP!$A:$AM,39,0) -> 7688.3676 | F2: =VLOOKUP(A2,[2]MTP!$A:$E,5,0) -> 7599 | G2: =VLOOKUP(A2,[2]MTP!$A:$AO,41,0) -> 1
A3: TU-WBM | B3: Y | C3: Wilbrome TV Unit | D3: =VLOOKUP(A3,[2]MTP!$A:$B,2,0) -> 10799 | E3: =VLOOKUP(A3,[2]MTP!$A:$AM,39,0) -> 6526.573 | F3: =VLOOKUP(A3,[2]MTP!$A:$E,5,0) -> 6299 | G3: =VLOOKUP(A3,[2]MTP!$A:$AO,41,0) -> 1
A4: TU-SKD | B4: Y | C4: Skiddo TV Unit | D4: =VLOOKUP(A4,[2]MTP!$A:$B,2,0) -> 9599 | E4: =VLOOKUP(A4,[2]MTP!$A:$AM,39,0) -> 5437.9902 | F4: =VLOOKUP(A4,[2]MTP!$A:$E,5,0) -> 4999 | G4: =VLOOKUP(A4,[2]MTP!$A:$AO,41,0) -> 1
A5: TU-BKY | B5: Y | C5: Blesky TV Unit | D5: =VLOOKUP(A5,[2]MTP!$A:$B,2,0) -> 8999 | E5: =VLOOKUP(A5,[2]MTP!$A:$AM,39,0) -> 6379.019 | F5: =VLOOKUP(A5,[2]MTP!$A:$E,5,0) -> 6599 | G5: =VLOOKUP(A5,[2]MTP!$A:$AO,41,0) -> 1
A6: ST-CBN-LS | B6: Y | C6: Corbyn L-Shape Study Table | D6: =VLOOKUP(A6,[2]MTP!$A:$B,2,0) -> 6599 | E6: =VLOOKUP(A6,[2]MTP!$A:$AM,39,0) -> 4940.5038 | F6: =VLOOKUP(A6,[2]MTP!$A:$E,5,0) -> 5099 | G6: =VLOOKUP(A6,[2]MTP!$A:$AO,41,0) -> 1
A7: TU-BKMT | B7: Y | C7: Blesky Miltra Combo TV Unit | D7: =VLOOKUP(A7,[2]MTP!$A:$B,2,0) -> 15799 | E7: =VLOOKUP(A7,[2]MTP!$A:$AM,39,0) -> 9664.8641 | F7: =VLOOKUP(A7,[2]MTP!$A:$E,5,0) -> 9499 | G7: =VLOOKUP(A7,[2]MTP!$A:$AO,41,0) -> 1
A8: TU-DRN | B8: Y | C8: Darien TV Unit | D8: =VLOOKUP(A8,[2]MTP!$A:$B,2,0) -> 6199 | E8: =VLOOKUP(A8,[2]MTP!$A:$AM,39,0) -> 3605.7094 | F8: =VLOOKUP(A8,[2]MTP!$A:$E,5,0) -> 3899 | G8: =VLOOKUP(A8,[2]MTP!$A:$AO,41,0) -> 1
A9: TU-FL | B9: Y | C9: Fenily TV Unit | D9: =VLOOKUP(A9,[2]MTP!$A:$B,2,0) -> 25799 | E9: =VLOOKUP(A9,[2]MTP!$A:$AM,39,0) -> 17403.342 | F9: =VLOOKUP(A9,[2]MTP!$A:$E,5,0) -> 16299 | G9: =VLOOKUP(A9,[2]MTP!$A:$AO,41,0) -> 1
A10: SR-CLE | B10: Y | C10: Cylvie Shoe Rack | D10: =VLOOKUP(A10,[2]MTP!$A:$B,2,0) -> 8599 | E10: =VLOOKUP(A10,[2]MTP!$A:$AM,39,0) -> 4207.8826 | F10: =VLOOKUP(A10,[2]MTP!$A:$E,5,0) -> 4599 | G10: =VLOOKUP(A10,[2]MTP!$A:$AO,41,0) -> 1
A11: SR-BKN-2 | B11: Y | C11: Brooklyn Shoe Rack | D11: =VLOOKUP(A11,[2]MTP!$A:$B,2,0) -> 7999 | E11: =VLOOKUP(A11,[2]MTP!$A:$AM,39,0) -> 4560.5488 | F11: =VLOOKUP(A11,[2]MTP!$A:$E,5,0) -> 4999 | G11: =VLOOKUP(A11,[2]MTP!$A:$AO,41,0) -> 1
A12: SR-KPN | B12: Y | C12: Kaspen Shoe Rack | D12: =VLOOKUP(A12,[2]MTP!$A:$B,2,0) -> 12399 | E12: =VLOOKUP(A12,[2]MTP!$A:$AM,39,0) -> 7314.0546 | F12: =VLOOKUP(A12,[2]MTP!$A:$E,5,0) -> 7499 | G12: =VLOOKUP(A12,[2]MTP!$A:$AO,41,0) -> 1
A13: S-PTE | B13: Y | C13: Petree Wall Shelve | D13: =VLOOKUP(A13,[2]MTP!$A:$B,2,0) -> 4499 | E13: =VLOOKUP(A13,[2]MTP!$A:$AM,39,0) -> 2293.6646 | F13: =VLOOKUP(A13,[2]MTP!$A:$E,5,0) -> 2799 | G13: =VLOOKUP(A13,[2]MTP!$A:$AO,41,0) -> 1
... A245: SH-GTA | B245: Y | C245: Greta Metal Spice Rack | D245: =VLOOKUP(A245,[2]MTP!$A:$B,2,0) -> 2599 | E245: =VLOOKUP(A245,[2]MTP!$A:$AM,39,0) -> 1300.7139 | F245: =VLOOKUP(A245,[2]MTP!$A:$E,5,0) -> 999 | G245: =VLOOKUP(A245,[2]MTP!$A:$AO,41,0) -> 1
A246: S-TCW-10P2 | B246: DI | C246: Stellar Plus Wall Shelve | D246: =VLOOKUP(A246,[2]MTP!$A:$B,2,0) -> #N/A | F246: =VLOOKUP(A246,[2]MTP!$A:$E,5,0) -> #N/A | G246: =VLOOKUP(A246,[2]MTP!$A:$AO,41,0) -> #N/A
A247: RT-T1 | B247: DI | C247: Stellar Dressing Shelves | D247: =VLOOKUP(A247,[2]MTP!$A:$B,2,0) -> #N/A | F247: =VLOOKUP(A247,[2]MTP!$A:$E,5,0) -> #N/A | G247: =VLOOKUP(A247,[2]MTP!$A:$AO,41,0) -> #N/A
A248: RD-AW | B248: DI | C248: Riodesk Ace Laptop Table | D248: =VLOOKUP(A248,[2]MTP!$A:$B,2,0) -> #N/A | F248: =VLOOKUP(A248,[2]MTP!$A:$E,5,0) -> #N/A | G248: =VLOOKUP(A248,[2]MTP!$A:$AO,41,0) -> #N/A
A249: RT-T1 | B249: DI | C249: Stellar Dressing Shelves | D249: =VLOOKUP(A249,[2]MTP!$A:$B,2,0) -> #N/A | F249: =VLOOKUP(A249,[2]MTP!$A:$E,5,0) -> #N/A | G249: =VLOOKUP(A249,[2]MTP!$A:$AO,41,0) -> #N/A
A250: B-RVB-D30N | B250: RL | C250: Roverb Diwan 30 Inch Non Storage | D250: =VLOOKUP(A250,[2]MTP!$A:$B,2,0) -> #N/A | F250: =VLOOKUP(A250,[2]MTP!$A:$E,5,0) -> #N/A | G250: =VLOOKUP(A250,[2]MTP!$A:$AO,41,0) -> #N/A
A251: WA-FBA.P-D | B251: DI | C251: Febbora Wall art | D251: =VLOOKUP(A251,[2]MTP!$A:$B,2,0) -> #N/A | F251: =VLOOKUP(A251,[2]MTP!$A:$E,5,0) -> #N/A | G251: =VLOOKUP(A251,[2]MTP!$A:$AO,41,0) -> #N/A
A252: SR-WMO | B252: Y | C252: Wimzoe Shoe Rack | D252: =VLOOKUP(A252,[2]MTP!$A:$B,2,0) -> 10999 | E252: =VLOOKUP(A252,[2]MTP!$A:$AM,39,0) -> 7121.187 | F252: =VLOOKUP(A252,[2]MTP!$A:$E,5,0) -> 7199 | G252: =VLOOKUP(A252,[2]MTP!$A:$AO,41,0) -> 2
A253: PU-SUB | B253: Y | C253: Shubh Pooja Unit Temple | D253: =VLOOKUP(A253,[2]MTP!$A:$B,2,0) -> 9499 | E253: =VLOOKUP(A253,[2]MTP!$A:$AM,39,0) -> 5277.9783 | F253: =VLOOKUP(A253,[2]MTP!$A:$E,5,0) -> 5599 | G253: =VLOOKUP(A253,[2]MTP!$A:$AO,41,0) -> 3
A254: CH-ZLO-ME | B254: Y | C254: Zylo Medium Back Chair | D254: =VLOOKUP(A254,[2]MTP!$A:$B,2,0) -> 0 | F254: =VLOOKUP(A254,[2]MTP!$A:$E,5,0) -> 4599 | G254: =VLOOKUP(A254,[2]MTP!$A:$AO,41,0) -> 3
A255: CH-PLI-ME | B255: Y | C255: Polli Medium Back Chair | D255: =VLOOKUP(A255,[2]MTP!$A:$B,2,0) -> 0 | F255: =VLOOKUP(A255,[2]MTP!$A:$E,5,0) -> 4599 | G255: =VLOOKUP(A255,[2]MTP!$A:$AO,41,0) -> 3
A256: PU-SUB-ST | B256: Y | C256: Shubh Mini Pooja Temple | D256: =VLOOKUP(A256,[2]MTP!$A:$B,2,0) -> 4999 | F256: =VLOOKUP(A256,[2]MTP!$A:$E,5,0) -> 2999 | G256: =VLOOKUP(A256,[2]MTP!$A:$AO,41,0) -> 1
A257: ST-RDO-ST | B257: Y | C257: Radisso Mini Study Table | D257: =VLOOKUP(A257,[2]MTP!$A:$B,2,0) -> 4999 | F257: =VLOOKUP(A257,[2]MTP!$A:$E,5,0) -> 2899 | G257: =VLOOKUP(A257,[2]MTP!$A:$AO,41,0) -> 1
A258: PU-DRV | B258: Y | C258: Dhruv Wall Mount Pooja Unit | D258: =VLOOKUP(A258,[2]MTP!$A:$B,2,0) -> 4999 | F258: =VLOOKUP(A258,[2]MTP!$A:$E,5,0) -> 1299 | G258: =VLOOKUP(A258,[2]MTP!$A:$AO,41,0) -> 2
A259: SH-DVN-ST | B259: Y | C259: Dolvin Mini Spice Rack | D259: =VLOOKUP(A259,[2]MTP!$A:$B,2,0) -> 1299 | F259: =VLOOKUP(A259,[2]MTP!$A:$E,5,0) -> 299 | G259: =VLOOKUP(A259,[2]MTP!$A:$AO,41,0) -> 3
A260: TU-VC | B260: Y | C260: Victor TV Unit | D260: =VLOOKUP(A260,[2]MTP!$A:$B,2,0) -> 5799 | F260: =VLOOKUP(A260,[2]MTP!$A:$E,5,0) -> 2799 | G260: =VLOOKUP(A260,[2]MTP!$A:$AO,41,0) -> 1
A261: TU-PIN | B261: Y | C261: Pinn TV Unit | D261: =VLOOKUP(A261,[2]MTP!$A:$B,2,0) -> 14999 | F261: =VLOOKUP(A261,[2]MTP!$A:$E,5,0) -> 8999 | G261: =VLOOKUP(A261,[2]MTP!$A:$AO,41,0) -> 3
A262: TU-OLA | B262: Y | C262: Orelia TV Unit | D262: =VLOOKUP(A262,[2]MTP!$A:$B,2,0) -> 9999 | F262: =VLOOKUP(A262,[2]MTP!$A:$E,5,0) -> 5399 | G262: =VLOOKUP(A262,[2]MTP!$A:$AO,41,0) -> 3
A263: TU-AMY | B263: Y | C263: Amy TV Unit | D263: =VLOOKUP(A263,[2]MTP!$A:$B,2,0) -> 10799 | F263: =VLOOKUP(A263,[2]MTP!$A:$E,5,0) -> 6299 | G263: =VLOOKUP(A263,[2]MTP!$A:$AO,41,0) -> 3
A264: TU-HRI | B264: Y | C264: Harri TV Unit | D264: =VLOOKUP(A264,[2]MTP!$A:$B,2,0) -> 8499 | F264: =VLOOKUP(A264,[2]MTP!$A:$E,5,0) -> 5199 | G264: =VLOOKUP(A264,[2]MTP!$A:$AO,41,0) -> 3
A265: TU-LMI | B265: Y | C265: Lami TV Unit | D265: =VLOOKUP(A265,[2]MTP!$A:$B,2,0) -> 9299 | F265: =VLOOKUP(A265,[2]MTP!$A:$E,5,0) -> 5999 | G265: =VLOOKUP(A265,[2]MTP!$A:$AO,41,0) -> 3
... A271: SB-SRA | B271: Y | C271: Senara Bookshelf | D271: =VLOOKUP(A271,[2]MTP!$A:$B,2,0) -> 3999 | F271: =VLOOKUP(A271,[2]MTP!$A:$E,5,0) -> 1499 | G271: =VLOOKUP(A271,[2]MTP!$A:$AO,41,0) -> 6
A272: SB-CA | B272: DI
A273: SB-CS-ST | B273: DI
A274: S-BR-4 | B274: DI
A275: SR-ADS-2W | B275: DI
A276: SR-BKN-M | B276: DI
A277: TU-PMP-S | B277: DI
A278: TU-VCO | B278: DI
A279: BT-HE | B279: DI
A280: BT-LE-B | B280: DI
A281: CT-ATD-LA | B281: DI
A282: CT-ATD-M | B282: DI
A283: SR-ADS-3 | B283: DI
... A332: WT-EA | B332: DI

Sheet pIVOT
A2: Chk | B2: Count of ASIN | C2: Count of FK FSN | D2: Count of UL | E2: Count of PF
A3: RL | B3: 9 | C3: 9 | D3: 5 | E3: 9
A4: Y | B4: 227 | C4: 227 | D4: 208 | E4: 225
A5: YB | B5: 7 | C5: 7 | D5: 7 | E5: 7
A6: YD | B6: 3 | C6: 3 | D6: 3 | E6: 3
A7: Grand Total | B7: 246 | C7: 246 | D7: 223 | E7: 244

Sheet Archived Data 
A1: SKU Code | B1: Chk | C1: OSR | D1: MTP SKU | E1: Product Name | F1: FNSKU | G1: ASIN | H1: FK FSN | I1: FK List.ID | J1: UL | K1: PF
A2: SB-AXA-W51-HB | B2: Y | C2: 1 | D2: #N/A | F2: X0012WJNZV | G2: #N/A | H2: #N/A | I2: #N/A | J2: #N/A | K2: #N/A
A3: SB-AXA-W32-HB | B3: Y | C3: 3 | D3: #N/A | F3: X0012VD2IV | G3: #N/A | H3: #N/A | I3: #N/A | J3: #N/A | K3: #N/A
A4: TU-PM-STWDB | B4: Y | C4: 2 | D4: #N/A | F4: X001KLQ39X | G4: #N/A | H4: #N/A | I4: #N/A | J4: FVSGAV33BB20550 | K4: FN1987996-S-PM39235
A5: GEC-007R | B5: Y | C5: 11 | D5: #N/A | F5: X000W9K4XZ | G5: #N/A | H5: #N/A | I5: #N/A | J5: #N/A | K5: #N/A
A6: GEC-L5 | B6: Y | C6: 6 | D6: #N/A | F6: X000MIORE3 | G6: #N/A | H6: #N/A | I6: #N/A | J6: #N/A | K6: #N/A
A7: GEC-004L | B7: Y | C7: 4 | D7: #N/A | F7: X000W9ICG1 | G7: #N/A | H7: #N/A | I7: #N/A | J7: #N/A | K7: #N/A
A8: GEC-L5E | B8: Y | C8: 9 | D8: #N/A | F8: X000TJFDDJ | G8: #N/A | H8: #N/A | I8: #N/A | J8: #N/A | K8: #N/A
A9: GEC-L6M | B9: YD | C9: 19 | D9: #N/A | F9: X000TJZ4AB | G9: #N/A | H9: #N/A | I9: #N/A | J9: #N/A | K9: #N/A
A10: GEC-L4M-SS | B10: Y | C10: 7 | D10: #N/A | F10: X000TK4N7F | G10: #N/A | H10: #N/A | I10: #N/A | J10: #N/A | K10: #N/A
A11: GEC-L6M-SS | B11: NL | C11: 41 | D11: #N/A | F11: X000TK4M5X | G11: #N/A | H11: #N/A | I11: #N/A | J11: #N/A | K11: #N/A
A12: GEC-L7M-SS | B12: Y | C12: 17 | D12: #N/A | F12: X000MG9RDV | G12: #N/A | H12: #N/A | I12: #N/A | J12: #N/A | K12: #N/A
A13: GEC-002XL | B13: y | C13: 10 | D13: #N/A | F13: X000W9KTKX | G13: #N/A | H13: #N/A | I13: #N/A | J13: #N/A | K13: #N/A
A14: BRC-762-WH | B14: y | C14: 12 | D14: #N/A | F14: X000NK059V | G14: #N/A | H14: #N/A | I14: #N/A | J14: #N/A | K14: #N/A
A15: GEC-L4 | B15: NL | C15: 26 | D15: #N/A | F15: X000MDOVJ9 | G15: #N/A | H15: #N/A | I15: #N/A | J15: #N/A | K15: #N/A
A16: GEC-L3M | B16: Y | C16: 5 | D16: #N/A | F16: X000MJKVID | G16: #N/A | H16: #N/A | I16: #N/A | J16: #N/A | K16: #N/A
... A75: AV-MF-01C3 | B75: NL | C75: 125 | D75: #N/A | F75: X000KKFESV | G75: #N/A | H75: #N/A | I75: #N/A | J75: #N/A | K75: #N/A
A76: RT-T1-L | B76: Y | C76: 67 | D76: 0 | F76: X000VZKQBZ | G76: B07CVLRLMR | H76: RSFFC9VEEZHEKD7V | I76: LSTRSFFC9VEEZHEKD7VZWQ9LX | J76: FVSGCB33WL25121 | K76: #N/A
A77: KH-ND-6W | B77: y | C77: 53 | D77: 0 | F77: X000UIS74V | G77: #N/A | H77: KHRF46EGUZ2SN4RJ | I77: LSTKHRF46EGUZ2SN4RJANCNFF | J77: #N/A | K77: #N/A
A78: WVB-SKH-09-6H | B78: Y | C78: 93 | D78: #N/A | F78: X0014454CX | G78: #N/A | H78: #N/A | I78: #N/A | J78: #N/A | K78: #N/A
A79: WVB-EV-RH | B79: Y | C79: 95 | D79: #N/A | F79: X00143VA1D | G79: #N/A | H79: #N/A | I79: #N/A | J79: #N/A | K79: #N/A
A80: WVB-KZ-RH | B80: Y | C80: 87 | D80: #N/A | F80: X00143U2UX | G80: #N/A | H80: #N/A | I80: #N/A | J80: #N/A | K80: #N/A
A81: WVB-MA-RH | B81: NL | C81: 243 | D81: #N/A | F81: X00133D5SZ | G81: #N/A | H81: #N/A | I81: #N/A | J81: #N/A | K81: #N/A
A82: WVB-SG-RH | B82: y | C82: 130 | D82: #N/A | F82: X0012ZPYLF | G82: #N/A | H82: #N/A | I82: #N/A | J82: #N/A | K82: #N/A
A83: WVB-SI-RH | B83: Y | C83: 63 | D83: #N/A | F83: X00135QON1 | G83: #N/A | H83: #N/A | I83: #N/A | J83: #N/A | K83: #N/A
A84: WVB-SL-RH | B84: Y | C84: 44 | D84: #N/A | F84: X0012ZPYZV | G84: #N/A | H84: #N/A | I84: #N/A | J84: #N/A | K84: #N/A
A85: WVB-SR-RH | B85: NL | C85: 128 | D85: #N/A | F85: X00132THF1 | G85: #N/A | H85: #N/A | I85: #N/A | J85: #N/A | K85: #N/A
A86: WVB-SU-RH | B86: Y | C86: 71 | D86: #N/A | F86: X00146P8EP | G86: #N/A | H86: #N/A | I86: #N/A | J86: #N/A | K86: #N/A
A87: WVB-SG-TRA 18 | B87: Y | C87: 137 | D87: #N/A | F87: X00134H4YF | G87: #N/A | H87: #N/A | I87: #N/A | J87: #N/A | K87: #N/A
A88: WVB-SG-TRA-18 | B88: NL | C88: 243 | D88: #N/A | F88: X00144AEKF | G88: #N/A | H88: #N/A | I88: #N/A | J88: #N/A | K88: #N/A
A89: WVB-SR-TRA-18 | B89: Y | C89: 167 | D89: #N/A | F89: X0012ZPZ19 | G89: #N/A | H89: #N/A | I89: #N/A | J89: #N/A | K89: #N/A
... A235: MH-A5S-W | B235: Y | C235: 243 | D235: #N/A | F235: X000KJ2N9F | G235: #N/A | H235: #N/A | I235: #N/A | J235: #N/A | K235: #N/A
A236: PC-AY-LW | B236: Y | C236: 234 | D236: #N/A | F236: X000UEW0PR | G236: B077XDNC3W | H236: #N/A | I236: #N/A | J236: #N/A | K236: #N/A
A237: KH-ND-12W | B237: NL | C237: 239 | D237: #N/A | F237: X000UBV1NH | G237: #N/A | H237: #N/A | I237: #N/A | J237: #N/A | K237: #N/A
A238: PC-SM-LW | B238: y | C238: 230 | D238: #N/A | F238: X000UV31J9 | G238: #N/A | H238: #N/A | I238: #N/A | J238: #N/A | K238: #N/A
A239: MH-WSB-2 | B239: DI | C239: 233 | D239: #N/A | F239: X000KI79V3 | G239: #N/A | H239: #N/A | I239: #N/A | J239: #N/A | K239: #N/A
A240: MH-EB-4 | B240: Y | C240: 221 | D240: #N/A | F240: X000KKFENV | G240: #N/A | H240: #N/A | I240: #N/A | J240: #N/A | K240: #N/A
A241: MH-EW-4 | B241: Y | C241: 204 | D241: #N/A | F241: X000KM4485 | G241: #N/A | H241: #N/A | I241: #N/A | J241: #N/A | K241: #N/A
A242: MH-EA-4 | B242: Y | C242: 235 | D242: #N/A | F242: X000KM2AXL | G242: B00T7O0MGW | H242: #N/A | I242: #N/A | J242: #N/A | K242: #N/A
A243: MH-ER-4 | B243: NL | C243: 223 | D243: #N/A | F243: X000KM4363 | G243: #N/A | H243: #N/A | I243: #N/A | J243: #N/A | K243: #N/A
A244: MH-A2-R | B244: Y | C244: 241 | D244: #N/A | F244: X000KIR4GN | G244: #N/A | H244: #N/A | I244: #N/A | J244: #N/A | K244: #N/A
A245: MH-A2-W | B245: Y | C245: 242 | D245: #N/A | F245: X000KIR6L1 | G245: #N/A | H245: #N/A | I245: #N/A | J245: #N/A | K245: #N/A
A246: MH-A2-B | B246: Y | C246: 232 | D246: #N/A | F246: X000KHEJIP | G246: #N/A | H246: #N/A | I246: #N/A | J246: #N/A | K246: #N/A
A247: MH-A7S-R | B247: Y | C247: 226 | D247: #N/A | F247: X000KKFF53 | G247: #N/A | H247: #N/A | I247: #N/A | J247: #N/A | K247: #N/A
A248: MH-A7L-B | B248: DI | C248: 243 | D248: #N/A | F248: X000KI77UV | G248: #N/A | H248: #N/A | I248: #N/A | J248: #N/A | K248: #N/A
A249: MH-A7L-R | B249: Y | C249: 236 | D249: #N/A | F249: X000KJ2MTB | G249: #N/A | H249: #N/A | I249: #N/A | J249: #N/A | K249: #N/A
A250: MH-A7L-W | B250: DI | C250: 243 | D250: #N/A | F250: X000KKFERH | G250: #N/A | H250: #N/A | I250: #N/A | J250: #N/A | K250: #N/A
A251: MH-A7S-B | B251: Y | C251: 110 | D251: #N/A | F251: X000KM2AWH | G251: #N/A | H251: #N/A | I251: #N/A | J251: #N/A | K251: #N/A
A252: MH-A6S-B | B252: y | C252: 112 | D252: #N/A | F252: X000KM436D | G252: #N/A | H252: #N/A | I252: #N/A | J252: #N/A | K252: #N/A
A253: AV-IP-01B | B253: DI | C253: 161 | D253: #N/A | F253: X000KIW5XF | G253: #N/A | H253: #N/A | I253: #N/A | J253: #N/A | K253: #N/A
A254: AV-IP-01-B | B254: Y | C254: 162 | D254: #N/A | F254: X000UHEXL3 | G254: #N/A | H254: #N/A | I254: #N/A | J254: #N/A | K254: #N/A
... A278: LT-MR-B | B278: NL | C278: 243 | D278: #N/A | F278: X000KM449T | G278: #N/A | H278: #N/A | I278: #N/A | J278: #N/A | K278: #N/A
A279: TU-NVH-MW | B279: NF | C279: #N/A | D279: #N/A | F279: X0018PR6XN | G279: B08CXPTT6H | H279: TVUFUDQ8TFZCRT2Z | I279: LSTTVUFUDQ8TFZCRT2Z13L3YP | J279: FVSGAV33WN20538 | K279: FN1987994-S-PM39235
A280: TU-NVH-W | B280: NF | C280: #N/A | D280: #N/A | F280: X000VE2MP9 | G280: B07D7X3TVW | H280: #N/A | I280: #N/A | J280: FVSGAV33WN20539 | K280: FN1991922-S-PM39235
A281: CMB-AROSN-W | B281: NF | C281: #N/A | D281: #N/A | F281: X0014GMOGF | G281: #N/A | H281: #N/A | I281: #N/A | J281: #N/A | K281: #N/A
A282: RG-SN-TH-IV | B282: NL | C282: 243 | D282: #N/A | F282: X000ZAY1BR | G282: #N/A | H282: #N/A | I282: #N/A | J282: #N/A | K282: #N/A
A283: S-TW10-16S2 | B283: NL | C283: 243 | D283: #N/A | F283: X000KJ2N8V | G283: #N/A | H283: #N/A | I283: #N/A | J283: #N/A | K283: #N/A
A284: S-TW12-20S2 | B284: NF | C284: #N/A | D284: #N/A | F284: X000KI77V5 | G284: #N/A | H284: #N/A | I284: #N/A | J284: #N/A | K284: #N/A
A285: S-TW15-S3 | B285: NF | C285: #N/A | D285: #N/A | F285: X000KI65VN | G285: #N/A | H285: #N/A | I285: #N/A | J285: #N/A | K285: #N/A
A286: S-TW15-16S2 | B286: NL | C286: 243 | D286: #N/A | F286: X000KJ2LZL | G286: #N/A | H286: #N/A | I286: #N/A | J286: #N/A | K286: #N/A
A287: S-TP15-12S2 | B287: NL | C287: 243 | D287: #N/A | F287: X000KKFESB | G287: #N/A | H287: #N/A | I287: #N/A | J287: #N/A | K287: #N/A
A288: S-BR-4W-R1 | B288: NL | C288: 243 | D288: #N/A | F288: X0019RWF8B | G288: #N/A | H288: #N/A | I288: #N/A | J288: #N/A | K288: #N/A
A289: WV-MT-30 | B289: NF | C289: #N/A | D289: #N/A | F289: X000T7KQF1 | G289: #N/A | H289: #N/A | I289: #N/A | J289: #N/A | K289: #N/A
A290: PC-AY-SW | B290: DI | C290: 222 | D290: #N/A | F290: X000UEW151 | G290: #N/A | H290: #N/A | I290: #N/A | J290: #N/A | K290: #N/A
A291: RG-PC-4 | B291: DI | C291: 243 | D291: #N/A | F291: X000T75U0H | G291: #N/A | H291: #N/A | I291: #N/A | J291: #N/A | K291: #N/A
A292: RG-PC-6 | B292: DI | C292: 243 | D292: #N/A | F292: X000T75U0R | G292: #N/A | H292: #N/A | I292: #N/A | J292: #N/A | K292: #N/A
A293: PC-AY-LW-R1 | B293: NF | C293: #N/A | D293: #N/A | F293: X001K2GRXJ | G293: #N/A | H293: #N/A | I293: #N/A | J293: #N/A | K293: #N/A
A294: S-TP10-16S2 | B294: NF | C294: #N/A | D294: #N/A | F294: X000KI76QB | G294: #N/A | H294: #N/A | I294: #N/A | J294: #N/A | K294: #N/A
A295: S-TP12-12S2 | B295: NF | C295: #N/A | D295: #N/A | F295: X000KM44AD | G295: #N/A | H295: #N/A | I295: #N/A | J295: #N/A | K295: #N/A
A296: S-TP12-20S2 | B296: NF | C296: #N/A | D296: #N/A | F296: X000KM2AX1 | G296: #N/A | H296: #N/A | I296: #N/A | J296: #N/A | K296: #N/A
A297: S-TP12-8S3 | B297: NF | C297: #N/A | D297: #N/A | F297: X000KIW23N | G297: #N/A | H297: #N/A | I297: #N/A | J297: #N/A | K297: #N/A
A298: S-TP15-16S2 | B298: NF | C298: #N/A | D298: #N/A | F298: X000KJ2N8L | G298: #N/A | H298: #N/A | I298: #N/A | J298: #N/A | K298: #N/A
A299: S-TW10-12S2 | B299: NF | C299: #N/A | D299: #N/A | F299: X000KIR6LB | G299: #N/A | H299: #N/A | I299: #N/A | J299: #N/A | K299: #N/A
A300: S-TW10-S4 | B300: NF | C300: #N/A | D300: #N/A | F300: X000KKFEOP | G300: #N/A | H300: #N/A | I300: #N/A | J300: #N/A | K300: #N/A
A301: S-TW12-S4-R1 | B301: NF | C301: #N/A | D301: #N/A | F301: X000UF90CH | G301: #N/A | H301: #N/A | I301: #N/A | J301: #N/A | K301: #N/A
A302: S-TP15-S3 | B302: NF | C302: #N/A | D302: #N/A | F302: X000KKFESL | G302: #N/A | H302: #N/A | I302: #N/A | J302: #N/A | K302: #N/A
A303: S-TW10-8S3 | B303: NF | C303: #N/A | D303: #N/A | F303: X000KKFEOZ | G303: #N/A | H303: #N/A | I303: #N/A | J303: #N/A | K303: #N/A
A304: S-TW15-20S2 | B304: NF | C304: #N/A | D304: #N/A | F304: X000KI695Z | G304: #N/A | H304: #N/A | I304: #N/A | J304: #N/A | K304: #N/A
... A313: SL-VE-W24 | B313: NF | C313: #N/A | D313: #N/A | F313: X000PRZ6RX | G313: #N/A | H313: #N/A | I313: #N/A | J313: #N/A | K313: #N/A
A314: CS-VW-SR4 | B314: NF | C314: #N/A | D314: CS-VW-4 | F314: X000KHEJHV | G314: #N/A | H314: #N/A | I314: #N/A | J314: #N/A | K314: #N/A
A315: CS-VW-SR6 | B315: NF | C315: #N/A | D315: CS-VW-6 | F315: X000KM4499 | G315: #N/A | H315: #N/A | I315: #N/A | J315: #N/A | K315: #N/A
A316: KH-VD-GS | B316: NF | C316: #N/A | D316: #N/A | F316: X000PRZ6Z5 | G316: #N/A | H316: #N/A | I316: #N/A | J316: #N/A | K316: #N/A
A317: RG-KH-SW-WS | B317: NF | C317: #N/A | D317: #N/A | F317: X000MRNKF1 | G317: #N/A | H317: #N/A | I317: #N/A | J317: #N/A | K317: #N/A
A318: S-TCW-8P4 | B318: NF | C318: #N/A | D318: S-TCW-8P4 | F318: X000WXVM8H | G318: #N/A | H318: RSFFC8HW6EWJDWTC | I318: LSTRSFFC8HW6EWJDWTCKLMPHO | J318: #N/A | K318: #N/A
A319: S-TCW-S3 | B319: NF | C319: #N/A | D319: S-TCW-S3 | F319: X000KHEJHL | G319: #N/A | H319: #N/A | I319: #N/A | J319: #N/A | K319: #N/A
A320: S-SBP-S3 | B320: NF | C320: #N/A | D320: #N/A | F320: X000KM44AN | G320: #N/A | H320: #N/A | I320: #N/A | J320: #N/A | K320: #N/A
A321: SB-SML-W | B321: NF | C321: #N/A | D321: #N/A | F321: X000ZS2TAJ | G321: #N/A | H321: #N/A | I321: #N/A | J321: #N/A | K321: #N/A
A322: PC-SM-LL | B322: NF | C322: #N/A | D322: #N/A | F322: X000V77UD5 | G322: #N/A | H322: #N/A | I322: #N/A | J322: #N/A | K322: #N/A
A323: PC-SM-SL | B323: NF | C323: #N/A | D323: #N/A | F323: X000V77GJN | G323: #N/A | H323: #N/A | I323: #N/A | J323: #N/A | K323: #N/A
A324: RH-SU-R4 | B324: NF | C324: #N/A | D324: #N/A | F324: X000KHEJFN | G324: #N/A | H324: #N/A | I324: #N/A | J324: #N/A | K324: #N/A
A325: RH-SU-W2-P2 | B325: NF | C325: #N/A | D325: RH-SU-2-2 | F325: X000KIR6M5 | G325: B019H7IT4U | H325: #N/A | I325: #N/A | J325: #N/A | K325: #N/A
A326: RH-SU-W4 | B326: NF | C326: #N/A | D326: RH-SU-4 | F326: X000KM448F | G326: #N/A | H326: #N/A | I326: #N/A | J326: #N/A | K326: #N/A
A327: RH-SU-P2 | B327: NF | C327: #N/A | D327: #N/A | F327: X000KM2AVD | G327: #N/A | H327: #N/A | I327: #N/A | J327: #N/A | K327: #N/A
A328: SL-TY-L3 | B328: NF | C328: #N/A | D328: #N/A | F328: X000PSRWXN | G328: #N/A | H328: #N/A | I328: #N/A | J328: #N/A | K328: #N/A
A329: SL-TY-W3 | B329: NF | C329: #N/A | D329: #N/A | F329: X000PSRCAB | G329: #N/A | H329: #N/A | I329: #N/A | J329: #N/A | K329: #N/A
A330: SL-TY-BB | B330: NF | C330: #N/A | D330: #N/A | F330: X000PSRWVP | G330: #N/A | H330: #N/A | I330: #N/A | J330: #N/A | K330: #N/A
A331: RD-AW-TL | B331: NF | C331: #N/A | D331: #N/A | F331: X000KM2B21 | G331: #N/A | H331: #N/A | I331: #N/A | J331: #N/A | K331: #N/A
A332: RD-AW-GL | B332: NF | C332: #N/A | D332: #N/A | F332: X000KIR58P | G332: #N/A | H332: #N/A | I332: #N/A | J332: #N/A | K332: #N/A
A333: RD-AW-ST | B333: NF | C333: #N/A | D333: #N/A | F333: X000KKFEPT | G333: #N/A | H333: #N/A | I333: #N/A | J333: #N/A | K333: #N/A
A334: RD-AW-NR | B334: NF | C334: #N/A | D334: #N/A | F334: X000KKFENL | G334: #N/A | H334: #N/A | I334: #N/A | J334: #N/A | K334: #N/A
...
