Workbook

Sheet Billing Dimensions
A1: MANUAL ENTRIES HERE | C1: Box 1 Dimension Details | G1: Box 2 Dimension Details | K1: Box 3 Dimension Details | O1: Volume | P1: Vol.Wht | Q1: Total Weight | S1: Chg.Wht | U1: Check (+ve = Bill wt is less (gain))
C2: Long | D2: Med | E2: Smal | F2: Actual.Wht | G2: Long | H2: Med | I2: Smal | J2: Actual.Wht | K2: Long | L2: Med | M2: Smal | N2: Actual.Wht | O2: CBF | P2: 6 | Q2: Phys.Wht | R2: Wht(Kgs)
A3: MTP SKU Code | B3: SB/MB | C3: Lcm | D3: Bcm | E3: Hcm | F3: PW(gm) | G3: Lcm2 | H3: Bcm3 | I3: Hcm4 | J3: PW(gm)5 | K3: Lcm6 | L3: Bcm7 | M3: Hcm8 | N3: PW(gm)9 | O3: Column15 | P3: Kgs | Q3: Gms | R3: Kgs10 | S3: Column11 | T3: MTP.Chk | U3: B1.Aud | V3: B1.Diff | W3: B1.Diff% | X3: B2.Aud | Y3: B2.Diff | Z3: B2.Diff2% | AA3: B3.Aud | AB3: B3.Diff | AC3: B3.Diff% | AD3: BaLL.Aud | AE3: BAll.Diff%
A4: SB-SRA | B4: SB | C4: =_xlfn.XLOOKUP(Table1[[#This Row],[MTP SKU Code]],'Audit Dimensions'!A:A,'Audit Dimensions'!C:C,0) -> 0 | D4: =_xlfn.XLOOKUP(Table1[[#This Row],[MTP SKU Code]],'Audit Dimensions'!$A:$A,'Audit Dimensions'!D:D,0) -> 0 | E4: =_xlfn.XLOOKUP(Table1[[#This Row],[MTP SKU Code]],'Audit Dimensions'!$A:$A,'Audit Dimensions'!E:E,0) -> 0 | F4: =_xlfn.XLOOKUP(Table1[[#This Row],[MTP SKU Code]],'Audit Dimensions'!$A:$A,'Audit Dimensions'!F:F,0) -> 4800 | G4: =_xlfn.XLOOKUP(Table1[[#This Row],[MTP SKU Code]],'Audit Dimensions'!$A:$A,'Audit Dimensions'!G:G,0) -> 0 | H4: =_xlfn.XLOOKUP(Table1[[#This Row],[MTP SKU Code]],'Audit Dimensions'!$A:$A,'Audit Dimensions'!H:H,0) -> 0 | I4: =_xlfn.XLOOKUP(Table1[[#This Row],[MTP SKU Code]],'Audit Dimensions'!$A:$A,'Audit Dimensions'!I:I,0) -> 0 | J4: =_xlfn.XLOOKUP(Table1[[#This Row],[MTP SKU Code]],'Audit Dimensions'!$A:$A,'Audit Dimensions'!J:J,0) -> 0 | K4: =_xlfn.XLOOKUP(Table1[[#This Row],[MTP SKU Code]],'Audit Dimensions'!$A:$A,'Audit Dimensions'!K:K,0) -> 0 | L4: =_xlfn.XLOOKUP(Table1[[#This Row],[MTP SKU Code]],'Audit Dimensions'!$A:$A,'Audit Dimensions'!L:L,0) -> 0 | M4: =_xlfn.XLOOKUP(Table1[[#This Row],[MTP SKU Code]],'Audit Dimensions'!$A:$A,'Audit Dimensions'!M:M,0) -> 0 | N4: =_xlfn.XLOOKUP(Table1[[#This Row],[MTP SKU Code]],'Audit Dimensions'!$A:$A,'Audit Dimensions'!N:N,0) -> 0 | O4: =((IFERROR((C4*D4*E4),0)+IFERROR((G4*H4*I4),0)+IFERROR((K4*L4*M4),0))/1000000)*35.32 -> 0 | P4: =Table1[[#This Row],[Column15]]*$P$2*1000 -> 0 | Q4: =F4+J4+N4 -> 4800 | R4: =MAX(Q4,O4) -> 4800 | S4: =MAX(R4,P4) -> 4800 | T4: =VLOOKUP(A4,'[1]MTP SKUs - Master Data'!$A:$B,2,FALSE) -> Y | U4: =_xlfn.IFNA(VLOOKUP(Table1[[#This Row],[MTP SKU Code]],'Audit Dimensions'!A:N,6,FALSE),"ARC") -> 4800 | V4: =IFERROR(Table1[[#This Row],[B1.Aud]]-Table1[[#This Row],[PW(gm)]],"ERR") -> 0 | W4: =IFERROR(Table1[[#This Row],[B1.Diff]]/Table1[[#This Row],[B1.Aud]],"ERR") -> 0 | X4: =_xlfn.IFNA(VLOOKUP(Table1[[#This Row],[MTP SKU Code]],'Audit Dimensions'!A:N,10,FALSE),"ARC") -> 0 | Y4: =IFERROR(Table1[[#This Row],[B2.Aud]]-Table1[[#This Row],[PW(gm)5]],"ERR") -> 0 | Z4: =IFERROR(Table1[[#This Row],[B2.Diff]]/Table1[[#This Row],[B2.Aud]],"NA") -> NA | AA4: =_xlfn.IFNA(VLOOKUP(Table1[[#This Row],[MTP SKU Code]],'Audit Dimensions'!A:N,14,FALSE),"ARC") -> 0 | AB4: =IFERROR(Table1[[#This Row],[B3.Aud]]-Table1[[#This Row],[PW(gm)9]],"ERR") -> 0 | AC4: =IFERROR(Table1[[#This Row],[B3.Diff]]/Table1[[#This Row],[BaLL.Aud]],"ERR") -> 0 | AD4: =_xlfn.IFNA(VLOOKUP(Table1[[#This Row],[MTP SKU Code]],'Audit Dimensions'!A:U,16,FALSE),"ARC") -> 4800 | AE4: =IFERROR(1-Table1[[#This Row],[Gms]]/Table1[[#This Row],[BaLL.Aud]],"ERR") -> 0
A5: WA-PYS-N | B5: SB | C5: =_xlfn.XLOOKUP(Table1[[#This Row],[MTP SKU Code]],'Audit Dimensions'!A:A,'Audit Dimensions'!C:C,0) -> 70 | D5: =_xlfn.XLOOKUP(Table1[[#This Row],[MTP SKU Code]],'Audit Dimensions'!$A:$A,'Audit Dimensions'!D:D,0) -> 23 | E5: 5 | F5: 1890 | G5: =_xlfn.XLOOKUP(Table1[[#This Row],[MTP SKU Code]],'Audit Dimensions'!$A:$A,'Audit Dimensions'!G:G,0) -> 0 | H5: =_xlfn.XLOOKUP(Table1[[#This Row],[MTP SKU Code]],'Audit Dimensions'!$A:$A,'Audit Dimensions'!H:H,0) -> 0 | I5: =_xlfn.XLOOKUP(Table1[[#This Row],[MTP SKU Code]],'Audit Dimensions'!$A:$A,'Audit Dimensions'!I:I,0) -> 0 | J5: =_xlfn.XLOOKUP(Table1[[#This Row],[MTP SKU Code]],'Audit Dimensions'!$A:$A,'Audit Dimensions'!J:J,0) -> 0 | K5: =_xlfn.XLOOKUP(Table1[[#This Row],[MTP SKU Code]],'Audit Dimensions'!$A:$A,'Audit Dimensions'!K:K,0) -> 0 | L5: =_xlfn.XLOOKUP(Table1[[#This Row],[MTP SKU Code]],'Audit Dimensions'!$A:$A,'Audit Dimensions'!L:L,0) -> 0 | M5: =_xlfn.XLOOKUP(Table1[[#This Row],[MTP SKU Code]],'Audit Dimensions'!$A:$A,'Audit Dimensions'!M:M,0) -> 0 | N5: =_xlfn.XLOOKUP(Table1[[#This Row],[MTP SKU Code]],'Audit Dimensions'!$A:$A,'Audit Dimensions'!N:N,0) -> 0 | O5: =((IFERROR((C5*D5*E5),0)+IFERROR((G5*H5*I5),0)+IFERROR((K5*L5*M5),0))/1000000)*35.32 -> 0.284326 | P5: =Table1[[#This Row],[Column15]]*$P$2*1000 -> 1705.956 | Q5: =F5+J5+N5 -> 1890 | R5: =MAX(Q5,O5) -> 1890 | S5: =MAX(R5,P5) -> 1890 | T5: =VLOOKUP(A5,'[1]MTP SKUs - Master Data'!$A:$B,2,FALSE) -> Y | U5: =_xlfn.IFNA(VLOOKUP(Table1[[#This Row],[MTP SKU Code]],'Audit Dimensions'!A:N,6,FALSE),"ARC") -> 1940 | V5: =IFERROR(Table1[[#This Row],[B1.Aud]]-Table1[[#This Row],[PW(gm)]],"ERR") -> 50 | W5: =IFERROR(Table1[[#This Row],[B1.Diff]]/Table1[[#This Row],[B1.Aud]],"ERR") -> 0.025773196 | X5: =_xlfn.IFNA(VLOOKUP(Table1[[#This Row],[MTP SKU Code]],'Audit Dimensions'!A:N,10,FALSE),"ARC") -> 0 | Y5: =IFERROR(Table1[[#This Row],[B2.Aud]]-Table1[[#This Row],[PW(gm)5]],"ERR") -> 0 | Z5: =IFERROR(Table1[[#This Row],[B2.Diff]]/Table1[[#This Row],[B2.Aud]],"NA") -> NA | AA5: =_xlfn.IFNA(VLOOKUP(Table1[[#This Row],[MTP SKU Code]],'Audit Dimensions'!A:N,14,FALSE),"ARC") -> 0 | AB5: =IFERROR(Table1[[#This Row],[B3.Aud]]-Table1[[#This Row],[PW(gm)9]],"ERR") -> 0 | AC5: =IFERROR(Table1[[#This Row],[B3.Diff]]/Table1[[#This Row],[BaLL.Aud]],"ERR") -> 0 | AD5: =_xlfn.IFNA(VLOOKUP(Table1[[#This Row],[MTP SKU Code]],'Audit Dimensions'!A:U,16,FALSE),"ARC") -> 1940 | AE5: =IFERROR(1-Table1[[#This Row],[Gms]]/Table1[[#This Row],[BaLL.Aud]],"ERR") -> 0.025773196
A6: SB-SDA | B6: SB | C6: =_xlfn.XLOOKUP(Table1[[#This Row],[MTP SKU Code]],'Audit Dimensions'!A:A,'Audit Dimensions'!C:C,0) -> 0 | D6: =_xlfn.XLOOKUP(Table1[[#This Row],[MTP SKU Code]],'Audit Dimensions'!$A:$A,'Audit Dimensions'!D:D,0) -> 0 | E6: =_xlfn.XLOOKUP(Table1[[#This Row],[MTP SKU Code]],'Audit Dimensions'!$A:$A,'Audit Dimensions'!E:E,0) -> 0 | F6: =_xlfn.XLOOKUP(Table1[[#This Row],[MTP SKU Code]],'Audit Dimensions'!$A:$A,'Audit Dimensions'!F:F,0) -> 8900 | G6: =_xlfn.XLOOKUP(Table1[[#This Row],[MTP SKU Code]],'Audit Dimensions'!$A:$A,'Audit Dimensions'!G:G,0) -> 0 | H6: =_xlfn.XLOOKUP(Table1[[#This Row],[MTP SKU Code]],'Audit Dimensions'!$A:$A,'Audit Dimensions'!H:H,0) -> 0 | I6: =_xlfn.XLOOKUP(Table1[[#This Row],[MTP SKU Code]],'Audit Dimensions'!$A:$A,'Audit Dimensions'!I:I,0) -> 0 | J6: =_xlfn.XLOOKUP(Table1[[#This Row],[MTP SKU Code]],'Audit Dimensions'!$A:$A,'Audit Dimensions'!J:J,0) -> 0 | K6: =_xlfn.XLOOKUP(Table1[[#This Row],[MTP SKU Code]],'Audit Dimensions'!$A:$A,'Audit Dimensions'!K:K,0) -> 0 | L6: =_xlfn.XLOOKUP(Table1[[#This Row],[MTP SKU Code]],'Audit Dimensions'!$A:$A,'Audit Dimensions'!L:L,0) -> 0 | M6: =_xlfn.XLOOKUP(Table1[[#This Row],[MTP SKU Code]],'Audit Dimensions'!$A:$A,'Audit Dimensions'!M:M,0) -> 0 | N6: =_xlfn.XLOOKUP(Table1[[#This Row],[MTP SKU Code]],'Audit Dimensions'!$A:$A,'Audit Dimensions'!N:N,0) -> 0 | O6: =((IFERROR((C6*D6*E6),0)+IFERROR((G6*H6*I6),0)+IFERROR((K6*L6*M6),0))/1000000)*35.32 -> 0 | P6: =Table1[[#This Row],[Column15]]*$P$2*1000 -> 0 | Q6: =F6+J6+N6 -> 8900 | R6: =MAX(Q6,O6) -> 8900 | S6: =MAX(R6,P6) -> 8900 | T6: =VLOOKUP(A6,'[1]MTP SKUs - Master Data'!$A:$B,2,FALSE) -> Y | U6: =_xlfn.IFNA(VLOOKUP(Table1[[#This Row],[MTP SKU Code]],'Audit Dimensions'!A:N,6,FALSE),"ARC") -> 8900 | V6: =IFERROR(Table1[[#This Row],[B1.Aud]]-Table1[[#This Row],[PW(gm)]],"ERR") -> 0 | W6: =IFERROR(Table1[[#This Row],[B1.Diff]]/Table1[[#This Row],[B1.Aud]],"ERR") -> 0 | X6: =_xlfn.IFNA(VLOOKUP(Table1[[#This Row],[MTP SKU Code]],'Audit Dimensions'!A:N,10,FALSE),"ARC") -> 0 | Y6: =IFERROR(Table1[[#This Row],[B2.Aud]]-Table1[[#This Row],[PW(gm)5]],"ERR") -> 0 | Z6: =IFERROR(Table1[[#This Row],[B2.Diff]]/Table1[[#This Row],[B2.Aud]],"NA") -> NA | AA6: =_xlfn.IFNA(VLOOKUP(Table1[[#This Row],[MTP SKU Code]],'Audit Dimensions'!A:N,14,FALSE),"ARC") -> 0 | AB6: =IFERROR(Table1[[#This Row],[B3.Aud]]-Table1[[#This Row],[PW(gm)9]],"ERR") -> 0 | AC6: =IFERROR(Table1[[#This Row],[B3.Diff]]/Table1[[#This Row],[BaLL.Aud]],"ERR") -> 0 | AD6: =_xlfn.IFNA(VLOOKUP(Table1[[#This Row],[MTP SKU Code]],'Audit Dimensions'!A:U,16,FALSE),"ARC") -> 8900 | AE6: =IFERROR(1-Table1[[#This Row],[Gms]]/Table1[[#This Row],[BaLL.Aud]],"ERR") -> 0
A7: SB-OVO | B7: SB | C7: =_xlfn.XLOOKUP(Table1[[#This Row],[MTP SKU Code]],'Audit Dimensions'!A:A,'Audit Dimensions'!C:C,0) -> 0 | D7: =_xlfn.XLOOKUP(Table1[[#This Row],[MTP SKU Code]],'Audit Dimensions'!$A:$A,'Audit Dimensions'!D:D,0) -> 0 | E7: =_xlfn.XLOOKUP(Table1[[#This Row],[MTP SKU Code]],'Audit Dimensions'!$A:$A,'Audit Dimensions'!E:E,0) -> 0 | F7: 30500 | G7: =_xlfn.XLOOKUP(Table1[[#This Row],[MTP SKU Code]],'Audit Dimensions'!$A:$A,'Audit Dimensions'!G:G,0) -> 0 | H7: =_xlfn.XLOOKUP(Table1[[#This Row],[MTP SKU Code]],'Audit Dimensions'!$A:$A,'Audit Dimensions'!H:H,0) -> 0 | I7: =_xlfn.XLOOKUP(Table1[[#This Row],[MTP SKU Code]],'Audit Dimensions'!$A:$A,'Audit Dimensions'!I:I,0) -> 0 | J7: =_xlfn.XLOOKUP(Table1[[#This Row],[MTP SKU Code]],'Audit Dimensions'!$A:$A,'Audit Dimensions'!J:J,0) -> 0 | K7: =_xlfn.XLOOKUP(Table1[[#This Row],[MTP SKU Code]],'Audit Dimensions'!$A:$A,'Audit Dimensions'!K:K,0) -> 0 | L7: =_xlfn.XLOOKUP(Table1[[#This Row],[MTP SKU Code]],'Audit Dimensions'!$A:$A,'Audit Dimensions'!L:L,0) -> 0 | M7: =_xlfn.XLOOKUP(Table1[[#This Row],[MTP SKU Code]],'Audit Dimensions'!$A:$A,'Audit Dimensions'!M:M,0) -> 0 | N7: =_xlfn.XLOOKUP(Table1[[#This Row],[MTP SKU Code]],'Audit Dimensions'!$A:$A,'Audit Dimensions'!N:N,0) -> 0 | O7: =((IFERROR((C7*D7*E7),0)+IFERROR((G7*H7*I7),0)+IFERROR((K7*L7*M7),0))/1000000)*35.32 -> 0 | P7: =Table1[[#This Row],[Column15]]*$P$2*1000 -> 0 | Q7: =F7+J7+N7 -> 30500 | R7: =MAX(Q7,O7) -> 30500 | S7: =MAX(R7,P7) -> 30500 | T7: =VLOOKUP(A7,'[1]MTP SKUs - Master Data'!$A:$B,2,FALSE) -> Y | U7: =_xlfn.IFNA(VLOOKUP(Table1[[#This Row],[MTP SKU Code]],'Audit Dimensions'!A:N,6,FALSE),"ARC") -> 31800 | V7: =IFERROR(Table1[[#This Row],[B1.Aud]]-Table1[[#This Row],[PW(gm)]],"ERR") -> 1300 | W7: =IFERROR(Table1[[#This Row],[B1.Diff]]/Table1[[#This Row],[B1.Aud]],"ERR") -> 0.040880503 | X7: =_xlfn.IFNA(VLOOKUP(Table1[[#This Row],[MTP SKU Code]],'Audit Dimensions'!A:N,10,FALSE),"ARC") -> 0 | Y7: =IFERROR(Table1[[#This Row],[B2.Aud]]-Table1[[#This Row],[PW(gm)5]],"ERR") -> 0 | Z7: =IFERROR(Table1[[#This Row],[B2.Diff]]/Table1[[#This Row],[B2.Aud]],"NA") -> NA | AA7: =_xlfn.IFNA(VLOOKUP(Table1[[#This Row],[MTP SKU Code]],'Audit Dimensions'!A:N,14,FALSE),"ARC") -> 0 | AB7: =IFERROR(Table1[[#This Row],[B3.Aud]]-Table1[[#This Row],[PW(gm)9]],"ERR") -> 0 | AC7: =IFERROR(Table1[[#This Row],[B3.Diff]]/Table1[[#This Row],[BaLL.Aud]],"ERR") -> 0 | AD7: =_xlfn.IFNA(VLOOKUP(Table1[[#This Row],[MTP SKU Code]],'Audit Dimensions'!A:U,16,FALSE),"ARC") -> 31800 | AE7: =IFERROR(1-Table1[[#This Row],[Gms]]/Table1[[#This Row],[BaLL.Aud]],"ERR") -> 0.040880503
A8: KH-SUT-21 | B8: SB | C8: 32 | D8: 30 | E8: 4 | F8: =_xlfn.XLOOKUP(Table1[[#This Row],[MTP SKU Code]],'Audit Dimensions'!$A:$A,'Audit Dimensions'!F:F,0) -> 750 | G8: =_xlfn.XLOOKUP(Table1[[#This Row],[MTP SKU Code]],'Audit Dimensions'!$A:$A,'Audit Dimensions'!G:G,0) -> 0 | H8: =_xlfn.XLOOKUP(Table1[[#This Row],[MTP SKU Code]],'Audit Dimensions'!$A:$A,'Audit Dimensions'!H:H,0) -> 0 | I8: =_xlfn.XLOOKUP(Table1[[#This Row],[MTP SKU Code]],'Audit Dimensions'!$A:$A,'Audit Dimensions'!I:I,0) -> 0 | J8: =_xlfn.XLOOKUP(Table1[[#This Row],[MTP SKU Code]],'Audit Dimensions'!$A:$A,'Audit Dimensions'!J:J,0) -> 0 | K8: =_xlfn.XLOOKUP(Table1[[#This Row],[MTP SKU Code]],'Audit Dimensions'!$A:$A,'Audit Dimensions'!K:K,0) -> 0 | L8: =_xlfn.XLOOKUP(Table1[[#This Row],[MTP SKU Code]],'Audit Dimensions'!$A:$A,'Audit Dimensions'!L:L,0) -> 0 | M8: =_xlfn.XLOOKUP(Table1[[#This Row],[MTP SKU Code]],'Audit Dimensions'!$A:$A,'Audit Dimensions'!M:M,0) -> 0 | N8: =_xlfn.XLOOKUP(Table1[[#This Row],[MTP SKU Code]],'Audit Dimensions'!$A:$A,'Audit Dimensions'!N:N,0) -> 0 | O8: =((IFERROR((C8*D8*E8),0)+IFERROR((G8*H8*I8),0)+IFERROR((K8*L8*M8),0))/1000000)*35.32 -> 0.1356288 | P8: =Table1[[#This Row],[Column15]]*$P$2*1000 -> 813.7728 | Q8: =F8+J8+N8 -> 750 | R8: =MAX(Q8,O8) -> 750 | S8: =MAX(R8,P8) -> 813.7728 | T8: =VLOOKUP(A8,'[1]MTP SKUs - Master Data'!$A:$B,2,FALSE) -> Y | U8: =_xlfn.IFNA(VLOOKUP(Table1[[#This Row],[MTP SKU Code]],'Audit Dimensions'!A:N,6,FALSE),"ARC") -> 750 | V8: =IFERROR(Table1[[#This Row],[B1.Aud]]-Table1[[#This Row],[PW(gm)]],"ERR") -> 0 | W8: =IFERROR(Table1[[#This Row],[B1.Diff]]/Table1[[#This Row],[B1.Aud]],"ERR") -> 0 | X8: =_xlfn.IFNA(VLOOKUP(Table1[[#This Row],[MTP SKU Code]],'Audit Dimensions'!A:N,10,FALSE),"ARC") -> 0 | Y8: =IFERROR(Table1[[#This Row],[B2.Aud]]-Table1[[#This Row],[PW(gm)5]],"ERR") -> 0 | Z8: =IFERROR(Table1[[#This Row],[B2.Diff]]/Table1[[#This Row],[B2.Aud]],"NA") -> NA | AA8: =_xlfn.IFNA(VLOOKUP(Table1[[#This Row],[MTP SKU Code]],'Audit Dimensions'!A:N,14,FALSE),"ARC") -> 0 | AB8: =IFERROR(Table1[[#This Row],[B3.Aud]]-Table1[[#This Row],[PW(gm)9]],"ERR") -> 0 | AC8: =IFERROR(Table1[[#This Row],[B3.Diff]]/Table1[[#This Row],[BaLL.Aud]],"ERR") -> 0 | AD8: =_xlfn.IFNA(VLOOKUP(Table1[[#This Row],[MTP SKU Code]],'Audit Dimensions'!A:U,16,FALSE),"ARC") -> 750 | AE8: =IFERROR(1-Table1[[#This Row],[Gms]]/Table1[[#This Row],[BaLL.Aud]],"ERR") -> 0
A9: KH-SUT-5 | B9: SB | C9: 35 | D9: 10 | E9: 5 | F9: =_xlfn.XLOOKUP(Table1[[#This Row],[MTP SKU Code]],'Audit Dimensions'!$A:$A,'Audit Dimensions'!F:F,0) -> 202 | G9: =_xlfn.XLOOKUP(Table1[[#This Row],[MTP SKU Code]],'Audit Dimensions'!$A:$A,'Audit Dimensions'!G:G,0) -> 0 | H9: =_xlfn.XLOOKUP(Table1[[#This Row],[MTP SKU Code]],'Audit Dimensions'!$A:$A,'Audit Dimensions'!H:H,0) -> 0 | I9: =_xlfn.XLOOKUP(Table1[[#This Row],[MTP SKU Code]],'Audit Dimensions'!$A:$A,'Audit Dimensions'!I:I,0) -> 0 | J9: =_xlfn.XLOOKUP(Table1[[#This Row],[MTP SKU Code]],'Audit Dimensions'!$A:$A,'Audit Dimensions'!J:J,0) -> 0 | K9: =_xlfn.XLOOKUP(Table1[[#This Row],[MTP SKU Code]],'Audit Dimensions'!$A:$A,'Audit Dimensions'!K:K,0) -> 0 | L9: =_xlfn.XLOOKUP(Table1[[#This Row],[MTP SKU Code]],'Audit Dimensions'!$A:$A,'Audit Dimensions'!L:L,0) -> 0 | M9: =_xlfn.XLOOKUP(Table1[[#This Row],[MTP SKU Code]],'Audit Dimensions'!$A:$A,'Audit Dimensions'!M:M,0) -> 0 | N9: =_xlfn.XLOOKUP(Table1[[#This Row],[MTP SKU Code]],'Audit Dimensions'!$A:$A,'Audit Dimensions'!N:N,0) -> 0 | O9: =((IFERROR((C9*D9*E9),0)+IFERROR((G9*H9*I9),0)+IFERROR((K9*L9*M9),0))/1000000)*35.32 -> 0.06181 | P9: =Table1[[#This Row],[Column15]]*$P$2*1000 -> 370.86 | Q9: =F9+J9+N9 -> 202 | R9: =MAX(Q9,O9) -> 202 | S9: =MAX(R9,P9) -> 370.86 | T9: =VLOOKUP(A9,'[1]MTP SKUs - Master Data'!$A:$B,2,FALSE) -> Y | U9: =_xlfn.IFNA(VLOOKUP(Table1[[#This Row],[MTP SKU Code]],'Audit Dimensions'!A:N,6,FALSE),"ARC") -> 202 | V9: =IFERROR(Table1[[#This Row],[B1.Aud]]-Table1[[#This Row],[PW(gm)]],"ERR") -> 0 | W9: =IFERROR(Table1[[#This Row],[B1.Diff]]/Table1[[#This Row],[B1.Aud]],"ERR") -> 0 | X9: =_xlfn.IFNA(VLOOKUP(Table1[[#This Row],[MTP SKU Code]],'Audit Dimensions'!A:N,10,FALSE),"ARC") -> 0 | Y9: =IFERROR(Table1[[#This Row],[B2.Aud]]-Table1[[#This Row],[PW(gm)5]],"ERR") -> 0 | Z9: =IFERROR(Table1[[#This Row],[B2.Diff]]/Table1[[#This Row],[B2.Aud]],"NA") -> NA | AA9: =_xlfn.IFNA(VLOOKUP(Table1[[#This Row],[MTP SKU Code]],'Audit Dimensions'!A:N,14,FALSE),"ARC") -> 0 | AB9: =IFERROR(Table1[[#This Row],[B3.Aud]]-Table1[[#This Row],[PW(gm)9]],"ERR") -> 0 | AC9: =IFERROR(Table1[[#This Row],[B3.Diff]]/Table1[[#This Row],[BaLL.Aud]],"ERR") -> 0 | AD9: =_xlfn.IFNA(VLOOKUP(Table1[[#This Row],[MTP SKU Code]],'Audit Dimensions'!A:U,16,FALSE),"ARC") -> 202 | AE9: =IFERROR(1-Table1[[#This Row],[Gms]]/Table1[[#This Row],[BaLL.Aud]],"ERR") -> 0
A10: KH-WLR | B10: SB | C10: =_xlfn.XLOOKUP(Table1[[#This Row],[MTP SKU Code]],'Audit Dimensions'!A:A,'Audit Dimensions'!C:C,0) -> 35 | D10: =_xlfn.XLOOKUP(Table1[[#This Row],[MTP SKU Code]],'Audit Dimensions'!$A:$A,'Audit Dimensions'!D:D,0) -> 12 | E10: =_xlfn.XLOOKUP(Table1[[#This Row],[MTP SKU Code]],'Audit Dimensions'!$A:$A,'Audit Dimensions'!E:E,0) -> 4 | F10: =_xlfn.XLOOKUP(Table1[[#This Row],[MTP SKU Code]],'Audit Dimensions'!$A:$A,'Audit Dimensions'!F:F,0) -> 266 | G10: =_xlfn.XLOOKUP(Table1[[#This Row],[MTP SKU Code]],'Audit Dimensions'!$A:$A,'Audit Dimensions'!G:G,0) -> 0 | H10: =_xlfn.XLOOKUP(Table1[[#This Row],[MTP SKU Code]],'Audit Dimensions'!$A:$A,'Audit Dimensions'!H:H,0) -> 0 | I10: =_xlfn.XLOOKUP(Table1[[#This Row],[MTP SKU Code]],'Audit Dimensions'!$A:$A,'Audit Dimensions'!I:I,0) -> 0 | J10: =_xlfn.XLOOKUP(Table1[[#This Row],[MTP SKU Code]],'Audit Dimensions'!$A:$A,'Audit Dimensions'!J:J,0) -> 0 | K10: =_xlfn.XLOOKUP(Table1[[#This Row],[MTP SKU Code]],'Audit Dimensions'!$A:$A,'Audit Dimensions'!K:K,0) -> 0 | L10: =_xlfn.XLOOKUP(Table1[[#This Row],[MTP SKU Code]],'Audit Dimensions'!$A:$A,'Audit Dimensions'!L:L,0) -> 0 | M10: =_xlfn.XLOOKUP(Table1[[#This Row],[MTP SKU Code]],'Audit Dimensions'!$A:$A,'Audit Dimensions'!M:M,0) -> 0 | N10: =_xlfn.XLOOKUP(Table1[[#This Row],[MTP SKU Code]],'Audit Dimensions'!$A:$A,'Audit Dimensions'!N:N,0) -> 0 | O10: =((IFERROR((C10*D10*E10),0)+IFERROR((G10*H10*I10),0)+IFERROR((K10*L10*M10),0))/1000000)*35.32 -> 0.0593376 | P10: =Table1[[#This Row],[Column15]]*$P$2*1000 -> 356.0256 | Q10: =F10+J10+N10 -> 266 | R10: =MAX(Q10,O10) -> 266 | S10: =MAX(R10,P10) -> 356.0256 | T10: =VLOOKUP(A10,'[1]MTP SKUs - Master Data'!$A:$B,2,FALSE) -> RL | U10: =_xlfn.IFNA(VLOOKUP(Table1[[#This Row],[MTP SKU Code]],'Audit Dimensions'!A:N,6,FALSE),"ARC") -> 266 | V10: =IFERROR(Table1[[#This Row],[B1.Aud]]-Table1[[#This Row],[PW(gm)]],"ERR") -> 0 | W10: =IFERROR(Table1[[#This Row],[B1.Diff]]/Table1[[#This Row],[B1.Aud]],"ERR") -> 0 | X10: =_xlfn.IFNA(VLOOKUP(Table1[[#This Row],[MTP SKU Code]],'Audit Dimensions'!A:N,10,FALSE),"ARC") -> 0 | Y10: =IFERROR(Table1[[#This Row],[B2.Aud]]-Table1[[#This Row],[PW(gm)5]],"ERR") -> 0 | Z10: =IFERROR(Table1[[#This Row],[B2.Diff]]/Table1[[#This Row],[B2.Aud]],"NA") -> NA | AA10: =_xlfn.IFNA(VLOOKUP(Table1[[#This Row],[MTP SKU Code]],'Audit Dimensions'!A:N,14,FALSE),"ARC") -> 0 | AB10: =IFERROR(Table1[[#This Row],[B3.Aud]]-Table1[[#This Row],[PW(gm)9]],"ERR") -> 0 | AC10: =IFERROR(Table1[[#This Row],[B3.Diff]]/Table1[[#This Row],[BaLL.Aud]],"ERR") -> 0 | AD10: =_xlfn.IFNA(VLOOKUP(Table1[[#This Row],[MTP SKU Code]],'Audit Dimensions'!A:U,16,FALSE),"ARC") -> 266 | AE10: =IFERROR(1-Table1[[#This Row],[Gms]]/Table1[[#This Row],[BaLL.Aud]],"ERR") -> 0
A11: KH-RMT | B11: SB | C11: 24 | D11: 24 | E11: =_xlfn.XLOOKUP(Table1[[#This Row],[MTP SKU Code]],'Audit Dimensions'!$A:$A,'Audit Dimensions'!E:E,0) -> 3 | F11: =_xlfn.XLOOKUP(Table1[[#This Row],[MTP SKU Code]],'Audit Dimensions'!$A:$A,'Audit Dimensions'!F:F,0) -> 340 | G11: =_xlfn.XLOOKUP(Table1[[#This Row],[MTP SKU Code]],'Audit Dimensions'!$A:$A,'Audit Dimensions'!G:G,0) -> 0 | H11: =_xlfn.XLOOKUP(Table1[[#This Row],[MTP SKU Code]],'Audit Dimensions'!$A:$A,'Audit Dimensions'!H:H,0) -> 0 | I11: =_xlfn.XLOOKUP(Table1[[#This Row],[MTP SKU Code]],'Audit Dimensions'!$A:$A,'Audit Dimensions'!I:I,0) -> 0 | J11: =_xlfn.XLOOKUP(Table1[[#This Row],[MTP SKU Code]],'Audit Dimensions'!$A:$A,'Audit Dimensions'!J:J,0) -> 0 | K11: =_xlfn.XLOOKUP(Table1[[#This Row],[MTP SKU Code]],'Audit Dimensions'!$A:$A,'Audit Dimensions'!K:K,0) -> 0 | L11: =_xlfn.XLOOKUP(Table1[[#This Row],[MTP SKU Code]],'Audit Dimensions'!$A:$A,'Audit Dimensions'!L:L,0) -> 0 | M11: =_xlfn.XLOOKUP(Table1[[#This Row],[MTP SKU Code]],'Audit Dimensions'!$A:$A,'Audit Dimensions'!M:M,0) -> 0 | N11: =_xlfn.XLOOKUP(Table1[[#This Row],[MTP SKU Code]],'Audit Dimensions'!$A:$A,'Audit Dimensions'!N:N,0) -> 0 | O11: =((IFERROR((C11*D11*E11),0)+IFERROR((G11*H11*I11),0)+IFERROR((K11*L11*M11),0))/1000000)*35.32 -> 0.06103296 | P11: =Table1[[#This Row],[Column15]]*$P$2*1000 -> 366.19776 | Q11: =F11+J11+N11 -> 340 | R11: =MAX(Q11,O11) -> 340 | S11: =MAX(R11,P11) -> 366.19776 | T11: =VLOOKUP(A11,'[1]MTP SKUs - Master Data'!$A:$B,2,FALSE) -> Y | U11: =_xlfn.IFNA(VLOOKUP(Table1[[#This Row],[MTP SKU Code]],'Audit Dimensions'!A:N,6,FALSE),"ARC") -> 340 | V11: =IFERROR(Table1[[#This Row],[B1.Aud]]-Table1[[#This Row],[PW(gm)]],"ERR") -> 0 | W11: =IFERROR(Table1[[#This Row],[B1.Diff]]/Table1[[#This Row],[B1.Aud]],"ERR") -> 0 | X11: =_xlfn.IFNA(VLOOKUP(Table1[[#This Row],[MTP SKU Code]],'Audit Dimensions'!A:N,10,FALSE),"ARC") -> 0 | Y11: =IFERROR(Table1[[#This Row],[B2.Aud]]-Table1[[#This Row],[PW(gm)5]],"ERR") -> 0 | Z11: =IFERROR(Table1[[#This Row],[B2.Diff]]/Table1[[#This Row],[B2.Aud]],"NA") -> NA | AA11: =_xlfn.IFNA(VLOOKUP(Table1[[#This Row],[MTP SKU Code]],'Audit Dimensions'!A:N,14,FALSE),"ARC") -> 0 | AB11: =IFERROR(Table1[[#This Row],[B3.Aud]]-Table1[[#This Row],[PW(gm)9]],"ERR") -> 0 | AC11: =IFERROR(Table1[[#This Row],[B3.Diff]]/Table1[[#This Row],[BaLL.Aud]],"ERR") -> 0 | AD11: =_xlfn.IFNA(VLOOKUP(Table1[[#This Row],[MTP SKU Code]],'Audit Dimensions'!A:U,16,FALSE),"ARC") -> 340 | AE11: =IFERROR(1-Table1[[#This Row],[Gms]]/Table1[[#This Row],[BaLL.Aud]],"ERR") -> 0
A12: KH-SW-W10 | B12: SB | C12: =_xlfn.XLOOKUP(Table1[[#This Row],[MTP SKU Code]],'Audit Dimensions'!A:A,'Audit Dimensions'!C:C,0) -> 25 | D12: =_xlfn.XLOOKUP(Table1[[#This Row],[MTP SKU Code]],'Audit Dimensions'!$A:$A,'Audit Dimensions'!D:D,0) -> 25 | E12: =_xlfn.XLOOKUP(Table1[[#This Row],[MTP SKU Code]],'Audit Dimensions'!$A:$A,'Audit Dimensions'!E:E,0) -> 5 | F12: =_xlfn.XLOOKUP(Table1[[#This Row],[MTP SKU Code]],'Audit Dimensions'!$A:$A,'Audit Dimensions'!F:F,0) -> 660 | G12: =_xlfn.XLOOKUP(Table1[[#This Row],[MTP SKU Code]],'Audit Dimensions'!$A:$A,'Audit Dimensions'!G:G,0) -> 0 | H12: =_xlfn.XLOOKUP(Table1[[#This Row],[MTP SKU Code]],'Audit Dimensions'!$A:$A,'Audit Dimensions'!H:H,0) -> 0 | I12: =_xlfn.XLOOKUP(Table1[[#This Row],[MTP SKU Code]],'Audit Dimensions'!$A:$A,'Audit Dimensions'!I:I,0) -> 0 | J12: =_xlfn.XLOOKUP(Table1[[#This Row],[MTP SKU Code]],'Audit Dimensions'!$A:$A,'Audit Dimensions'!J:J,0) -> 0 | K12: =_xlfn.XLOOKUP(Table1[[#This Row],[MTP SKU Code]],'Audit Dimensions'!$A:$A,'Audit Dimensions'!K:K,0) -> 0 | L12: =_xlfn.XLOOKUP(Table1[[#This Row],[MTP SKU Code]],'Audit Dimensions'!$A:$A,'Audit Dimensions'!L:L,0) -> 0 | M12: =_xlfn.XLOOKUP(Table1[[#This Row],[MTP SKU Code]],'Audit Dimensions'!$A:$A,'Audit Dimensions'!M:M,0) -> 0 | N12: =_xlfn.XLOOKUP(Table1[[#This Row],[MTP SKU Code]],'Audit Dimensions'!$A:$A,'Audit Dimensions'!N:N,0) -> 0 | O12: =((IFERROR((C12*D12*E12),0)+IFERROR((G12*H12*I12),0)+IFERROR((K12*L12*M12),0))/1000000)*35.32 -> 0.110375 | P12: =Table1[[#This Row],[Column15]]*$P$2*1000 -> 662.25 | Q12: =F12+J12+N12 -> 660 | R12: =MAX(Q12,O12) -> 660 | S12: =MAX(R12,P12) -> 662.25 | T12: =VLOOKUP(A12,'[1]MTP SKUs - Master Data'!$A:$B,2,FALSE) -> Y | U12: =_xlfn.IFNA(VLOOKUP(Table1[[#This Row],[MTP SKU Code]],'Audit Dimensions'!A:N,6,FALSE),"ARC") -> 660 | V12: =IFERROR(Table1[[#This Row],[B1.Aud]]-Table1[[#This Row],[PW(gm)]],"ERR") -> 0 | W12: =IFERROR(Table1[[#This Row],[B1.Diff]]/Table1[[#This Row],[B1.Aud]],"ERR") -> 0 | X12: =_xlfn.IFNA(VLOOKUP(Table1[[#This Row],[MTP SKU Code]],'Audit Dimensions'!A:N,10,FALSE),"ARC") -> 0 | Y12: =IFERROR(Table1[[#This Row],[B2.Aud]]-Table1[[#This Row],[PW(gm)5]],"ERR") -> 0 | Z12: =IFERROR(Table1[[#This Row],[B2.Diff]]/Table1[[#This Row],[B2.Aud]],"NA") -> NA | AA12: =_xlfn.IFNA(VLOOKUP(Table1[[#This Row],[MTP SKU Code]],'Audit Dimensions'!A:N,14,FALSE),"ARC") -> 0 | AB12: =IFERROR(Table1[[#This Row],[B3.Aud]]-Table1[[#This Row],[PW(gm)9]],"ERR") -> 0 | AC12: =IFERROR(Table1[[#This Row],[B3.Diff]]/Table1[[#This Row],[BaLL.Aud]],"ERR") -> 0 | AD12: =_xlfn.IFNA(VLOOKUP(Table1[[#This Row],[MTP SKU Code]],'Audit Dimensions'!A:U,16,FALSE),"ARC") -> 660 | AE12: =IFERROR(1-Table1[[#This Row],[Gms]]/Table1[[#This Row],[BaLL.Aud]],"ERR") -> 0
A13: KHS-SW-W1 | B13: SB | C13: =_xlfn.XLOOKUP(Table1[[#This Row],[MTP SKU Code]],'Audit Dimensions'!A:A,'Audit Dimensions'!C:C,0) -> 27 | D13: =_xlfn.XLOOKUP(Table1[[#This Row],[MTP SKU Code]],'Audit Dimensions'!$A:$A,'Audit Dimensions'!D:D,0) -> 20 | E13: =_xlfn.XLOOKUP(Table1[[#This Row],[MTP SKU Code]],'Audit Dimensions'!$A:$A,'Audit Dimensions'!E:E,0) -> 6 | F13: =_xlfn.XLOOKUP(Table1[[#This Row],[MTP SKU Code]],'Audit Dimensions'!$A:$A,'Audit Dimensions'!F:F,0) -> 810 | G13: =_xlfn.XLOOKUP(Table1[[#This Row],[MTP SKU Code]],'Audit Dimensions'!$A:$A,'Audit Dimensions'!G:G,0) -> 0 | H13: =_xlfn.XLOOKUP(Table1[[#This Row],[MTP SKU Code]],'Audit Dimensions'!$A:$A,'Audit Dimensions'!H:H,0) -> 0 | I13: =_xlfn.XLOOKUP(Table1[[#This Row],[MTP SKU Code]],'Audit Dimensions'!$A:$A,'Audit Dimensions'!I:I,0) -> 0 | J13: =_xlfn.XLOOKUP(Table1[[#This Row],[MTP SKU Code]],'Audit Dimensions'!$A:$A,'Audit Dimensions'!J:J,0) -> 0 | K13: =_xlfn.XLOOKUP(Table1[[#This Row],[MTP SKU Code]],'Audit Dimensions'!$A:$A,'Audit Dimensions'!K:K,0) -> 0 | L13: =_xlfn.XLOOKUP(Table1[[#This Row],[MTP SKU Code]],'Audit Dimensions'!$A:$A,'Audit Dimensions'!L:L,0) -> 0 | M13: =_xlfn.XLOOKUP(Table1[[#This Row],[MTP SKU Code]],'Audit Dimensions'!$A:$A,'Audit Dimensions'!M:M,0) -> 0 | N13: =_xlfn.XLOOKUP(Table1[[#This Row],[MTP SKU Code]],'Audit Dimensions'!$A:$A,'Audit Dimensions'!N:N,0) -> 0 | O13: =((IFERROR((C13*D13*E13),0)+IFERROR((G13*H13*I13),0)+IFERROR((K13*L13*M13),0))/1000000)*35.32 -> 0.1144368 | P13: =Table1[[#This Row],[Column15]]*$P$2*1000 -> 686.6208 | Q13: =F13+J13+N13 -> 810 | R13: =MAX(Q13,O13) -> 810 | S13: =MAX(R13,P13) -> 810 | T13: =VLOOKUP(A13,'[1]MTP SKUs - Master Data'!$A:$B,2,FALSE) -> Y | U13: =_xlfn.IFNA(VLOOKUP(Table1[[#This Row],[MTP SKU Code]],'Audit Dimensions'!A:N,6,FALSE),"ARC") -> 810 | V13: =IFERROR(Table1[[#This Row],[B1.Aud]]-Table1[[#This Row],[PW(gm)]],"ERR") -> 0 | W13: =IFERROR(Table1[[#This Row],[B1.Diff]]/Table1[[#This Row],[B1.Aud]],"ERR") -> 0 | X13: =_xlfn.IFNA(VLOOKUP(Table1[[#This Row],[MTP SKU Code]],'Audit Dimensions'!A:N,10,FALSE),"ARC") -> 0 | Y13: =IFERROR(Table1[[#This Row],[B2.Aud]]-Table1[[#This Row],[PW(gm)5]],"ERR") -> 0 | Z13: =IFERROR(Table1[[#This Row],[B2.Diff]]/Table1[[#This Row],[B2.Aud]],"NA") -> NA | AA13: =_xlfn.IFNA(VLOOKUP(Table1[[#This Row],[MTP SKU Code]],'Audit Dimensions'!A:N,14,FALSE),"ARC") -> 0 | AB13: =IFERROR(Table1[[#This Row],[B3.Aud]]-Table1[[#This Row],[PW(gm)9]],"ERR") -> 0 | AC13: =IFERROR(Table1[[#This Row],[B3.Diff]]/Table1[[#This Row],[BaLL.Aud]],"ERR") -> 0 | AD13: =_xlfn.IFNA(VLOOKUP(Table1[[#This Row],[MTP SKU Code]],'Audit Dimensions'!A:U,16,FALSE),"ARC") -> 810 | AE13: =IFERROR(1-Table1[[#This Row],[Gms]]/Table1[[#This Row],[BaLL.Aud]],"ERR") -> 0
A14: CT-ATD-ST | B14: SB | C14: 112 | D14: 51 | E14: 5 | F14: 14800 | O14: =((IFERROR((C14*D14*E14),0)+IFERROR((G14*H14*I14),0)+IFERROR((K14*L14*M14),0))/1000000)*35.32 -> 1.0087392 | P14: =Table1[[#This Row],[Column15]]*$P$2*1000 -> 6052.4352 | Q14: =F14+J14+N14 -> 14800 | R14: =MAX(Q14,O14) -> 14800 | S14: =MAX(R14,P14) -> 14800 | T14: =VLOOKUP(A14,'[1]MTP SKUs - Master Data'!$A:$B,2,FALSE) -> DI | U14: =_xlfn.IFNA(VLOOKUP(Table1[[#This Row],[MTP SKU Code]],'Audit Dimensions'!A:N,6,FALSE),"ARC") -> 11250 | V14: =IFERROR(Table1[[#This Row],[B1.Aud]]-Table1[[#This Row],[PW(gm)]],"ERR") -> -3550 | W14: =IFERROR(Table1[[#This Row],[B1.Diff]]/Table1[[#This Row],[B1.Aud]],"ERR") -> -0.31555556 | X14: =_xlfn.IFNA(VLOOKUP(Table1[[#This Row],[MTP SKU Code]],'Audit Dimensions'!A:N,10,FALSE),"ARC") -> 0 | Y14: =IFERROR(Table1[[#This Row],[B2.Aud]]-Table1[[#This Row],[PW(gm)5]],"ERR") -> 0 | Z14: =IFERROR(Table1[[#This Row],[B2.Diff]]/Table1[[#This Row],[B2.Aud]],"NA") -> NA | AA14: =_xlfn.IFNA(VLOOKUP(Table1[[#This Row],[MTP SKU Code]],'Audit Dimensions'!A:N,14,FALSE),"ARC") -> 0 | AB14: =IFERROR(Table1[[#This Row],[B3.Aud]]-Table1[[#This Row],[PW(gm)9]],"ERR") -> 0 | AC14: =IFERROR(Table1[[#This Row],[B3.Diff]]/Table1[[#This Row],[BaLL.Aud]],"ERR") -> 0 | AD14: =_xlfn.IFNA(VLOOKUP(Table1[[#This Row],[MTP SKU Code]],'Audit Dimensions'!A:U,16,FALSE),"ARC") -> 11250 | AE14: =IFERROR(1-Table1[[#This Row],[Gms]]/Table1[[#This Row],[BaLL.Aud]],"ERR") -> -0.31555556
A15: SL-VE-P | B15: SB | C15: 50 | D15: 29 | E15: 8 | F15: 1890 | O15: =((IFERROR((C15*D15*E15),0)+IFERROR((G15*H15*I15),0)+IFERROR((K15*L15*M15),0))/1000000)*35.32 -> 0.409712 | P15: =Table1[[#This Row],[Column15]]*$P$2*1000 -> 2458.272 | Q15: =F15+J15+N15 -> 1890 | R15: =MAX(Q15,O15) -> 1890 | S15: =MAX(R15,P15) -> 2458.272 | T15: =VLOOKUP(A15,'[1]MTP SKUs - Master Data'!$A:$B,2,FALSE) -> DI | U15: =_xlfn.IFNA(VLOOKUP(Table1[[#This Row],[MTP SKU Code]],'Audit Dimensions'!A:N,6,FALSE),"ARC") -> 1500 | V15: =IFERROR(Table1[[#This Row],[B1.Aud]]-Table1[[#This Row],[PW(gm)]],"ERR") -> -390 | W15: =IFERROR(Table1[[#This Row],[B1.Diff]]/Table1[[#This Row],[B1.Aud]],"ERR") -> -0.26 | X15: =_xlfn.IFNA(VLOOKUP(Table1[[#This Row],[MTP SKU Code]],'Audit Dimensions'!A:N,10,FALSE),"ARC") -> 0 | Y15: =IFERROR(Table1[[#This Row],[B2.Aud]]-Table1[[#This Row],[PW(gm)5]],"ERR") -> 0 | Z15: =IFERROR(Table1[[#This Row],[B2.Diff]]/Table1[[#This Row],[B2.Aud]],"NA") -> NA | AA15: =_xlfn.IFNA(VLOOKUP(Table1[[#This Row],[MTP SKU Code]],'Audit Dimensions'!A:N,14,FALSE),"ARC") -> 0 | AB15: =IFERROR(Table1[[#This Row],[B3.Aud]]-Table1[[#This Row],[PW(gm)9]],"ERR") -> 0 | AC15: =IFERROR(Table1[[#This Row],[B3.Diff]]/Table1[[#This Row],[BaLL.Aud]],"ERR") -> 0 | AD15: =_xlfn.IFNA(VLOOKUP(Table1[[#This Row],[MTP SKU Code]],'Audit Dimensions'!A:U,16,FALSE),"ARC") -> 1500 | AE15: =IFERROR(1-Table1[[#This Row],[Gms]]/Table1[[#This Row],[BaLL.Aud]],"ERR") -> -0.26
A16: S-RY | B16: SB | C16: =_xlfn.XLOOKUP(Table1[[#This Row],[MTP SKU Code]],'Audit Dimensions'!A:A,'Audit Dimensions'!C:C,0) -> 65 | D16: =_xlfn.XLOOKUP(Table1[[#This Row],[MTP SKU Code]],'Audit Dimensions'!$A:$A,'Audit Dimensions'!D:D,0) -> 18 | E16: =_xlfn.XLOOKUP(Table1[[#This Row],[MTP SKU Code]],'Audit Dimensions'!$A:$A,'Audit Dimensions'!E:E,0) -> 9 | F16: =_xlfn.XLOOKUP(Table1[[#This Row],[MTP SKU Code]],'Audit Dimensions'!$A:$A,'Audit Dimensions'!F:F,0) -> 3850 | G16: =_xlfn.XLOOKUP(Table1[[#This Row],[MTP SKU Code]],'Audit Dimensions'!$A:$A,'Audit Dimensions'!G:G,0) -> 0 | H16: =_xlfn.XLOOKUP(Table1[[#This Row],[MTP SKU Code]],'Audit Dimensions'!$A:$A,'Audit Dimensions'!H:H,0) -> 0 | I16: =_xlfn.XLOOKUP(Table1[[#This Row],[MTP SKU Code]],'Audit Dimensions'!$A:$A,'Audit Dimensions'!I:I,0) -> 0 | J16: =_xlfn.XLOOKUP(Table1[[#This Row],[MTP SKU Code]],'Audit Dimensions'!$A:$A,'Audit Dimensions'!J:J,0) -> 0 | K16: =_xlfn.XLOOKUP(Table1[[#This Row],[MTP SKU Code]],'Audit Dimensions'!$A:$A,'Audit Dimensions'!K:K,0) -> 0 | L16: =_xlfn.XLOOKUP(Table1[[#This Row],[MTP SKU Code]],'Audit Dimensions'!$A:$A,'Audit Dimensions'!L:L,0) -> 0 | M16: =_xlfn.XLOOKUP(Table1[[#This Row],[MTP SKU Code]],'Audit Dimensions'!$A:$A,'Audit Dimensions'!M:M,0) -> 0 | N16: =_xlfn.XLOOKUP(Table1[[#This Row],[MTP SKU Code]],'Audit Dimensions'!$A:$A,'Audit Dimensions'!N:N,0) -> 0 | O16: =((IFERROR((C16*D16*E16),0)+IFERROR((G16*H16*I16),0)+IFERROR((K16*L16*M16),0))/1000000)*35.32 -> 0.3719196 | P16: =Table1[[#This Row],[Column15]]*$P$2*1000 -> 2231.5176 | Q16: =F16+J16+N16 -> 3850 | R16: =MAX(Q16,O16) -> 3850 | S16: =MAX(R16,P16) -> 3850 | T16: =VLOOKUP(A16,'[1]MTP SKUs - Master Data'!$A:$B,2,FALSE) -> Y | U16: =_xlfn.IFNA(VLOOKUP(Table1[[#This Row],[MTP SKU Code]],'Audit Dimensions'!A:N,6,FALSE),"ARC") -> 3850 | V16: =IFERROR(Table1[[#This Row],[B1.Aud]]-Table1[[#This Row],[PW(gm)]],"ERR") -> 0 | W16: =IFERROR(Table1[[#This Row],[B1.Diff]]/Table1[[#This Row],[B1.Aud]],"ERR") -> 0 | X16: =_xlfn.IFNA(VLOOKUP(Table1[[#This Row],[MTP SKU Code]],'Audit Dimensions'!A:N,10,FALSE),"ARC") -> 0 | Y16: =IFERROR(Table1[[#This Row],[B2.Aud]]-Table1[[#This Row],[PW(gm)5]],"ERR") -> 0 | Z16: =IFERROR(Table1[[#This Row],[B2.Diff]]/Table1[[#This Row],[B2.Aud]],"NA") -> NA | AA16: =_xlfn.IFNA(VLOOKUP(Table1[[#This Row],[MTP SKU Code]],'Audit Dimensions'!A:N,14,FALSE),"ARC") -> 0 | AB16: =IFERROR(Table1[[#This Row],[B3.Aud]]-Table1[[#This Row],[PW(gm)9]],"ERR") -> 0 | AC16: =IFERROR(Table1[[#This Row],[B3.Diff]]/Table1[[#This Row],[BaLL.Aud]],"ERR") -> 0 | AD16: =_xlfn.IFNA(VLOOKUP(Table1[[#This Row],[MTP SKU Code]],'Audit Dimensions'!A:U,16,FALSE),"ARC") -> 3850 | AE16: =IFERROR(1-Table1[[#This Row],[Gms]]/Table1[[#This Row],[BaLL.Aud]],"ERR") -> 0
A17: KH-EDL | B17: SB | C17: 34 | D17: 18 | E17: 3 | F17: =_xlfn.XLOOKUP(Table1[[#This Row],[MTP SKU Code]],'Audit Dimensions'!$A:$A,'Audit Dimensions'!F:F,0) -> 345 | G17: =_xlfn.XLOOKUP(Table1[[#This Row],[MTP SKU Code]],'Audit Dimensions'!$A:$A,'Audit Dimensions'!G:G,0) -> 0 | H17: =_xlfn.XLOOKUP(Table1[[#This Row],[MTP SKU Code]],'Audit Dimensions'!$A:$A,'Audit Dimensions'!H:H,0) -> 0 | I17: =_xlfn.XLOOKUP(Table1[[#This Row],[MTP SKU Code]],'Audit Dimensions'!$A:$A,'Audit Dimensions'!I:I,0) -> 0 | J17: =_xlfn.XLOOKUP(Table1[[#This Row],[MTP SKU Code]],'Audit Dimensions'!$A:$A,'Audit Dimensions'!J:J,0) -> 0 | K17: =_xlfn.XLOOKUP(Table1[[#This Row],[MTP SKU Code]],'Audit Dimensions'!$A:$A,'Audit Dimensions'!K:K,0) -> 0 | L17: =_xlfn.XLOOKUP(Table1[[#This Row],[MTP SKU Code]],'Audit Dimensions'!$A:$A,'Audit Dimensions'!L:L,0) -> 0 | M17: =_xlfn.XLOOKUP(Table1[[#This Row],[MTP SKU Code]],'Audit Dimensions'!$A:$A,'Audit Dimensions'!M:M,0) -> 0 | N17: =_xlfn.XLOOKUP(Table1[[#This Row],[MTP SKU Code]],'Audit Dimensions'!$A:$A,'Audit Dimensions'!N:N,0) -> 0 | O17: =((IFERROR((C17*D17*E17),0)+IFERROR((G17*H17*I17),0)+IFERROR((K17*L17*M17),0))/1000000)*35.32 -> 0.06484752 | P17: =Table1[[#This Row],[Column15]]*$P$2*1000 -> 389.08512 | Q17: =F17+J17+N17 -> 345 | R17: =MAX(Q17,O17) -> 345 | S17: =MAX(R17,P17) -> 389.08512 | T17: =VLOOKUP(A17,'[1]MTP SKUs - Master Data'!$A:$B,2,FALSE) -> RL | U17: =_xlfn.IFNA(VLOOKUP(Table1[[#This Row],[MTP SKU Code]],'Audit Dimensions'!A:N,6,FALSE),"ARC") -> 345 | V17: =IFERROR(Table1[[#This Row],[B1.Aud]]-Table1[[#This Row],[PW(gm)]],"ERR") -> 0 | W17: =IFERROR(Table1[[#This Row],[B1.Diff]]/Table1[[#This Row],[B1.Aud]],"ERR") -> 0 | X17: =_xlfn.IFNA(VLOOKUP(Table1[[#This Row],[MTP SKU Code]],'Audit Dimensions'!A:N,10,FALSE),"ARC") -> 0 | Y17: =IFERROR(Table1[[#This Row],[B2.Aud]]-Table1[[#This Row],[PW(gm)5]],"ERR") -> 0 | Z17: =IFERROR(Table1[[#This Row],[B2.Diff]]/Table1[[#This Row],[B2.Aud]],"NA") -> NA | AA17: =_xlfn.IFNA(VLOOKUP(Table1[[#This Row],[MTP SKU Code]],'Audit Dimensions'!A:N,14,FALSE),"ARC") -> 0 | AB17: =IFERROR(Table1[[#This Row],[B3.Aud]]-Table1[[#This Row],[PW(gm)9]],"ERR") -> 0 | AC17: =IFERROR(Table1[[#This Row],[B3.Diff]]/Table1[[#This Row],[BaLL.Aud]],"ERR") -> 0 | AD17: =_xlfn.IFNA(VLOOKUP(Table1[[#This Row],[MTP SKU Code]],'Audit Dimensions'!A:U,16,FALSE),"ARC") -> 345 | AE17: =IFERROR(1-Table1[[#This Row],[Gms]]/Table1[[#This Row],[BaLL.Aud]],"ERR") -> 0
A18: TU-MLE | B18: SB | C18: =_xlfn.XLOOKUP(Table1[[#This Row],[MTP SKU Code]],'Audit Dimensions'!A:A,'Audit Dimensions'!C:C,0) -> 126 | D18: =_xlfn.XLOOKUP(Table1[[#This Row],[MTP SKU Code]],'Audit Dimensions'!$A:$A,'Audit Dimensions'!D:D,0) -> 29 | E18: =_xlfn.XLOOKUP(Table1[[#This Row],[MTP SKU Code]],'Audit Dimensions'!$A:$A,'Audit Dimensions'!E:E,0) -> 6 | F18: 7870 | G18: =_xlfn.XLOOKUP(Table1[[#This Row],[MTP SKU Code]],'Audit Dimensions'!$A:$A,'Audit Dimensions'!G:G,0) -> 0 | H18: =_xlfn.XLOOKUP(Table1[[#This Row],[MTP SKU Code]],'Audit Dimensions'!$A:$A,'Audit Dimensions'!H:H,0) -> 0 | I18: =_xlfn.XLOOKUP(Table1[[#This Row],[MTP SKU Code]],'Audit Dimensions'!$A:$A,'Audit Dimensions'!I:I,0) -> 0 | J18: =_xlfn.XLOOKUP(Table1[[#This Row],[MTP SKU Code]],'Audit Dimensions'!$A:$A,'Audit Dimensions'!J:J,0) -> 0 | K18: =_xlfn.XLOOKUP(Table1[[#This Row],[MTP SKU Code]],'Audit Dimensions'!$A:$A,'Audit Dimensions'!K:K,0) -> 0 | L18: =_xlfn.XLOOKUP(Table1[[#This Row],[MTP SKU Code]],'Audit Dimensions'!$A:$A,'Audit Dimensions'!L:L,0) -> 0 | M18: =_xlfn.XLOOKUP(Table1[[#This Row],[MTP SKU Code]],'Audit Dimensions'!$A:$A,'Audit Dimensions'!M:M,0) -> 0 | N18: =_xlfn.XLOOKUP(Table1[[#This Row],[MTP SKU Code]],'Audit Dimensions'!$A:$A,'Audit Dimensions'!N:N,0) -> 0 | O18: =((IFERROR((C18*D18*E18),0)+IFERROR((G18*H18*I18),0)+IFERROR((K18*L18*M18),0))/1000000)*35.32 -> 0.77435568 | P18: =Table1[[#This Row],[Column15]]*$P$2*1000 -> 4646.1341 | Q18: =F18+J18+N18 -> 7870 | R18: =MAX(Q18,O18) -> 7870 | S18: =MAX(R18,P18) -> 7870 | T18: =VLOOKUP(A18,'[1]MTP SKUs - Master Data'!$A:$B,2,FALSE) -> Y | U18: =_xlfn.IFNA(VLOOKUP(Table1[[#This Row],[MTP SKU Code]],'Audit Dimensions'!A:N,6,FALSE),"ARC") -> 8100 | V18: =IFERROR(Table1[[#This Row],[B1.Aud]]-Table1[[#This Row],[PW(gm)]],"ERR") -> 230 | W18: =IFERROR(Table1[[#This Row],[B1.Diff]]/Table1[[#This Row],[B1.Aud]],"ERR") -> 0.028395062 | X18: =_xlfn.IFNA(VLOOKUP(Table1[[#This Row],[MTP SKU Code]],'Audit Dimensions'!A:N,10,FALSE),"ARC") -> 0 | Y18: =IFERROR(Table1[[#This Row],[B2.Aud]]-Table1[[#This Row],[PW(gm)5]],"ERR") -> 0 | Z18: =IFERROR(Table1[[#This Row],[B2.Diff]]/Table1[[#This Row],[B2.Aud]],"NA") -> NA | AA18: =_xlfn.IFNA(VLOOKUP(Table1[[#This Row],[MTP SKU Code]],'Audit Dimensions'!A:N,14,FALSE),"ARC") -> 0 | AB18: =IFERROR(Table1[[#This Row],[B3.Aud]]-Table1[[#This Row],[PW(gm)9]],"ERR") -> 0 | AC18: =IFERROR(Table1[[#This Row],[B3.Diff]]/Table1[[#This Row],[BaLL.Aud]],"ERR") -> 0 | AD18: =_xlfn.IFNA(VLOOKUP(Table1[[#This Row],[MTP SKU Code]],'Audit Dimensions'!A:U,16,FALSE),"ARC") -> 8100 | AE18: =IFERROR(1-Table1[[#This Row],[Gms]]/Table1[[#This Row],[BaLL.Aud]],"ERR") -> 0.028395062
A19: KH-SW-WB | B19: SB | C19: 28 | D19: =_xlfn.XLOOKUP(Table1[[#This Row],[MTP SKU Code]],'Audit Dimensions'!$A:$A,'Audit Dimensions'!D:D,0) -> 11 | E19: =_xlfn.XLOOKUP(Table1[[#This Row],[MTP SKU Code]],'Audit Dimensions'!$A:$A,'Audit Dimensions'!E:E,0) -> 6 | F19: 300 | G19: =_xlfn.XLOOKUP(Table1[[#This Row],[MTP SKU Code]],'Audit Dimensions'!$A:$A,'Audit Dimensions'!G:G,0) -> 0 | H19: =_xlfn.XLOOKUP(Table1[[#This Row],[MTP SKU Code]],'Audit Dimensions'!$A:$A,'Audit Dimensions'!H:H,0) -> 0 | I19: =_xlfn.XLOOKUP(Table1[[#This Row],[MTP SKU Code]],'Audit Dimensions'!$A:$A,'Audit Dimensions'!I:I,0) -> 0 | J19: =_xlfn.XLOOKUP(Table1[[#This Row],[MTP SKU Code]],'Audit Dimensions'!$A:$A,'Audit Dimensions'!J:J,0) -> 0 | K19: =_xlfn.XLOOKUP(Table1[[#This Row],[MTP SKU Code]],'Audit Dimensions'!$A:$A,'Audit Dimensions'!K:K,0) -> 0 | L19: =_xlfn.XLOOKUP(Table1[[#This Row],[MTP SKU Code]],'Audit Dimensions'!$A:$A,'Audit Dimensions'!L:L,0) -> 0 | M19: =_xlfn.XLOOKUP(Table1[[#This Row],[MTP SKU Code]],'Audit Dimensions'!$A:$A,'Audit Dimensions'!M:M,0) -> 0 | N19: =_xlfn.XLOOKUP(Table1[[#This Row],[MTP SKU Code]],'Audit Dimensions'!$A:$A,'Audit Dimensions'!N:N,0) -> 0 | O19: =((IFERROR((C19*D19*E19),0)+IFERROR((G19*H19*I19),0)+IFERROR((K19*L19*M19),0))/1000000)*35.32 -> 0.06527136 | P19: =Table1[[#This Row],[Column15]]*$P$2*1000 -> 391.62816 | Q19: =F19+J19+N19 -> 300 | R19: =MAX(Q19,O19) -> 300 | S19: =MAX(R19,P19) -> 391.62816 | T19: =VLOOKUP(A19,'[1]MTP SKUs - Master Data'!$A:$B,2,FALSE) -> Y | U19: =_xlfn.IFNA(VLOOKUP(Table1[[#This Row],[MTP SKU Code]],'Audit Dimensions'!A:N,6,FALSE),"ARC") -> 306 | V19: =IFERROR(Table1[[#This Row],[B1.Aud]]-Table1[[#This Row],[PW(gm)]],"ERR") -> 6 | W19: =IFERROR(Table1[[#This Row],[B1.Diff]]/Table1[[#This Row],[B1.Aud]],"ERR") -> 0.019607843 | X19: =_xlfn.IFNA(VLOOKUP(Table1[[#This Row],[MTP SKU Code]],'Audit Dimensions'!A:N,10,FALSE),"ARC") -> 0 | Y19: =IFERROR(Table1[[#This Row],[B2.Aud]]-Table1[[#This Row],[PW(gm)5]],"ERR") -> 0 | Z19: =IFERROR(Table1[[#This Row],[B2.Diff]]/Table1[[#This Row],[B2.Aud]],"NA") -> NA | AA19: =_xlfn.IFNA(VLOOKUP(Table1[[#This Row],[MTP SKU Code]],'Audit Dimensions'!A:N,14,FALSE),"ARC") -> 0 | AB19: =IFERROR(Table1[[#This Row],[B3.Aud]]-Table1[[#This Row],[PW(gm)9]],"ERR") -> 0 | AC19: =IFERROR(Table1[[#This Row],[B3.Diff]]/Table1[[#This Row],[BaLL.Aud]],"ERR") -> 0 | AD19: =_xlfn.IFNA(VLOOKUP(Table1[[#This Row],[MTP SKU Code]],'Audit Dimensions'!A:U,16,FALSE),"ARC") -> 306 | AE19: =IFERROR(1-Table1[[#This Row],[Gms]]/Table1[[#This Row],[BaLL.Aud]],"ERR") -> 0.019607843
A20: KH-SUT-10 | B20: SB | C20: 24 | D20: 24 | E20: 3 | F20: 385 | G20: =_xlfn.XLOOKUP(Table1[[#This Row],[MTP SKU Code]],'Audit Dimensions'!$A:$A,'Audit Dimensions'!G:G,0) -> 0 | H20: =_xlfn.XLOOKUP(Table1[[#This Row],[MTP SKU Code]],'Audit Dimensions'!$A:$A,'Audit Dimensions'!H:H,0) -> 0 | I20: =_xlfn.XLOOKUP(Table1[[#This Row],[MTP SKU Code]],'Audit Dimensions'!$A:$A,'Audit Dimensions'!I:I,0) -> 0 | J20: =_xlfn.XLOOKUP(Table1[[#This Row],[MTP SKU Code]],'Audit Dimensions'!$A:$A,'Audit Dimensions'!J:J,0) -> 0 | K20: =_xlfn.XLOOKUP(Table1[[#This Row],[MTP SKU Code]],'Audit Dimensions'!$A:$A,'Audit Dimensions'!K:K,0) -> 0 | L20: =_xlfn.XLOOKUP(Table1[[#This Row],[MTP SKU Code]],'Audit Dimensions'!$A:$A,'Audit Dimensions'!L:L,0) -> 0 | M20: =_xlfn.XLOOKUP(Table1[[#This Row],[MTP SKU Code]],'Audit Dimensions'!$A:$A,'Audit Dimensions'!M:M,0) -> 0 | N20: =_xlfn.XLOOKUP(Table1[[#This Row],[MTP SKU Code]],'Audit Dimensions'!$A:$A,'Audit Dimensions'!N:N,0) -> 0 | O20: =((IFERROR((C20*D20*E20),0)+IFERROR((G20*H20*I20),0)+IFERROR((K20*L20*M20),0))/1000000)*35.32 -> 0.06103296 | P20: =Table1[[#This Row],[Column15]]*$P$2*1000 -> 366.19776 | Q20: =F20+J20+N20 -> 385 | R20: =MAX(Q20,O20) -> 385 | S20: =MAX(R20,P20) -> 385 | T20: =VLOOKUP(A20,'[1]MTP SKUs - Master Data'!$A:$B,2,FALSE) -> Y | U20: =_xlfn.IFNA(VLOOKUP(Table1[[#This Row],[MTP SKU Code]],'Audit Dimensions'!A:N,6,FALSE),"ARC") -> 400 | V20: =IFERROR(Table1[[#This Row],[B1.Aud]]-Table1[[#This Row],[PW(gm)]],"ERR") -> 15 | W20: =IFERROR(Table1[[#This Row],[B1.Diff]]/Table1[[#This Row],[B1.Aud]],"ERR") -> 0.0375 | X20: =_xlfn.IFNA(VLOOKUP(Table1[[#This Row],[MTP SKU Code]],'Audit Dimensions'!A:N,10,FALSE),"ARC") -> 0 | Y20: =IFERROR(Table1[[#This Row],[B2.Aud]]-Table1[[#This Row],[PW(gm)5]],"ERR") -> 0 | Z20: =IFERROR(Table1[[#This Row],[B2.Diff]]/Table1[[#This Row],[B2.Aud]],"NA") -> NA | AA20: =_xlfn.IFNA(VLOOKUP(Table1[[#This Row],[MTP SKU Code]],'Audit Dimensions'!A:N,14,FALSE),"ARC") -> 0 | AB20: =IFERROR(Table1[[#This Row],[B3.Aud]]-Table1[[#This Row],[PW(gm)9]],"ERR") -> 0 | AC20: =IFERROR(Table1[[#This Row],[B3.Diff]]/Table1[[#This Row],[BaLL.Aud]],"ERR") -> 0 | AD20: =_xlfn.IFNA(VLOOKUP(Table1[[#This Row],[MTP SKU Code]],'Audit Dimensions'!A:U,16,FALSE),"ARC") -> 400 | AE20: =IFERROR(1-Table1[[#This Row],[Gms]]/Table1[[#This Row],[BaLL.Aud]],"ERR") -> 0.0375
A21: BT-NHE | B21: SB | C21: =_xlfn.XLOOKUP(Table1[[#This Row],[MTP SKU Code]],'Audit Dimensions'!A:A,'Audit Dimensions'!C:C,0) -> 57 | D21: =_xlfn.XLOOKUP(Table1[[#This Row],[MTP SKU Code]],'Audit Dimensions'!$A:$A,'Audit Dimensions'!D:D,0) -> 28 | E21: =_xlfn.XLOOKUP(Table1[[#This Row],[MTP SKU Code]],'Audit Dimensions'!$A:$A,'Audit Dimensions'!E:E,0) -> 9 | F21: 4800 | G21: =_xlfn.XLOOKUP(Table1[[#This Row],[MTP SKU Code]],'Audit Dimensions'!$A:$A,'Audit Dimensions'!G:G,0) -> 0 | H21: =_xlfn.XLOOKUP(Table1[[#This Row],[MTP SKU Code]],'Audit Dimensions'!$A:$A,'Audit Dimensions'!H:H,0) -> 0 | I21: =_xlfn.XLOOKUP(Table1[[#This Row],[MTP SKU Code]],'Audit Dimensions'!$A:$A,'Audit Dimensions'!I:I,0) -> 0 | J21: =_xlfn.XLOOKUP(Table1[[#This Row],[MTP SKU Code]],'Audit Dimensions'!$A:$A,'Audit Dimensions'!J:J,0) -> 0 | K21: =_xlfn.XLOOKUP(Table1[[#This Row],[MTP SKU Code]],'Audit Dimensions'!$A:$A,'Audit Dimensions'!K:K,0) -> 0 | L21: =_xlfn.XLOOKUP(Table1[[#This Row],[MTP SKU Code]],'Audit Dimensions'!$A:$A,'Audit Dimensions'!L:L,0) -> 0 | M21: =_xlfn.XLOOKUP(Table1[[#This Row],[MTP SKU Code]],'Audit Dimensions'!$A:$A,'Audit Dimensions'!M:M,0) -> 0 | N21: =_xlfn.XLOOKUP(Table1[[#This Row],[MTP SKU Code]],'Audit Dimensions'!$A:$A,'Audit Dimensions'!N:N,0) -> 0 | O21: =((IFERROR((C21*D21*E21),0)+IFERROR((G21*H21*I21),0)+IFERROR((K21*L21*M21),0))/1000000)*35.32 -> 0.50733648 | P21: =Table1[[#This Row],[Column15]]*$P$2*1000 -> 3044.0189 | Q21: =F21+J21+N21 -> 4800 | R21: =MAX(Q21,O21) -> 4800 | S21: =MAX(R21,P21) -> 4800 | T21: =VLOOKUP(A21,'[1]MTP SKUs - Master Data'!$A:$B,2,FALSE) -> Y | U21: =_xlfn.IFNA(VLOOKUP(Table1[[#This Row],[MTP SKU Code]],'Audit Dimensions'!A:N,6,FALSE),"ARC") -> 5010 | V21: =IFERROR(Table1[[#This Row],[B1.Aud]]-Table1[[#This Row],[PW(gm)]],"ERR") -> 210 | W21: =IFERROR(Table1[[#This Row],[B1.Diff]]/Table1[[#This Row],[B1.Aud]],"ERR") -> 0.041916168 | X21: =_xlfn.IFNA(VLOOKUP(Table1[[#This Row],[MTP SKU Code]],'Audit Dimensions'!A:N,10,FALSE),"ARC") -> 0 | Y21: =IFERROR(Table1[[#This Row],[B2.Aud]]-Table1[[#This Row],[PW(gm)5]],"ERR") -> 0 | Z21: =IFERROR(Table1[[#This Row],[B2.Diff]]/Table1[[#This Row],[B2.Aud]],"NA") -> NA | AA21: =_xlfn.IFNA(VLOOKUP(Table1[[#This Row],[MTP SKU Code]],'Audit Dimensions'!A:N,14,FALSE),"ARC") -> 0 | AB21: =IFERROR(Table1[[#This Row],[B3.Aud]]-Table1[[#This Row],[PW(gm)9]],"ERR") -> 0 | AC21: =IFERROR(Table1[[#This Row],[B3.Diff]]/Table1[[#This Row],[BaLL.Aud]],"ERR") -> 0 | AD21: =_xlfn.IFNA(VLOOKUP(Table1[[#This Row],[MTP SKU Code]],'Audit Dimensions'!A:U,16,FALSE),"ARC") -> 5010 | AE21: =IFERROR(1-Table1[[#This Row],[Gms]]/Table1[[#This Row],[BaLL.Aud]],"ERR") -> 0.041916168
A22: WA-PYS-S | B22: SB | C22: =_xlfn.XLOOKUP(Table1[[#This Row],[MTP SKU Code]],'Audit Dimensions'!A:A,'Audit Dimensions'!C:C,0) -> 70 | D22: 24 | E22: =_xlfn.XLOOKUP(Table1[[#This Row],[MTP SKU Code]],'Audit Dimensions'!$A:$A,'Audit Dimensions'!E:E,0) -> 5 | F22: 1850 | G22: =_xlfn.XLOOKUP(Table1[[#This Row],[MTP SKU Code]],'Audit Dimensions'!$A:$A,'Audit Dimensions'!G:G,0) -> 0 | H22: =_xlfn.XLOOKUP(Table1[[#This Row],[MTP SKU Code]],'Audit Dimensions'!$A:$A,'Audit Dimensions'!H:H,0) -> 0 | I22: =_xlfn.XLOOKUP(Table1[[#This Row],[MTP SKU Code]],'Audit Dimensions'!$A:$A,'Audit Dimensions'!I:I,0) -> 0 | J22: =_xlfn.XLOOKUP(Table1[[#This Row],[MTP SKU Code]],'Audit Dimensions'!$A:$A,'Audit Dimensions'!J:J,0) -> 0 | K22: =_xlfn.XLOOKUP(Table1[[#This Row],[MTP SKU Code]],'Audit Dimensions'!$A:$A,'Audit Dimensions'!K:K,0) -> 0 | L22: =_xlfn.XLOOKUP(Table1[[#This Row],[MTP SKU Code]],'Audit Dimensions'!$A:$A,'Audit Dimensions'!L:L,0) -> 0 | M22: =_xlfn.XLOOKUP(Table1[[#This Row],[MTP SKU Code]],'Audit Dimensions'!$A:$A,'Audit Dimensions'!M:M,0) -> 0 | N22: =_xlfn.XLOOKUP(Table1[[#This Row],[MTP SKU Code]],'Audit Dimensions'!$A:$A,'Audit Dimensions'!N:N,0) -> 0 | O22: =((IFERROR((C22*D22*E22),0)+IFERROR((G22*H22*I22),0)+IFERROR((K22*L22*M22),0))/1000000)*35.32 -> 0.296688 | P22: =Table1[[#This Row],[Column15]]*$P$2*1000 -> 1780.128 | Q22: =F22+J22+N22 -> 1850 | R22: =MAX(Q22,O22) -> 1850 | S22: =MAX(R22,P22) -> 1850 | T22: =VLOOKUP(A22,'[1]MTP SKUs - Master Data'!$A:$B,2,FALSE) -> Y | U22: =_xlfn.IFNA(VLOOKUP(Table1[[#This Row],[MTP SKU Code]],'Audit Dimensions'!A:N,6,FALSE),"ARC") -> 1940 | V22: =IFERROR(Table1[[#This Row],[B1.Aud]]-Table1[[#This Row],[PW(gm)]],"ERR") -> 90 | W22: =IFERROR(Table1[[#This Row],[B1.Diff]]/Table1[[#This Row],[B1.Aud]],"ERR") -> 0.046391753 | X22: =_xlfn.IFNA(VLOOKUP(Table1[[#This Row],[MTP SKU Code]],'Audit Dimensions'!A:N,10,FALSE),"ARC") -> 0 | Y22: =IFERROR(Table1[[#This Row],[B2.Aud]]-Table1[[#This Row],[PW(gm)5]],"ERR") -> 0 | Z22: =IFERROR(Table1[[#This Row],[B2.Diff]]/Table1[[#This Row],[B2.Aud]],"NA") -> NA | AA22: =_xlfn.IFNA(VLOOKUP(Table1[[#This Row],[MTP SKU Code]],'Audit Dimensions'!A:N,14,FALSE),"ARC") -> 0 | AB22: =IFERROR(Table1[[#This Row],[B3.Aud]]-Table1[[#This Row],[PW(gm)9]],"ERR") -> 0 | AC22: =IFERROR(Table1[[#This Row],[B3.Diff]]/Table1[[#This Row],[BaLL.Aud]],"ERR") -> 0 | AD22: =_xlfn.IFNA(VLOOKUP(Table1[[#This Row],[MTP SKU Code]],'Audit Dimensions'!A:U,16,FALSE),"ARC") -> 1940 | AE22: =IFERROR(1-Table1[[#This Row],[Gms]]/Table1[[#This Row],[BaLL.Aud]],"ERR") -> 0.046391753
A23: KH-TOC-18 | B23: SB | C23: =_xlfn.XLOOKUP(Table1[[#This Row],[MTP SKU Code]],'Audit Dimensions'!A:A,'Audit Dimensions'!C:C,0) -> 39 | D23: =_xlfn.XLOOKUP(Table1[[#This Row],[MTP SKU Code]],'Audit Dimensions'!$A:$A,'Audit Dimensions'!D:D,0) -> 30 | E23: =_xlfn.XLOOKUP(Table1[[#This Row],[MTP SKU Code]],'Audit Dimensions'!$A:$A,'Audit Dimensions'!E:E,0) -> 10 | F23: 2800 | G23: =_xlfn.XLOOKUP(Table1[[#This Row],[MTP SKU Code]],'Audit Dimensions'!$A:$A,'Audit Dimensions'!G:G,0) -> 0 | H23: =_xlfn.XLOOKUP(Table1[[#This Row],[MTP SKU Code]],'Audit Dimensions'!$A:$A,'Audit Dimensions'!H:H,0) -> 0 | I23: =_xlfn.XLOOKUP(Table1[[#This Row],[MTP SKU Code]],'Audit Dimensions'!$A:$A,'Audit Dimensions'!I:I,0) -> 0 | J23: =_xlfn.XLOOKUP(Table1[[#This Row],[MTP SKU Code]],'Audit Dimensions'!$A:$A,'Audit Dimensions'!J:J,0) -> 0 | K23: =_xlfn.XLOOKUP(Table1[[#This Row],[MTP SKU Code]],'Audit Dimensions'!$A:$A,'Audit Dimensions'!K:K,0) -> 0 | L23: =_xlfn.XLOOKUP(Table1[[#This Row],[MTP SKU Code]],'Audit Dimensions'!$A:$A,'Audit Dimensions'!L:L,0) -> 0 | M23: =_xlfn.XLOOKUP(Table1[[#This Row],[MTP SKU Code]],'Audit Dimensions'!$A:$A,'Audit Dimensions'!M:M,0) -> 0 | N23: =_xlfn.XLOOKUP(Table1[[#This Row],[MTP SKU Code]],'Audit Dimensions'!$A:$A,'Audit Dimensions'!N:N,0) -> 0 | O23: =((IFERROR((C23*D23*E23),0)+IFERROR((G23*H23*I23),0)+IFERROR((K23*L23*M23),0))/1000000)*35.32 -> 0.413244 | P23: =Table1[[#This Row],[Column15]]*$P$2*1000 -> 2479.464 | Q23: =F23+J23+N23 -> 2800 | R23: =MAX(Q23,O23) -> 2800 | S23: =MAX(R23,P23) -> 2800 | T23: =VLOOKUP(A23,'[1]MTP SKUs - Master Data'!$A:$B,2,FALSE) -> Y | U23: =_xlfn.IFNA(VLOOKUP(Table1[[#This Row],[MTP SKU Code]],'Audit Dimensions'!A:N,6,FALSE),"ARC") -> 2960 | V23: =IFERROR(Table1[[#This Row],[B1.Aud]]-Table1[[#This Row],[PW(gm)]],"ERR") -> 160 | W23: =IFERROR(Table1[[#This Row],[B1.Diff]]/Table1[[#This Row],[B1.Aud]],"ERR") -> 0.054054054 | X23: =_xlfn.IFNA(VLOOKUP(Table1[[#This Row],[MTP SKU Code]],'Audit Dimensions'!A:N,10,FALSE),"ARC") -> 0 | Y23: =IFERROR(Table1[[#This Row],[B2.Aud]]-Table1[[#This Row],[PW(gm)5]],"ERR") -> 0 | Z23: =IFERROR(Table1[[#This Row],[B2.Diff]]/Table1[[#This Row],[B2.Aud]],"NA") -> NA | AA23: =_xlfn.IFNA(VLOOKUP(Table1[[#This Row],[MTP SKU Code]],'Audit Dimensions'!A:N,14,FALSE),"ARC") -> 0 | AB23: =IFERROR(Table1[[#This Row],[B3.Aud]]-Table1[[#This Row],[PW(gm)9]],"ERR") -> 0 | AC23: =IFERROR(Table1[[#This Row],[B3.Diff]]/Table1[[#This Row],[BaLL.Aud]],"ERR") -> 0 | AD23: =_xlfn.IFNA(VLOOKUP(Table1[[#This Row],[MTP SKU Code]],'Audit Dimensions'!A:U,16,FALSE),"ARC") -> 2960 | AE23: =IFERROR(1-Table1[[#This Row],[Gms]]/Table1[[#This Row],[BaLL.Aud]],"ERR") -> 0.054054054
A24: SR-BKN-H | B24: SB | C24: =_xlfn.XLOOKUP(Table1[[#This Row],[MTP SKU Code]],'Audit Dimensions'!A:A,'Audit Dimensions'!C:C,0) -> 187 | D24: =_xlfn.XLOOKUP(Table1[[#This Row],[MTP SKU Code]],'Audit Dimensions'!$A:$A,'Audit Dimensions'!D:D,0) -> 43 | E24: =_xlfn.XLOOKUP(Table1[[#This Row],[MTP SKU Code]],'Audit Dimensions'!$A:$A,'Audit Dimensions'!E:E,0) -> 14 | F24: 55600 | G24: =_xlfn.XLOOKUP(Table1[[#This Row],[MTP SKU Code]],'Audit Dimensions'!$A:$A,'Audit Dimensions'!G:G,0) -> 0 | H24: =_xlfn.XLOOKUP(Table1[[#This Row],[MTP SKU Code]],'Audit Dimensions'!$A:$A,'Audit Dimensions'!H:H,0) -> 0 | I24: =_xlfn.XLOOKUP(Table1[[#This Row],[MTP SKU Code]],'Audit Dimensions'!$A:$A,'Audit Dimensions'!I:I,0) -> 0 | J24: =_xlfn.XLOOKUP(Table1[[#This Row],[MTP SKU Code]],'Audit Dimensions'!$A:$A,'Audit Dimensions'!J:J,0) -> 0 | K24: =_xlfn.XLOOKUP(Table1[[#This Row],[MTP SKU Code]],'Audit Dimensions'!$A:$A,'Audit Dimensions'!K:K,0) -> 0 | L24: =_xlfn.XLOOKUP(Table1[[#This Row],[MTP SKU Code]],'Audit Dimensions'!$A:$A,'Audit Dimensions'!L:L,0) -> 0 | M24: =_xlfn.XLOOKUP(Table1[[#This Row],[MTP SKU Code]],'Audit Dimensions'!$A:$A,'Audit Dimensions'!M:M,0) -> 0 | N24: =_xlfn.XLOOKUP(Table1[[#This Row],[MTP SKU Code]],'Audit Dimensions'!$A:$A,'Audit Dimensions'!N:N,0) -> 0 | O24: =((IFERROR((C24*D24*E24),0)+IFERROR((G24*H24*I24),0)+IFERROR((K24*L24*M24),0))/1000000)*35.32 -> 3.9761137 | P24: =Table1[[#This Row],[Column15]]*$P$2*1000 -> 23856.682 | Q24: =F24+J24+N24 -> 55600 | R24: =MAX(Q24,O24) -> 55600 | S24: =MAX(R24,P24) -> 55600 | T24: =VLOOKUP(A24,'[1]MTP SKUs - Master Data'!$A:$B,2,FALSE) -> Y | U24: =_xlfn.IFNA(VLOOKUP(Table1[[#This Row],[MTP SKU Code]],'Audit Dimensions'!A:N,6,FALSE),"ARC") -> 58920 | V24: =IFERROR(Table1[[#This Row],[B1.Aud]]-Table1[[#This Row],[PW(gm)]],"ERR") -> 3320 | W24: =IFERROR(Table1[[#This Row],[B1.Diff]]/Table1[[#This Row],[B1.Aud]],"ERR") -> 0.05634759 | X24: =_xlfn.IFNA(VLOOKUP(Table1[[#This Row],[MTP SKU Code]],'Audit Dimensions'!A:N,10,FALSE),"ARC") -> 0 | Y24: =IFERROR(Table1[[#This Row],[B2.Aud]]-Table1[[#This Row],[PW(gm)5]],"ERR") -> 0 | Z24: =IFERROR(Table1[[#This Row],[B2.Diff]]/Table1[[#This Row],[B2.Aud]],"NA") -> NA | AA24: =_xlfn.IFNA(VLOOKUP(Table1[[#This Row],[MTP SKU Code]],'Audit Dimensions'!A:N,14,FALSE),"ARC") -> 0 | AB24: =IFERROR(Table1[[#This Row],[B3.Aud]]-Table1[[#This Row],[PW(gm)9]],"ERR") -> 0 | AC24: =IFERROR(Table1[[#This Row],[B3.Diff]]/Table1[[#This Row],[BaLL.Aud]],"ERR") -> 0 | AD24: =_xlfn.IFNA(VLOOKUP(Table1[[#This Row],[MTP SKU Code]],'Audit Dimensions'!A:U,16,FALSE),"ARC") -> 58920 | AE24: =IFERROR(1-Table1[[#This Row],[Gms]]/Table1[[#This Row],[BaLL.Aud]],"ERR") -> 0.05634759
A25: ST-HES | B25: SB | C25: 85 | D25: 66 | E25: 5 | F25: 10750 | O25: =((IFERROR((C25*D25*E25),0)+IFERROR((G25*H25*I25),0)+IFERROR((K25*L25*M25),0))/1000000)*35.32 -> 0.990726 | P25: =Table1[[#This Row],[Column15]]*$P$2*1000 -> 5944.356 | Q25: =F25+J25+N25 -> 10750 | R25: =MAX(Q25,O25) -> 10750 | S25: =MAX(R25,P25) -> 10750 | T25: =VLOOKUP(A25,'[1]MTP SKUs - Master Data'!$A:$B,2,FALSE) -> DI | U25: =_xlfn.IFNA(VLOOKUP(Table1[[#This Row],[MTP SKU Code]],'Audit Dimensions'!A:N,6,FALSE),"ARC") -> 10100 | V25: =IFERROR(Table1[[#This Row],[B1.Aud]]-Table1[[#This Row],[PW(gm)]],"ERR") -> -650 | W25: =IFERROR(Table1[[#This Row],[B1.Diff]]/Table1[[#This Row],[B1.Aud]],"ERR") -> -0.064356436 | X25: =_xlfn.IFNA(VLOOKUP(Table1[[#This Row],[MTP SKU Code]],'Audit Dimensions'!A:N,10,FALSE),"ARC") -> 0 | Y25: =IFERROR(Table1[[#This Row],[B2.Aud]]-Table1[[#This Row],[PW(gm)5]],"ERR") -> 0 | Z25: =IFERROR(Table1[[#This Row],[B2.Diff]]/Table1[[#This Row],[B2.Aud]],"NA") -> NA | AA25: =_xlfn.IFNA(VLOOKUP(Table1[[#This Row],[MTP SKU Code]],'Audit Dimensions'!A:N,14,FALSE),"ARC") -> 0 | AB25: =IFERROR(Table1[[#This Row],[B3.Aud]]-Table1[[#This Row],[PW(gm)9]],"ERR") -> 0 | AC25: =IFERROR(Table1[[#This Row],[B3.Diff]]/Table1[[#This Row],[BaLL.Aud]],"ERR") -> 0 | AD25: =_xlfn.IFNA(VLOOKUP(Table1[[#This Row],[MTP SKU Code]],'Audit Dimensions'!A:U,16,FALSE),"ARC") -> 10100 | AE25: =IFERROR(1-Table1[[#This Row],[Gms]]/Table1[[#This Row],[BaLL.Aud]],"ERR") -> -0.064356436
A26: SB-NBK | B26: SB | C26: =_xlfn.XLOOKUP(Table1[[#This Row],[MTP SKU Code]],'Audit Dimensions'!A:A,'Audit Dimensions'!C:C,0) -> 159 | D26: =_xlfn.XLOOKUP(Table1[[#This Row],[MTP SKU Code]],'Audit Dimensions'!$A:$A,'Audit Dimensions'!D:D,0) -> 33 | E26: =_xlfn.XLOOKUP(Table1[[#This Row],[MTP SKU Code]],'Audit Dimensions'!$A:$A,'Audit Dimensions'!E:E,0) -> 9 | F26: 18800 | G26: =_xlfn.XLOOKUP(Table1[[#This Row],[MTP SKU Code]],'Audit Dimensions'!$A:$A,'Audit Dimensions'!G:G,0) -> 0 | H26: =_xlfn.XLOOKUP(Table1[[#This Row],[MTP SKU Code]],'Audit Dimensions'!$A:$A,'Audit Dimensions'!H:H,0) -> 0 | I26: =_xlfn.XLOOKUP(Table1[[#This Row],[MTP SKU Code]],'Audit Dimensions'!$A:$A,'Audit Dimensions'!I:I,0) -> 0 | J26: =_xlfn.XLOOKUP(Table1[[#This Row],[MTP SKU Code]],'Audit Dimensions'!$A:$A,'Audit Dimensions'!J:J,0) -> 0 | K26: =_xlfn.XLOOKUP(Table1[[#This Row],[MTP SKU Code]],'Audit Dimensions'!$A:$A,'Audit Dimensions'!K:K,0) -> 0 | L26: =_xlfn.XLOOKUP(Table1[[#This Row],[MTP SKU Code]],'Audit Dimensions'!$A:$A,'Audit Dimensions'!L:L,0) -> 0 | M26: =_xlfn.XLOOKUP(Table1[[#This Row],[MTP SKU Code]],'Audit Dimensions'!$A:$A,'Audit Dimensions'!M:M,0) -> 0 | N26: =_xlfn.XLOOKUP(Table1[[#This Row],[MTP SKU Code]],'Audit Dimensions'!$A:$A,'Audit Dimensions'!N:N,0) -> 0 | O26: =((IFERROR((C26*D26*E26),0)+IFERROR((G26*H26*I26),0)+IFERROR((K26*L26*M26),0))/1000000)*35.32 -> 1.6679164 | P26: =Table1[[#This Row],[Column15]]*$P$2*1000 -> 10007.498 | Q26: =F26+J26+N26 -> 18800 | R26: =MAX(Q26,O26) -> 18800 | S26: =MAX(R26,P26) -> 18800 | T26: =VLOOKUP(A26,'[1]MTP SKUs - Master Data'!$A:$B,2,FALSE) -> Y | U26: =_xlfn.IFNA(VLOOKUP(Table1[[#This Row],[MTP SKU Code]],'Audit Dimensions'!A:N,6,FALSE),"ARC") -> 20000 | V26: =IFERROR(Table1[[#This Row],[B1.Aud]]-Table1[[#This Row],[PW(gm)]],"ERR") -> 1200 | W26: =IFERROR(Table1[[#This Row],[B1.Diff]]/Table1[[#This Row],[B1.Aud]],"ERR") -> 0.06 | X26: =_xlfn.IFNA(VLOOKUP(Table1[[#This Row],[MTP SKU Code]],'Audit Dimensions'!A:N,10,FALSE),"ARC") -> 0 | Y26: =IFERROR(Table1[[#This Row],[B2.Aud]]-Table1[[#This Row],[PW(gm)5]],"ERR") -> 0 | Z26: =IFERROR(Table1[[#This Row],[B2.Diff]]/Table1[[#This Row],[B2.Aud]],"NA") -> NA | AA26: =_xlfn.IFNA(VLOOKUP(Table1[[#This Row],[MTP SKU Code]],'Audit Dimensions'!A:N,14,FALSE),"ARC") -> 0 | AB26: =IFERROR(Table1[[#This Row],[B3.Aud]]-Table1[[#This Row],[PW(gm)9]],"ERR") -> 0 | AC26: =IFERROR(Table1[[#This Row],[B3.Diff]]/Table1[[#This Row],[BaLL.Aud]],"ERR") -> 0 | AD26: =_xlfn.IFNA(VLOOKUP(Table1[[#This Row],[MTP SKU Code]],'Audit Dimensions'!A:U,16,FALSE),"ARC") -> 20000 | AE26: =IFERROR(1-Table1[[#This Row],[Gms]]/Table1[[#This Row],[BaLL.Aud]],"ERR") -> 0.06
A27: TS-NL-A | B27: SB | C27: =_xlfn.XLOOKUP(Table1[[#This Row],[MTP SKU Code]],'Audit Dimensions'!A:A,'Audit Dimensions'!C:C,0) -> 36 | D27: =_xlfn.XLOOKUP(Table1[[#This Row],[MTP SKU Code]],'Audit Dimensions'!$A:$A,'Audit Dimensions'!D:D,0) -> 25 | E27: =_xlfn.XLOOKUP(Table1[[#This Row],[MTP SKU Code]],'Audit Dimensions'!$A:$A,'Audit Dimensions'!E:E,0) -> 4 | F27: 1515 | O27: =((IFERROR((C27*D27*E27),0)+IFERROR((G27*H27*I27),0)+IFERROR((K27*L27*M27),0))/1000000)*35.32 -> 0.127152 | P27: =Table1[[#This Row],[Column15]]*$P$2*1000 -> 762.912 | Q27: =F27+J27+N27 -> 1515 | R27: =MAX(Q27,O27) -> 1515 | S27: =MAX(R27,P27) -> 1515 | T27: =VLOOKUP(A27,'[1]MTP SKUs - Master Data'!$A:$B,2,FALSE) -> DI | U27: =_xlfn.IFNA(VLOOKUP(Table1[[#This Row],[MTP SKU Code]],'Audit Dimensions'!A:N,6,FALSE),"ARC") -> 1430 | V27: =IFERROR(Table1[[#This Row],[B1.Aud]]-Table1[[#This Row],[PW(gm)]],"ERR") -> -85 | W27: =IFERROR(Table1[[#This Row],[B1.Diff]]/Table1[[#This Row],[B1.Aud]],"ERR") -> -0.059440559 | X27: =_xlfn.IFNA(VLOOKUP(Table1[[#This Row],[MTP SKU Code]],'Audit Dimensions'!A:N,10,FALSE),"ARC") -> 0 | Y27: =IFERROR(Table1[[#This Row],[B2.Aud]]-Table1[[#This Row],[PW(gm)5]],"ERR") -> 0 | Z27: =IFERROR(Table1[[#This Row],[B2.Diff]]/Table1[[#This Row],[B2.Aud]],"NA") -> NA | AA27: =_xlfn.IFNA(VLOOKUP(Table1[[#This Row],[MTP SKU Code]],'Audit Dimensions'!A:N,14,FALSE),"ARC") -> 0 | AB27: =IFERROR(Table1[[#This Row],[B3.Aud]]-Table1[[#This Row],[PW(gm)9]],"ERR") -> 0 | AC27: =IFERROR(Table1[[#This Row],[B3.Diff]]/Table1[[#This Row],[BaLL.Aud]],"ERR") -> 0 | AD27: =_xlfn.IFNA(VLOOKUP(Table1[[#This Row],[MTP SKU Code]],'Audit Dimensions'!A:U,16,FALSE),"ARC") -> 1430 | AE27: =IFERROR(1-Table1[[#This Row],[Gms]]/Table1[[#This Row],[BaLL.Aud]],"ERR") -> -0.059440559
A28: CT-OSN-RT | B28: SB | C28: =_xlfn.XLOOKUP(Table1[[#This Row],[MTP SKU Code]],'Audit Dimensions'!A:A,'Audit Dimensions'!C:C,0) -> 100 | D28: =_xlfn.XLOOKUP(Table1[[#This Row],[MTP SKU Code]],'Audit Dimensions'!$A:$A,'Audit Dimensions'!D:D,0) -> 50 | E28: =_xlfn.XLOOKUP(Table1[[#This Row],[MTP SKU Code]],'Audit Dimensions'!$A:$A,'Audit Dimensions'!E:E,0) -> 5 | F28: 7800 | G28: =_xlfn.XLOOKUP(Table1[[#This Row],[MTP SKU Code]],'Audit Dimensions'!$A:$A,'Audit Dimensions'!G:G,0) -> 0 | H28: =_xlfn.XLOOKUP(Table1[[#This Row],[MTP SKU Code]],'Audit Dimensions'!$A:$A,'Audit Dimensions'!H:H,0) -> 0 | I28: =_xlfn.XLOOKUP(Table1[[#This Row],[MTP SKU Code]],'Audit Dimensions'!$A:$A,'Audit Dimensions'!I:I,0) -> 0 | J28: =_xlfn.XLOOKUP(Table1[[#This Row],[MTP SKU Code]],'Audit Dimensions'!$A:$A,'Audit Dimensions'!J:J,0) -> 0 | K28: =_xlfn.XLOOKUP(Table1[[#This Row],[MTP SKU Code]],'Audit Dimensions'!$A:$A,'Audit Dimensions'!K:K,0) -> 0 | L28: =_xlfn.XLOOKUP(Table1[[#This Row],[MTP SKU Code]],'Audit Dimensions'!$A:$A,'Audit Dimensions'!L:L,0) -> 0 | M28: =_xlfn.XLOOKUP(Table1[[#This Row],[MTP SKU Code]],'Audit Dimensions'!$A:$A,'Audit Dimensions'!M:M,0) -> 0 | N28: =_xlfn.XLOOKUP(Table1[[#This Row],[MTP SKU Code]],'Audit Dimensions'!$A:$A,'Audit Dimensions'!N:N,0) -> 0 | O28: =((IFERROR((C28*D28*E28),0)+IFERROR((G28*H28*I28),0)+IFERROR((K28*L28*M28),0))/1000000)*35.32 -> 0.883 | P28: =Table1[[#This Row],[Column15]]*$P$2*1000 -> 5298 | Q28: =F28+J28+N28 -> 7800 | R28: =MAX(Q28,O28) -> 7800 | S28: =MAX(R28,P28) -> 7800 | T28: =VLOOKUP(A28,'[1]MTP SKUs - Master Data'!$A:$B,2,FALSE) -> Y | U28: =_xlfn.IFNA(VLOOKUP(Table1[[#This Row],[MTP SKU Code]],'Audit Dimensions'!A:N,6,FALSE),"ARC") -> 8310 | V28: =IFERROR(Table1[[#This Row],[B1.Aud]]-Table1[[#This Row],[PW(gm)]],"ERR") -> 510 | W28: =IFERROR(Table1[[#This Row],[B1.Diff]]/Table1[[#This Row],[B1.Aud]],"ERR") -> 0.061371841 | X28: =_xlfn.IFNA(VLOOKUP(Table1[[#This Row],[MTP SKU Code]],'Audit Dimensions'!A:N,10,FALSE),"ARC") -> 0 | Y28: =IFERROR(Table1[[#This Row],[B2.Aud]]-Table1[[#This Row],[PW(gm)5]],"ERR") -> 0 | Z28: =IFERROR(Table1[[#This Row],[B2.Diff]]/Table1[[#This Row],[B2.Aud]],"NA") -> NA | AA28: =_xlfn.IFNA(VLOOKUP(Table1[[#This Row],[MTP SKU Code]],'Audit Dimensions'!A:N,14,FALSE),"ARC") -> 0 | AB28: =IFERROR(Table1[[#This Row],[B3.Aud]]-Table1[[#This Row],[PW(gm)9]],"ERR") -> 0 | AC28: =IFERROR(Table1[[#This Row],[B3.Diff]]/Table1[[#This Row],[BaLL.Aud]],"ERR") -> 0 | AD28: =_xlfn.IFNA(VLOOKUP(Table1[[#This Row],[MTP SKU Code]],'Audit Dimensions'!A:U,16,FALSE),"ARC") -> 8310 | AE28: =IFERROR(1-Table1[[#This Row],[Gms]]/Table1[[#This Row],[BaLL.Aud]],"ERR") -> 0.061371841
A29: B-RVB-QN | B29: MB | C29: =_xlfn.XLOOKUP(Table1[[#This Row],[MTP SKU Code]],'Audit Dimensions'!A:A,'Audit Dimensions'!C:C,0) -> 206 | D29: =_xlfn.XLOOKUP(Table1[[#This Row],[MTP SKU Code]],'Audit Dimensions'!$A:$A,'Audit Dimensions'!D:D,0) -> 50 | E29: =_xlfn.XLOOKUP(Table1[[#This Row],[MTP SKU Code]],'Audit Dimensions'!$A:$A,'Audit Dimensions'!E:E,0) -> 8 | F29: 38700 | G29: =_xlfn.XLOOKUP(Table1[[#This Row],[MTP SKU Code]],'Audit Dimensions'!$A:$A,'Audit Dimensions'!G:G,0) -> 103 | H29: =_xlfn.XLOOKUP(Table1[[#This Row],[MTP SKU Code]],'Audit Dimensions'!$A:$A,'Audit Dimensions'!H:H,0) -> 80 | I29: =_xlfn.XLOOKUP(Table1[[#This Row],[MTP SKU Code]],'Audit Dimensions'!$A:$A,'Audit Dimensions'!I:I,0) -> 3 | J29: 22500 | K29: =_xlfn.XLOOKUP(Table1[[#This Row],[MTP SKU Code]],'Audit Dimensions'!$A:$A,'Audit Dimensions'!K:K,0) -> 0 | L29: =_xlfn.XLOOKUP(Table1[[#This Row],[MTP SKU Code]],'Audit Dimensions'!$A:$A,'Audit Dimensions'!L:L,0) -> 0 | M29: =_xlfn.XLOOKUP(Table1[[#This Row],[MTP SKU Code]],'Audit Dimensions'!$A:$A,'Audit Dimensions'!M:M,0) -> 0 | N29: =_xlfn.XLOOKUP(Table1[[#This Row],[MTP SKU Code]],'Audit Dimensions'!$A:$A,'Audit Dimensions'!N:N,0) -> 0 | O29: =((IFERROR((C29*D29*E29),0)+IFERROR((G29*H29*I29),0)+IFERROR((K29*L29*M29),0))/1000000)*35.32 -> 3.7834784 | P29: =Table1[[#This Row],[Column15]]*$P$2*1000 -> 22700.87 | Q29: =F29+J29+N29 -> 61200 | R29: =MAX(Q29,O29) -> 61200 | S29: =MAX(R29,P29) -> 61200 | T29: =VLOOKUP(A29,'[1]MTP SKUs - Master Data'!$A:$B,2,FALSE) -> Y | U29: =_xlfn.IFNA(VLOOKUP(Table1[[#This Row],[MTP SKU Code]],'Audit Dimensions'!A:N,6,FALSE),"ARC") -> 41430 | V29: =IFERROR(Table1[[#This Row],[B1.Aud]]-Table1[[#This Row],[PW(gm)]],"ERR") -> 2730 | W29: =IFERROR(Table1[[#This Row],[B1.Diff]]/Table1[[#This Row],[B1.Aud]],"ERR") -> 0.06589428 | X29: =_xlfn.IFNA(VLOOKUP(Table1[[#This Row],[MTP SKU Code]],'Audit Dimensions'!A:N,10,FALSE),"ARC") -> 23820 | Y29: =IFERROR(Table1[[#This Row],[B2.Aud]]-Table1[[#This Row],[PW(gm)5]],"ERR") -> 1320 | Z29: =IFERROR(Table1[[#This Row],[B2.Diff]]/Table1[[#This Row],[B2.Aud]],"NA") -> 0.055415617 | AA29: =_xlfn.IFNA(VLOOKUP(Table1[[#This Row],[MTP SKU Code]],'Audit Dimensions'!A:N,14,FALSE),"ARC") -> 0 | AB29: =IFERROR(Table1[[#This Row],[B3.Aud]]-Table1[[#This Row],[PW(gm)9]],"ERR") -> 0 | AC29: =IFERROR(Table1[[#This Row],[B3.Diff]]/Table1[[#This Row],[BaLL.Aud]],"ERR") -> 0 | AD29: =_xlfn.IFNA(VLOOKUP(Table1[[#This Row],[MTP SKU Code]],'Audit Dimensions'!A:U,16,FALSE),"ARC") -> 65250 | AE29: =IFERROR(1-Table1[[#This Row],[Gms]]/Table1[[#This Row],[BaLL.Aud]],"ERR") -> 0.062068966
A30: KC-OPT-1N | B30: SB | C30: =_xlfn.XLOOKUP(Table1[[#This Row],[MTP SKU Code]],'Audit Dimensions'!A:A,'Audit Dimensions'!C:C,0) -> 77 | D30: =_xlfn.XLOOKUP(Table1[[#This Row],[MTP SKU Code]],'Audit Dimensions'!$A:$A,'Audit Dimensions'!D:D,0) -> 35 | E30: =_xlfn.XLOOKUP(Table1[[#This Row],[MTP SKU Code]],'Audit Dimensions'!$A:$A,'Audit Dimensions'!E:E,0) -> 12 | F30: 14800 | G30: =_xlfn.XLOOKUP(Table1[[#This Row],[MTP SKU Code]],'Audit Dimensions'!$A:$A,'Audit Dimensions'!G:G,0) -> 0 | H30: =_xlfn.XLOOKUP(Table1[[#This Row],[MTP SKU Code]],'Audit Dimensions'!$A:$A,'Audit Dimensions'!H:H,0) -> 0 | I30: =_xlfn.XLOOKUP(Table1[[#This Row],[MTP SKU Code]],'Audit Dimensions'!$A:$A,'Audit Dimensions'!I:I,0) -> 0 | J30: =_xlfn.XLOOKUP(Table1[[#This Row],[MTP SKU Code]],'Audit Dimensions'!$A:$A,'Audit Dimensions'!J:J,0) -> 0 | K30: =_xlfn.XLOOKUP(Table1[[#This Row],[MTP SKU Code]],'Audit Dimensions'!$A:$A,'Audit Dimensions'!K:K,0) -> 0 | L30: =_xlfn.XLOOKUP(Table1[[#This Row],[MTP SKU Code]],'Audit Dimensions'!$A:$A,'Audit Dimensions'!L:L,0) -> 0 | M30: =_xlfn.XLOOKUP(Table1[[#This Row],[MTP SKU Code]],'Audit Dimensions'!$A:$A,'Audit Dimensions'!M:M,0) -> 0 | N30: =_xlfn.XLOOKUP(Table1[[#This Row],[MTP SKU Code]],'Audit Dimensions'!$A:$A,'Audit Dimensions'!N:N,0) -> 0 | O30: =((IFERROR((C30*D30*E30),0)+IFERROR((G30*H30*I30),0)+IFERROR((K30*L30*M30),0))/1000000)*35.32 -> 1.1422488 | P30: =Table1[[#This Row],[Column15]]*$P$2*1000 -> 6853.4928 | Q30: =F30+J30+N30 -> 14800 | R30: =MAX(Q30,O30) -> 14800 | S30: =MAX(R30,P30) -> 14800 | T30: =VLOOKUP(A30,'[1]MTP SKUs - Master Data'!$A:$B,2,FALSE) -> Y | U30: =_xlfn.IFNA(VLOOKUP(Table1[[#This Row],[MTP SKU Code]],'Audit Dimensions'!A:N,6,FALSE),"ARC") -> 15880 | V30: =IFERROR(Table1[[#This Row],[B1.Aud]]-Table1[[#This Row],[PW(gm)]],"ERR") -> 1080 | W30: =IFERROR(Table1[[#This Row],[B1.Diff]]/Table1[[#This Row],[B1.Aud]],"ERR") -> 0.068010076 | X30: =_xlfn.IFNA(VLOOKUP(Table1[[#This Row],[MTP SKU Code]],'Audit Dimensions'!A:N,10,FALSE),"ARC") -> 0 | Y30: =IFERROR(Table1[[#This Row],[B2.Aud]]-Table1[[#This Row],[PW(gm)5]],"ERR") -> 0 | Z30: =IFERROR(Table1[[#This Row],[B2.Diff]]/Table1[[#This Row],[B2.Aud]],"NA") -> NA | AA30: =_xlfn.IFNA(VLOOKUP(Table1[[#This Row],[MTP SKU Code]],'Audit Dimensions'!A:N,14,FALSE),"ARC") -> 0 | AB30: =IFERROR(Table1[[#This Row],[B3.Aud]]-Table1[[#This Row],[PW(gm)9]],"ERR") -> 0 | AC30: =IFERROR(Table1[[#This Row],[B3.Diff]]/Table1[[#This Row],[BaLL.Aud]],"ERR") -> 0 | AD30: =_xlfn.IFNA(VLOOKUP(Table1[[#This Row],[MTP SKU Code]],'Audit Dimensions'!A:U,16,FALSE),"ARC") -> 15880 | AE30: =IFERROR(1-Table1[[#This Row],[Gms]]/Table1[[#This Row],[BaLL.Aud]],"ERR") -> 0.068010076
A31: B-MLT-QT | B31: MB | C31: =_xlfn.XLOOKUP(Table1[[#This Row],[MTP SKU Code]],'Audit Dimensions'!A:A,'Audit Dimensions'!C:C,0) -> 206 | D31: =_xlfn.XLOOKUP(Table1[[#This Row],[MTP SKU Code]],'Audit Dimensions'!$A:$A,'Audit Dimensions'!D:D,0) -> 40 | E31: =_xlfn.XLOOKUP(Table1[[#This Row],[MTP SKU Code]],'Audit Dimensions'!$A:$A,'Audit Dimensions'!E:E,0) -> 4 | F31: 26000 | G31: =_xlfn.XLOOKUP(Table1[[#This Row],[MTP SKU Code]],'Audit Dimensions'!$A:$A,'Audit Dimensions'!G:G,0) -> 164 | H31: =_xlfn.XLOOKUP(Table1[[#This Row],[MTP SKU Code]],'Audit Dimensions'!$A:$A,'Audit Dimensions'!H:H,0) -> 39 | I31: =_xlfn.XLOOKUP(Table1[[#This Row],[MTP SKU Code]],'Audit Dimensions'!$A:$A,'Audit Dimensions'!I:I,0) -> 7 | J31: 26200 | K31: =_xlfn.XLOOKUP(Table1[[#This Row],[MTP SKU Code]],'Audit Dimensions'!$A:$A,'Audit Dimensions'!K:K,0) -> 104 | L31: =_xlfn.XLOOKUP(Table1[[#This Row],[MTP SKU Code]],'Audit Dimensions'!$A:$A,'Audit Dimensions'!L:L,0) -> 81 | M31: =_xlfn.XLOOKUP(Table1[[#This Row],[MTP SKU Code]],'Audit Dimensions'!$A:$A,'Audit Dimensions'!M:M,0) -> 8 | N31: 32000 | O31: =((IFERROR((C31*D31*E31),0)+IFERROR((G31*H31*I31),0)+IFERROR((K31*L31*M31),0))/1000000)*35.32 -> 5.1257797 | P31: =Table1[[#This Row],[Column15]]*$P$2*1000 -> 30754.678 | Q31: =F31+J31+N31 -> 84200 | R31: =MAX(Q31,O31) -> 84200 | S31: =MAX(R31,P31) -> 84200 | T31: =VLOOKUP(A31,'[1]MTP SKUs - Master Data'!$A:$B,2,FALSE) -> Y | U31: =_xlfn.IFNA(VLOOKUP(Table1[[#This Row],[MTP SKU Code]],'Audit Dimensions'!A:N,6,FALSE),"ARC") -> 28400 | V31: =IFERROR(Table1[[#This Row],[B1.Aud]]-Table1[[#This Row],[PW(gm)]],"ERR") -> 2400 | W31: =IFERROR(Table1[[#This Row],[B1.Diff]]/Table1[[#This Row],[B1.Aud]],"ERR") -> 0.084507042 | X31: =_xlfn.IFNA(VLOOKUP(Table1[[#This Row],[MTP SKU Code]],'Audit Dimensions'!A:N,10,FALSE),"ARC") -> 27300 | Y31: =IFERROR(Table1[[#This Row],[B2.Aud]]-Table1[[#This Row],[PW(gm)5]],"ERR") -> 1100 | Z31: =IFERROR(Table1[[#This Row],[B2.Diff]]/Table1[[#This Row],[B2.Aud]],"NA") -> 0.04029304 | AA31: =_xlfn.IFNA(VLOOKUP(Table1[[#This Row],[MTP SKU Code]],'Audit Dimensions'!A:N,14,FALSE),"ARC") -> 33540 | AB31: =IFERROR(Table1[[#This Row],[B3.Aud]]-Table1[[#This Row],[PW(gm)9]],"ERR") -> 1540 | AC31: =IFERROR(Table1[[#This Row],[B3.Diff]]/Table1[[#This Row],[BaLL.Aud]],"ERR") -> 0.017256835 | AD31: =_xlfn.IFNA(VLOOKUP(Table1[[#This Row],[MTP SKU Code]],'Audit Dimensions'!A:U,16,FALSE),"ARC") -> 89240 | AE31: =IFERROR(1-Table1[[#This Row],[Gms]]/Table1[[#This Row],[BaLL.Aud]],"ERR") -> 0.056476916
A32: W-AND-3N | B32: MB | C32: =_xlfn.XLOOKUP(Table1[[#This Row],[MTP SKU Code]],'Audit Dimensions'!A:A,'Audit Dimensions'!C:C,0) -> 129 | D32: =_xlfn.XLOOKUP(Table1[[#This Row],[MTP SKU Code]],'Audit Dimensions'!$A:$A,'Audit Dimensions'!D:D,0) -> 53 | E32: =_xlfn.XLOOKUP(Table1[[#This Row],[MTP SKU Code]],'Audit Dimensions'!$A:$A,'Audit Dimensions'!E:E,0) -> 9 | F32: 27750 | G32: =_xlfn.XLOOKUP(Table1[[#This Row],[MTP SKU Code]],'Audit Dimensions'!$A:$A,'Audit Dimensions'!G:G,0) -> 180 | H32: =_xlfn.XLOOKUP(Table1[[#This Row],[MTP SKU Code]],'Audit Dimensions'!$A:$A,'Audit Dimensions'!H:H,0) -> 47 | I32: =_xlfn.XLOOKUP(Table1[[#This Row],[MTP SKU Code]],'Audit Dimensions'!$A:$A,'Audit Dimensions'!I:I,0) -> 11 | J32: 35700 | K32: =_xlfn.XLOOKUP(Table1[[#This Row],[MTP SKU Code]],'Audit Dimensions'!$A:$A,'Audit Dimensions'!K:K,0) -> 187 | L32: =_xlfn.XLOOKUP(Table1[[#This Row],[MTP SKU Code]],'Audit Dimensions'!$A:$A,'Audit Dimensions'!L:L,0) -> 51 | M32: =_xlfn.XLOOKUP(Table1[[#This Row],[MTP SKU Code]],'Audit Dimensions'!$A:$A,'Audit Dimensions'!M:M,0) -> 10 | N32: 34600 | O32: =((IFERROR((C32*D32*E32),0)+IFERROR((G32*H32*I32),0)+IFERROR((K32*L32*M32),0))/1000000)*35.32 -> 8.8286932 | P32: =Table1[[#This Row],[Column15]]*$P$2*1000 -> 52972.159 | Q32: =F32+J32+N32 -> 98050 | R32: =MAX(Q32,O32) -> 98050 | S32: =MAX(R32,P32) -> 98050 | T32: =VLOOKUP(A32,'[1]MTP SKUs - Master Data'!$A:$B,2,FALSE) -> Y | U32: =_xlfn.IFNA(VLOOKUP(Table1[[#This Row],[MTP SKU Code]],'Audit Dimensions'!A:N,6,FALSE),"ARC") -> 29170 | V32: =IFERROR(Table1[[#This Row],[B1.Aud]]-Table1[[#This Row],[PW(gm)]],"ERR") -> 1420 | W32: =IFERROR(Table1[[#This Row],[B1.Diff]]/Table1[[#This Row],[B1.Aud]],"ERR") -> 0.048680151 | X32: =_xlfn.IFNA(VLOOKUP(Table1[[#This Row],[MTP SKU Code]],'Audit Dimensions'!A:N,10,FALSE),"ARC") -> 36000 | Y32: =IFERROR(Table1[[#This Row],[B2.Aud]]-Table1[[#This Row],[PW(gm)5]],"ERR") -> 300 | Z32: =IFERROR(Table1[[#This Row],[B2.Diff]]/Table1[[#This Row],[B2.Aud]],"NA") -> 0.0083333333 | AA32: =_xlfn.IFNA(VLOOKUP(Table1[[#This Row],[MTP SKU Code]],'Audit Dimensions'!A:N,14,FALSE),"ARC") -> 37600 | AB32: =IFERROR(Table1[[#This Row],[B3.Aud]]-Table1[[#This Row],[PW(gm)9]],"ERR") -> 3000 | AC32: =IFERROR(Table1[[#This Row],[B3.Diff]]/Table1[[#This Row],[BaLL.Aud]],"ERR") -> 0.029191398 | AD32: =_xlfn.IFNA(VLOOKUP(Table1[[#This Row],[MTP SKU Code]],'Audit Dimensions'!A:U,16,FALSE),"ARC") -> 102770 | AE32: =IFERROR(1-Table1[[#This Row],[Gms]]/Table1[[#This Row],[BaLL.Aud]],"ERR") -> 0.0459278
A33: B-POL-KT | B33: MB | C33: =_xlfn.XLOOKUP(Table1[[#This Row],[MTP SKU Code]],'Audit Dimensions'!A:A,'Audit Dimensions'!C:C,0) -> 206 | D33: =_xlfn.XLOOKUP(Table1[[#This Row],[MTP SKU Code]],'Audit Dimensions'!$A:$A,'Audit Dimensions'!D:D,0) -> 38 | E33: =_xlfn.XLOOKUP(Table1[[#This Row],[MTP SKU Code]],'Audit Dimensions'!$A:$A,'Audit Dimensions'!E:E,0) -> 9 | F33: 33800 | G33: =_xlfn.XLOOKUP(Table1[[#This Row],[MTP SKU Code]],'Audit Dimensions'!$A:$A,'Audit Dimensions'!G:G,0) -> 151 | H33: =_xlfn.XLOOKUP(Table1[[#This Row],[MTP SKU Code]],'Audit Dimensions'!$A:$A,'Audit Dimensions'!H:H,0) -> 39 | I33: =_xlfn.XLOOKUP(Table1[[#This Row],[MTP SKU Code]],'Audit Dimensions'!$A:$A,'Audit Dimensions'!I:I,0) -> 7 | J33: 22700 | K33: =_xlfn.XLOOKUP(Table1[[#This Row],[MTP SKU Code]],'Audit Dimensions'!$A:$A,'Audit Dimensions'!K:K,0) -> 104 | L33: =_xlfn.XLOOKUP(Table1[[#This Row],[MTP SKU Code]],'Audit Dimensions'!$A:$A,'Audit Dimensions'!L:L,0) -> 95 | M33: =_xlfn.XLOOKUP(Table1[[#This Row],[MTP SKU Code]],'Audit Dimensions'!$A:$A,'Audit Dimensions'!M:M,0) -> 7 | N33: 37500 | O33: =((IFERROR((C33*D33*E33),0)+IFERROR((G33*H33*I33),0)+IFERROR((K33*L33*M33),0))/1000000)*35.32 -> 6.3870922 | P33: =Table1[[#This Row],[Column15]]*$P$2*1000 -> 38322.553 | Q33: =F33+J33+N33 -> 94000 | R33: =MAX(Q33,O33) -> 94000 | S33: =MAX(R33,P33) -> 94000 | T33: =VLOOKUP(A33,'[1]MTP SKUs - Master Data'!$A:$B,2,FALSE) -> Y | U33: =_xlfn.IFNA(VLOOKUP(Table1[[#This Row],[MTP SKU Code]],'Audit Dimensions'!A:N,6,FALSE),"ARC") -> 36430 | V33: =IFERROR(Table1[[#This Row],[B1.Aud]]-Table1[[#This Row],[PW(gm)]],"ERR") -> 2630 | W33: =IFERROR(Table1[[#This Row],[B1.Diff]]/Table1[[#This Row],[B1.Aud]],"ERR") -> 0.072193247 | X33: =_xlfn.IFNA(VLOOKUP(Table1[[#This Row],[MTP SKU Code]],'Audit Dimensions'!A:N,10,FALSE),"ARC") -> 23900 | Y33: =IFERROR(Table1[[#This Row],[B2.Aud]]-Table1[[#This Row],[PW(gm)5]],"ERR") -> 1200 | Z33: =IFERROR(Table1[[#This Row],[B2.Diff]]/Table1[[#This Row],[B2.Aud]],"NA") -> 0.050209205 | AA33: =_xlfn.IFNA(VLOOKUP(Table1[[#This Row],[MTP SKU Code]],'Audit Dimensions'!A:N,14,FALSE),"ARC") -> 38300 | AB33: =IFERROR(Table1[[#This Row],[B3.Aud]]-Table1[[#This Row],[PW(gm)9]],"ERR") -> 800 | AC33: =IFERROR(Table1[[#This Row],[B3.Diff]]/Table1[[#This Row],[BaLL.Aud]],"ERR") -> 0.0081111224 | AD33: =_xlfn.IFNA(VLOOKUP(Table1[[#This Row],[MTP SKU Code]],'Audit Dimensions'!A:U,16,FALSE),"ARC") -> 98630 | AE33: =IFERROR(1-Table1[[#This Row],[Gms]]/Table1[[#This Row],[BaLL.Aud]],"ERR") -> 0.046943121
A34: W-CLO-4 | B34: SB | C34: =_xlfn.XLOOKUP(Table1[[#This Row],[MTP SKU Code]],'Audit Dimensions'!A:A,'Audit Dimensions'!C:C,0) -> 139 | D34: =_xlfn.XLOOKUP(Table1[[#This Row],[MTP SKU Code]],'Audit Dimensions'!$A:$A,'Audit Dimensions'!D:D,0) -> 42 | E34: =_xlfn.XLOOKUP(Table1[[#This Row],[MTP SKU Code]],'Audit Dimensions'!$A:$A,'Audit Dimensions'!E:E,0) -> 9 | F34: 24470 | G34: =_xlfn.XLOOKUP(Table1[[#This Row],[MTP SKU Code]],'Audit Dimensions'!$A:$A,'Audit Dimensions'!G:G,0) -> 0 | H34: =_xlfn.XLOOKUP(Table1[[#This Row],[MTP SKU Code]],'Audit Dimensions'!$A:$A,'Audit Dimensions'!H:H,0) -> 0 | I34: =_xlfn.XLOOKUP(Table1[[#This Row],[MTP SKU Code]],'Audit Dimensions'!$A:$A,'Audit Dimensions'!I:I,0) -> 0 | J34: =_xlfn.XLOOKUP(Table1[[#This Row],[MTP SKU Code]],'Audit Dimensions'!$A:$A,'Audit Dimensions'!J:J,0) -> 0 | K34: =_xlfn.XLOOKUP(Table1[[#This Row],[MTP SKU Code]],'Audit Dimensions'!$A:$A,'Audit Dimensions'!K:K,0) -> 0 | L34: =_xlfn.XLOOKUP(Table1[[#This Row],[MTP SKU Code]],'Audit Dimensions'!$A:$A,'Audit Dimensions'!L:L,0) -> 0 | M34: =_xlfn.XLOOKUP(Table1[[#This Row],[MTP SKU Code]],'Audit Dimensions'!$A:$A,'Audit Dimensions'!M:M,0) -> 0 | N34: =_xlfn.XLOOKUP(Table1[[#This Row],[MTP SKU Code]],'Audit Dimensions'!$A:$A,'Audit Dimensions'!N:N,0) -> 0 | O34: =((IFERROR((C34*D34*E34),0)+IFERROR((G34*H34*I34),0)+IFERROR((K34*L34*M34),0))/1000000)*35.32 -> 1.8557834 | P34: =Table1[[#This Row],[Column15]]*$P$2*1000 -> 11134.701 | Q34: =F34+J34+N34 -> 24470 | R34: =MAX(Q34,O34) -> 24470 | S34: =MAX(R34,P34) -> 24470 | T34: =VLOOKUP(A34,'[1]MTP SKUs - Master Data'!$A:$B,2,FALSE) -> Y | U34: =_xlfn.IFNA(VLOOKUP(Table1[[#This Row],[MTP SKU Code]],'Audit Dimensions'!A:N,6,FALSE),"ARC") -> 26350 | V34: =IFERROR(Table1[[#This Row],[B1.Aud]]-Table1[[#This Row],[PW(gm)]],"ERR") -> 1880 | W34: =IFERROR(Table1[[#This Row],[B1.Diff]]/Table1[[#This Row],[B1.Aud]],"ERR") -> 0.071347249 | X34: =_xlfn.IFNA(VLOOKUP(Table1[[#This Row],[MTP SKU Code]],'Audit Dimensions'!A:N,10,FALSE),"ARC") -> 0 | Y34: =IFERROR(Table1[[#This Row],[B2.Aud]]-Table1[[#This Row],[PW(gm)5]],"ERR") -> 0 | Z34: =IFERROR(Table1[[#This Row],[B2.Diff]]/Table1[[#This Row],[B2.Aud]],"NA") -> NA | AA34: =_xlfn.IFNA(VLOOKUP(Table1[[#This Row],[MTP SKU Code]],'Audit Dimensions'!A:N,14,FALSE),"ARC") -> 0 | AB34: =IFERROR(Table1[[#This Row],[B3.Aud]]-Table1[[#This Row],[PW(gm)9]],"ERR") -> 0 | AC34: =IFERROR(Table1[[#This Row],[B3.Diff]]/Table1[[#This Row],[BaLL.Aud]],"ERR") -> 0 | AD34: =_xlfn.IFNA(VLOOKUP(Table1[[#This Row],[MTP SKU Code]],'Audit Dimensions'!A:U,16,FALSE),"ARC") -> 26350 | AE34: =IFERROR(1-Table1[[#This Row],[Gms]]/Table1[[#This Row],[BaLL.Aud]],"ERR") -> 0.071347249
A35: DC-MYN-LA | B35: MB | C35: =_xlfn.XLOOKUP(Table1[[#This Row],[MTP SKU Code]],'Audit Dimensions'!A:A,'Audit Dimensions'!C:C,0) -> 126 | D35: =_xlfn.XLOOKUP(Table1[[#This Row],[MTP SKU Code]],'Audit Dimensions'!$A:$A,'Audit Dimensions'!D:D,0) -> 0 | E35: =_xlfn.XLOOKUP(Table1[[#This Row],[MTP SKU Code]],'Audit Dimensions'!$A:$A,'Audit Dimensions'!E:E,0) -> 12 | F35: 42800 | G35: =_xlfn.XLOOKUP(Table1[[#This Row],[MTP SKU Code]],'Audit Dimensions'!$A:$A,'Audit Dimensions'!G:G,0) -> 79 | H35: =_xlfn.XLOOKUP(Table1[[#This Row],[MTP SKU Code]],'Audit Dimensions'!$A:$A,'Audit Dimensions'!H:H,0) -> 46 | I35: =_xlfn.XLOOKUP(Table1[[#This Row],[MTP SKU Code]],'Audit Dimensions'!$A:$A,'Audit Dimensions'!I:I,0) -> 15 | J35: 22750 | K35: =_xlfn.XLOOKUP(Table1[[#This Row],[MTP SKU Code]],'Audit Dimensions'!$A:$A,'Audit Dimensions'!K:K,0) -> 0 | L35: =_xlfn.XLOOKUP(Table1[[#This Row],[MTP SKU Code]],'Audit Dimensions'!$A:$A,'Audit Dimensions'!L:L,0) -> 0 | M35: =_xlfn.XLOOKUP(Table1[[#This Row],[MTP SKU Code]],'Audit Dimensions'!$A:$A,'Audit Dimensions'!M:M,0) -> 0 | N35: =_xlfn.XLOOKUP(Table1[[#This Row],[MTP SKU Code]],'Audit Dimensions'!$A:$A,'Audit Dimensions'!N:N,0) -> 0 | O35: =((IFERROR((C35*D35*E35),0)+IFERROR((G35*H35*I35),0)+IFERROR((K35*L35*M35),0))/1000000)*35.32 -> 1.9252932 | P35: =Table1[[#This Row],[Column15]]*$P$2*1000 -> 11551.759 | Q35: =F35+J35+N35 -> 65550 | R35: =MAX(Q35,O35) -> 65550 | S35: =MAX(R35,P35) -> 65550 | T35: =VLOOKUP(A35,'[1]MTP SKUs - Master Data'!$A:$B,2,FALSE) -> Y | U35: =_xlfn.IFNA(VLOOKUP(Table1[[#This Row],[MTP SKU Code]],'Audit Dimensions'!A:N,6,FALSE),"ARC") -> 43600 | V35: =IFERROR(Table1[[#This Row],[B1.Aud]]-Table1[[#This Row],[PW(gm)]],"ERR") -> 800 | W35: =IFERROR(Table1[[#This Row],[B1.Diff]]/Table1[[#This Row],[B1.Aud]],"ERR") -> 0.018348624 | X35: =_xlfn.IFNA(VLOOKUP(Table1[[#This Row],[MTP SKU Code]],'Audit Dimensions'!A:N,10,FALSE),"ARC") -> 24330 | Y35: =IFERROR(Table1[[#This Row],[B2.Aud]]-Table1[[#This Row],[PW(gm)5]],"ERR") -> 1580 | Z35: =IFERROR(Table1[[#This Row],[B2.Diff]]/Table1[[#This Row],[B2.Aud]],"NA") -> 0.064940403 | AA35: =_xlfn.IFNA(VLOOKUP(Table1[[#This Row],[MTP SKU Code]],'Audit Dimensions'!A:N,14,FALSE),"ARC") -> 0 | AB35: =IFERROR(Table1[[#This Row],[B3.Aud]]-Table1[[#This Row],[PW(gm)9]],"ERR") -> 0 | AC35: =IFERROR(Table1[[#This Row],[B3.Diff]]/Table1[[#This Row],[BaLL.Aud]],"ERR") -> 0 | AD35: =_xlfn.IFNA(VLOOKUP(Table1[[#This Row],[MTP SKU Code]],'Audit Dimensions'!A:U,16,FALSE),"ARC") -> 67930 | AE35: =IFERROR(1-Table1[[#This Row],[Gms]]/Table1[[#This Row],[BaLL.Aud]],"ERR") -> 0.035036067
A36: W-AND-2M | B36: MB | C36: =_xlfn.XLOOKUP(Table1[[#This Row],[MTP SKU Code]],'Audit Dimensions'!A:A,'Audit Dimensions'!C:C,0) -> 124 | D36: =_xlfn.XLOOKUP(Table1[[#This Row],[MTP SKU Code]],'Audit Dimensions'!$A:$A,'Audit Dimensions'!D:D,0) -> 51 | E36: =_xlfn.XLOOKUP(Table1[[#This Row],[MTP SKU Code]],'Audit Dimensions'!$A:$A,'Audit Dimensions'!E:E,0) -> 11 | F36: 32000 | G36: =_xlfn.XLOOKUP(Table1[[#This Row],[MTP SKU Code]],'Audit Dimensions'!$A:$A,'Audit Dimensions'!G:G,0) -> 188 | H36: =_xlfn.XLOOKUP(Table1[[#This Row],[MTP SKU Code]],'Audit Dimensions'!$A:$A,'Audit Dimensions'!H:H,0) -> 51 | I36: =_xlfn.XLOOKUP(Table1[[#This Row],[MTP SKU Code]],'Audit Dimensions'!$A:$A,'Audit Dimensions'!I:I,0) -> 11 | J36: 43400 | K36: =_xlfn.XLOOKUP(Table1[[#This Row],[MTP SKU Code]],'Audit Dimensions'!$A:$A,'Audit Dimensions'!K:K,0) -> 0 | L36: =_xlfn.XLOOKUP(Table1[[#This Row],[MTP SKU Code]],'Audit Dimensions'!$A:$A,'Audit Dimensions'!L:L,0) -> 0 | M36: =_xlfn.XLOOKUP(Table1[[#This Row],[MTP SKU Code]],'Audit Dimensions'!$A:$A,'Audit Dimensions'!M:M,0) -> 0 | N36: =_xlfn.XLOOKUP(Table1[[#This Row],[MTP SKU Code]],'Audit Dimensions'!$A:$A,'Audit Dimensions'!N:N,0) -> 0 | O36: =((IFERROR((C36*D36*E36),0)+IFERROR((G36*H36*I36),0)+IFERROR((K36*L36*M36),0))/1000000)*35.32 -> 6.1821302 | P36: =Table1[[#This Row],[Column15]]*$P$2*1000 -> 37092.781 | Q36: =F36+J36+N36 -> 75400 | R36: =MAX(Q36,O36) -> 75400 | S36: =MAX(R36,P36) -> 75400 | T36: =VLOOKUP(A36,'[1]MTP SKUs - Master Data'!$A:$B,2,FALSE) -> Y | U36: =_xlfn.IFNA(VLOOKUP(Table1[[#This Row],[MTP SKU Code]],'Audit Dimensions'!A:N,6,FALSE),"ARC") -> 33080 | V36: =IFERROR(Table1[[#This Row],[B1.Aud]]-Table1[[#This Row],[PW(gm)]],"ERR") -> 1080 | W36: =IFERROR(Table1[[#This Row],[B1.Diff]]/Table1[[#This Row],[B1.Aud]],"ERR") -> 0.032648126 | X36: =_xlfn.IFNA(VLOOKUP(Table1[[#This Row],[MTP SKU Code]],'Audit Dimensions'!A:N,10,FALSE),"ARC") -> 46770 | Y36: =IFERROR(Table1[[#This Row],[B2.Aud]]-Table1[[#This Row],[PW(gm)5]],"ERR") -> 3370 | Z36: =IFERROR(Table1[[#This Row],[B2.Diff]]/Table1[[#This Row],[B2.Aud]],"NA") -> 0.072054736 | AA36: =_xlfn.IFNA(VLOOKUP(Table1[[#This Row],[MTP SKU Code]],'Audit Dimensions'!A:N,14,FALSE),"ARC") -> 0 | AB36: =IFERROR(Table1[[#This Row],[B3.Aud]]-Table1[[#This Row],[PW(gm)9]],"ERR") -> 0 | AC36: =IFERROR(Table1[[#This Row],[B3.Diff]]/Table1[[#This Row],[BaLL.Aud]],"ERR") -> 0 | AD36: =_xlfn.IFNA(VLOOKUP(Table1[[#This Row],[MTP SKU Code]],'Audit Dimensions'!A:U,16,FALSE),"ARC") -> 79850 | AE36: =IFERROR(1-Table1[[#This Row],[Gms]]/Table1[[#This Row],[BaLL.Aud]],"ERR") -> 0.055729493
A37: W-AND-4M | B37: MB | C37: =_xlfn.XLOOKUP(Table1[[#This Row],[MTP SKU Code]],'Audit Dimensions'!A:A,'Audit Dimensions'!C:C,0) -> 164 | D37: =_xlfn.XLOOKUP(Table1[[#This Row],[MTP SKU Code]],'Audit Dimensions'!$A:$A,'Audit Dimensions'!D:D,0) -> 51 | E37: =_xlfn.XLOOKUP(Table1[[#This Row],[MTP SKU Code]],'Audit Dimensions'!$A:$A,'Audit Dimensions'!E:E,0) -> 11 | F37: 43000 | G37: =_xlfn.XLOOKUP(Table1[[#This Row],[MTP SKU Code]],'Audit Dimensions'!$A:$A,'Audit Dimensions'!G:G,0) -> 178 | H37: =_xlfn.XLOOKUP(Table1[[#This Row],[MTP SKU Code]],'Audit Dimensions'!$A:$A,'Audit Dimensions'!H:H,0) -> 48 | I37: =_xlfn.XLOOKUP(Table1[[#This Row],[MTP SKU Code]],'Audit Dimensions'!$A:$A,'Audit Dimensions'!I:I,0) -> 12 | J37: 46000 | K37: =_xlfn.XLOOKUP(Table1[[#This Row],[MTP SKU Code]],'Audit Dimensions'!$A:$A,'Audit Dimensions'!K:K,0) -> 188 | L37: =_xlfn.XLOOKUP(Table1[[#This Row],[MTP SKU Code]],'Audit Dimensions'!$A:$A,'Audit Dimensions'!L:L,0) -> 50 | M37: =_xlfn.XLOOKUP(Table1[[#This Row],[MTP SKU Code]],'Audit Dimensions'!$A:$A,'Audit Dimensions'!M:M,0) -> 8 | N37: 43600 | O37: =((IFERROR((C37*D37*E37),0)+IFERROR((G37*H37*I37),0)+IFERROR((K37*L37*M37),0))/1000000)*35.32 -> 9.5269342 | P37: =Table1[[#This Row],[Column15]]*$P$2*1000 -> 57161.605 | Q37: =F37+J37+N37 -> 132600 | R37: =MAX(Q37,O37) -> 132600 | S37: =MAX(R37,P37) -> 132600 | T37: =VLOOKUP(A37,'[1]MTP SKUs - Master Data'!$A:$B,2,FALSE) -> Y | U37: =_xlfn.IFNA(VLOOKUP(Table1[[#This Row],[MTP SKU Code]],'Audit Dimensions'!A:N,6,FALSE),"ARC") -> 45210 | V37: =IFERROR(Table1[[#This Row],[B1.Aud]]-Table1[[#This Row],[PW(gm)]],"ERR") -> 2210 | W37: =IFERROR(Table1[[#This Row],[B1.Diff]]/Table1[[#This Row],[B1.Aud]],"ERR") -> 0.04888299 | X37: =_xlfn.IFNA(VLOOKUP(Table1[[#This Row],[MTP SKU Code]],'Audit Dimensions'!A:N,10,FALSE),"ARC") -> 49600 | Y37: =IFERROR(Table1[[#This Row],[B2.Aud]]-Table1[[#This Row],[PW(gm)5]],"ERR") -> 3600 | Z37: =IFERROR(Table1[[#This Row],[B2.Diff]]/Table1[[#This Row],[B2.Aud]],"NA") -> 0.072580645 | AA37: =_xlfn.IFNA(VLOOKUP(Table1[[#This Row],[MTP SKU Code]],'Audit Dimensions'!A:N,14,FALSE),"ARC") -> 46180 | AB37: =IFERROR(Table1[[#This Row],[B3.Aud]]-Table1[[#This Row],[PW(gm)9]],"ERR") -> 2580 | AC37: =IFERROR(Table1[[#This Row],[B3.Diff]]/Table1[[#This Row],[BaLL.Aud]],"ERR") -> 0.01829917 | AD37: =_xlfn.IFNA(VLOOKUP(Table1[[#This Row],[MTP SKU Code]],'Audit Dimensions'!A:U,16,FALSE),"ARC") -> 140990 | AE37: =IFERROR(1-Table1[[#This Row],[Gms]]/Table1[[#This Row],[BaLL.Aud]],"ERR") -> 0.059507767
A38: W-AND-10N | B38: SB | C38: =_xlfn.XLOOKUP(Table1[[#This Row],[MTP SKU Code]],'Audit Dimensions'!A:A,'Audit Dimensions'!C:C,0) -> 185 | D38: =_xlfn.XLOOKUP(Table1[[#This Row],[MTP SKU Code]],'Audit Dimensions'!$A:$A,'Audit Dimensions'!D:D,0) -> 49 | E38: =_xlfn.XLOOKUP(Table1[[#This Row],[MTP SKU Code]],'Audit Dimensions'!$A:$A,'Audit Dimensions'!E:E,0) -> 9 | F38: 42640 | G38: =_xlfn.XLOOKUP(Table1[[#This Row],[MTP SKU Code]],'Audit Dimensions'!$A:$A,'Audit Dimensions'!G:G,0) -> 0 | H38: =_xlfn.XLOOKUP(Table1[[#This Row],[MTP SKU Code]],'Audit Dimensions'!$A:$A,'Audit Dimensions'!H:H,0) -> 0 | I38: =_xlfn.XLOOKUP(Table1[[#This Row],[MTP SKU Code]],'Audit Dimensions'!$A:$A,'Audit Dimensions'!I:I,0) -> 0 | J38: =_xlfn.XLOOKUP(Table1[[#This Row],[MTP SKU Code]],'Audit Dimensions'!$A:$A,'Audit Dimensions'!J:J,0) -> 0 | K38: =_xlfn.XLOOKUP(Table1[[#This Row],[MTP SKU Code]],'Audit Dimensions'!$A:$A,'Audit Dimensions'!K:K,0) -> 0 | L38: =_xlfn.XLOOKUP(Table1[[#This Row],[MTP SKU Code]],'Audit Dimensions'!$A:$A,'Audit Dimensions'!L:L,0) -> 0 | M38: =_xlfn.XLOOKUP(Table1[[#This Row],[MTP SKU Code]],'Audit Dimensions'!$A:$A,'Audit Dimensions'!M:M,0) -> 0 | N38: =_xlfn.XLOOKUP(Table1[[#This Row],[MTP SKU Code]],'Audit Dimensions'!$A:$A,'Audit Dimensions'!N:N,0) -> 0 | O38: =((IFERROR((C38*D38*E38),0)+IFERROR((G38*H38*I38),0)+IFERROR((K38*L38*M38),0))/1000000)*35.32 -> 2.8815822 | P38: =Table1[[#This Row],[Column15]]*$P$2*1000 -> 17289.493 | Q38: =F38+J38+N38 -> 42640 | R38: =MAX(Q38,O38) -> 42640 | S38: =MAX(R38,P38) -> 42640 | T38: =VLOOKUP(A38,'[1]MTP SKUs - Master Data'!$A:$B,2,FALSE) -> Y | U38: =_xlfn.IFNA(VLOOKUP(Table1[[#This Row],[MTP SKU Code]],'Audit Dimensions'!A:N,6,FALSE),"ARC") -> 45330 | V38: =IFERROR(Table1[[#This Row],[B1.Aud]]-Table1[[#This Row],[PW(gm)]],"ERR") -> 2690 | W38: =IFERROR(Table1[[#This Row],[B1.Diff]]/Table1[[#This Row],[B1.Aud]],"ERR") -> 0.059342599 | X38: =_xlfn.IFNA(VLOOKUP(Table1[[#This Row],[MTP SKU Code]],'Audit Dimensions'!A:N,10,FALSE),"ARC") -> 0 | Y38: =IFERROR(Table1[[#This Row],[B2.Aud]]-Table1[[#This Row],[PW(gm)5]],"ERR") -> 0 | Z38: =IFERROR(Table1[[#This Row],[B2.Diff]]/Table1[[#This Row],[B2.Aud]],"NA") -> NA | AA38: =_xlfn.IFNA(VLOOKUP(Table1[[#This Row],[MTP SKU Code]],'Audit Dimensions'!A:N,14,FALSE),"ARC") -> 0 | AB38: =IFERROR(Table1[[#This Row],[B3.Aud]]-Table1[[#This Row],[PW(gm)9]],"ERR") -> 0 | AC38: =IFERROR(Table1[[#This Row],[B3.Diff]]/Table1[[#This Row],[BaLL.Aud]],"ERR") -> 0 | AD38: =_xlfn.IFNA(VLOOKUP(Table1[[#This Row],[MTP SKU Code]],'Audit Dimensions'!A:U,16,FALSE),"ARC") -> 45330 | AE38: =IFERROR(1-Table1[[#This Row],[Gms]]/Table1[[#This Row],[BaLL.Aud]],"ERR") -> 0.059342599
A39: TU-HRI | B39: SB | C39: =_xlfn.XLOOKUP(Table1[[#This Row],[MTP SKU Code]],'Audit Dimensions'!A:A,'Audit Dimensions'!C:C,0) -> 165 | D39: =_xlfn.XLOOKUP(Table1[[#This Row],[MTP SKU Code]],'Audit Dimensions'!$A:$A,'Audit Dimensions'!D:D,0) -> 39 | E39: =_xlfn.XLOOKUP(Table1[[#This Row],[MTP SKU Code]],'Audit Dimensions'!$A:$A,'Audit Dimensions'!E:E,0) -> 9 | F39: 26800 | G39: =_xlfn.XLOOKUP(Table1[[#This Row],[MTP SKU Code]],'Audit Dimensions'!$A:$A,'Audit Dimensions'!G:G,0) -> 0 | H39: =_xlfn.XLOOKUP(Table1[[#This Row],[MTP SKU Code]],'Audit Dimensions'!$A:$A,'Audit Dimensions'!H:H,0) -> 0 | I39: =_xlfn.XLOOKUP(Table1[[#This Row],[MTP SKU Code]],'Audit Dimensions'!$A:$A,'Audit Dimensions'!I:I,0) -> 0 | J39: =_xlfn.XLOOKUP(Table1[[#This Row],[MTP SKU Code]],'Audit Dimensions'!$A:$A,'Audit Dimensions'!J:J,0) -> 0 | K39: =_xlfn.XLOOKUP(Table1[[#This Row],[MTP SKU Code]],'Audit Dimensions'!$A:$A,'Audit Dimensions'!K:K,0) -> 0 | L39: =_xlfn.XLOOKUP(Table1[[#This Row],[MTP SKU Code]],'Audit Dimensions'!$A:$A,'Audit Dimensions'!L:L,0) -> 0 | M39: =_xlfn.XLOOKUP(Table1[[#This Row],[MTP SKU Code]],'Audit Dimensions'!$A:$A,'Audit Dimensions'!M:M,0) -> 0 | N39: =_xlfn.XLOOKUP(Table1[[#This Row],[MTP SKU Code]],'Audit Dimensions'!$A:$A,'Audit Dimensions'!N:N,0) -> 0 | O39: =((IFERROR((C39*D39*E39),0)+IFERROR((G39*H39*I39),0)+IFERROR((K39*L39*M39),0))/1000000)*35.32 -> 2.0455578 | P39: =Table1[[#This Row],[Column15]]*$P$2*1000 -> 12273.347 | Q39: =F39+J39+N39 -> 26800 | R39: =MAX(Q39,O39) -> 26800 | S39: =MAX(R39,P39) -> 26800 | T39: =VLOOKUP(A39,'[1]MTP SKUs - Master Data'!$A:$B,2,FALSE) -> Y | U39: =_xlfn.IFNA(VLOOKUP(Table1[[#This Row],[MTP SKU Code]],'Audit Dimensions'!A:N,6,FALSE),"ARC") -> 28100 | V39: =IFERROR(Table1[[#This Row],[B1.Aud]]-Table1[[#This Row],[PW(gm)]],"ERR") -> 1300 | W39: =IFERROR(Table1[[#This Row],[B1.Diff]]/Table1[[#This Row],[B1.Aud]],"ERR") -> 0.046263345 | X39: =_xlfn.IFNA(VLOOKUP(Table1[[#This Row],[MTP SKU Code]],'Audit Dimensions'!A:N,10,FALSE),"ARC") -> 0 | Y39: =IFERROR(Table1[[#This Row],[B2.Aud]]-Table1[[#This Row],[PW(gm)5]],"ERR") -> 0 | Z39: =IFERROR(Table1[[#This Row],[B2.Diff]]/Table1[[#This Row],[B2.Aud]],"NA") -> NA | AA39: =_xlfn.IFNA(VLOOKUP(Table1[[#This Row],[MTP SKU Code]],'Audit Dimensions'!A:N,14,FALSE),"ARC") -> 0 | AB39: =IFERROR(Table1[[#This Row],[B3.Aud]]-Table1[[#This Row],[PW(gm)9]],"ERR") -> 0 | AC39: =IFERROR(Table1[[#This Row],[B3.Diff]]/Table1[[#This Row],[BaLL.Aud]],"ERR") -> 0 | AD39: =_xlfn.IFNA(VLOOKUP(Table1[[#This Row],[MTP SKU Code]],'Audit Dimensions'!A:U,16,FALSE),"ARC") -> 28100 | AE39: =IFERROR(1-Table1[[#This Row],[Gms]]/Table1[[#This Row],[BaLL.Aud]],"ERR") -> 0.046263345
A40: PU-SNM | B40: SB | C40: =_xlfn.XLOOKUP(Table1[[#This Row],[MTP SKU Code]],'Audit Dimensions'!A:A,'Audit Dimensions'!C:C,0) -> 79 | D40: =_xlfn.XLOOKUP(Table1[[#This Row],[MTP SKU Code]],'Audit Dimensions'!$A:$A,'Audit Dimensions'!D:D,0) -> 48 | E40: =_xlfn.XLOOKUP(Table1[[#This Row],[MTP SKU Code]],'Audit Dimensions'!$A:$A,'Audit Dimensions'!E:E,0) -> 23 | F40: 40200 | G40: =_xlfn.XLOOKUP(Table1[[#This Row],[MTP SKU Code]],'Audit Dimensions'!$A:$A,'Audit Dimensions'!G:G,0) -> 0 | H40: =_xlfn.XLOOKUP(Table1[[#This Row],[MTP SKU Code]],'Audit Dimensions'!$A:$A,'Audit Dimensions'!H:H,0) -> 0 | I40: =_xlfn.XLOOKUP(Table1[[#This Row],[MTP SKU Code]],'Audit Dimensions'!$A:$A,'Audit Dimensions'!I:I,0) -> 0 | J40: =_xlfn.XLOOKUP(Table1[[#This Row],[MTP SKU Code]],'Audit Dimensions'!$A:$A,'Audit Dimensions'!J:J,0) -> 0 | K40: =_xlfn.XLOOKUP(Table1[[#This Row],[MTP SKU Code]],'Audit Dimensions'!$A:$A,'Audit Dimensions'!K:K,0) -> 0 | L40: =_xlfn.XLOOKUP(Table1[[#This Row],[MTP SKU Code]],'Audit Dimensions'!$A:$A,'Audit Dimensions'!L:L,0) -> 0 | M40: =_xlfn.XLOOKUP(Table1[[#This Row],[MTP SKU Code]],'Audit Dimensions'!$A:$A,'Audit Dimensions'!M:M,0) -> 0 | N40: =_xlfn.XLOOKUP(Table1[[#This Row],[MTP SKU Code]],'Audit Dimensions'!$A:$A,'Audit Dimensions'!N:N,0) -> 0 | O40: =((IFERROR((C40*D40*E40),0)+IFERROR((G40*H40*I40),0)+IFERROR((K40*L40*M40),0))/1000000)*35.32 -> 3.0804691 | P40: =Table1[[#This Row],[Column15]]*$P$2*1000 -> 18482.815 | Q40: =F40+J40+N40 -> 40200 | R40: =MAX(Q40,O40) -> 40200 | S40: =MAX(R40,P40) -> 40200 | T40: =VLOOKUP(A40,'[1]MTP SKUs - Master Data'!$A:$B,2,FALSE) -> Y | U40: =_xlfn.IFNA(VLOOKUP(Table1[[#This Row],[MTP SKU Code]],'Audit Dimensions'!A:N,6,FALSE),"ARC") -> 42170 | V40: =IFERROR(Table1[[#This Row],[B1.Aud]]-Table1[[#This Row],[PW(gm)]],"ERR") -> 1970 | W40: =IFERROR(Table1[[#This Row],[B1.Diff]]/Table1[[#This Row],[B1.Aud]],"ERR") -> 0.046715675 | X40: =_xlfn.IFNA(VLOOKUP(Table1[[#This Row],[MTP SKU Code]],'Audit Dimensions'!A:N,10,FALSE),"ARC") -> 0 | Y40: =IFERROR(Table1[[#This Row],[B2.Aud]]-Table1[[#This Row],[PW(gm)5]],"ERR") -> 0 | Z40: =IFERROR(Table1[[#This Row],[B2.Diff]]/Table1[[#This Row],[B2.Aud]],"NA") -> NA | AA40: =_xlfn.IFNA(VLOOKUP(Table1[[#This Row],[MTP SKU Code]],'Audit Dimensions'!A:N,14,FALSE),"ARC") -> 0 | AB40: =IFERROR(Table1[[#This Row],[B3.Aud]]-Table1[[#This Row],[PW(gm)9]],"ERR") -> 0 | AC40: =IFERROR(Table1[[#This Row],[B3.Diff]]/Table1[[#This Row],[BaLL.Aud]],"ERR") -> 0 | AD40: =_xlfn.IFNA(VLOOKUP(Table1[[#This Row],[MTP SKU Code]],'Audit Dimensions'!A:U,16,FALSE),"ARC") -> 42170 | AE40: =IFERROR(1-Table1[[#This Row],[Gms]]/Table1[[#This Row],[BaLL.Aud]],"ERR") -> 0.046715675
A41: W-MLT-M | B41: SB | C41: =_xlfn.XLOOKUP(Table1[[#This Row],[MTP SKU Code]],'Audit Dimensions'!A:A,'Audit Dimensions'!C:C,0) -> 183 | D41: =_xlfn.XLOOKUP(Table1[[#This Row],[MTP SKU Code]],'Audit Dimensions'!$A:$A,'Audit Dimensions'!D:D,0) -> 47 | E41: =_xlfn.XLOOKUP(Table1[[#This Row],[MTP SKU Code]],'Audit Dimensions'!$A:$A,'Audit Dimensions'!E:E,0) -> 12 | F41: 48500 | G41: =_xlfn.XLOOKUP(Table1[[#This Row],[MTP SKU Code]],'Audit Dimensions'!$A:$A,'Audit Dimensions'!G:G,0) -> 0 | H41: =_xlfn.XLOOKUP(Table1[[#This Row],[MTP SKU Code]],'Audit Dimensions'!$A:$A,'Audit Dimensions'!H:H,0) -> 0 | I41: =_xlfn.XLOOKUP(Table1[[#This Row],[MTP SKU Code]],'Audit Dimensions'!$A:$A,'Audit Dimensions'!I:I,0) -> 0 | J41: =_xlfn.XLOOKUP(Table1[[#This Row],[MTP SKU Code]],'Audit Dimensions'!$A:$A,'Audit Dimensions'!J:J,0) -> 0 | K41: =_xlfn.XLOOKUP(Table1[[#This Row],[MTP SKU Code]],'Audit Dimensions'!$A:$A,'Audit Dimensions'!K:K,0) -> 0 | L41: =_xlfn.XLOOKUP(Table1[[#This Row],[MTP SKU Code]],'Audit Dimensions'!$A:$A,'Audit Dimensions'!L:L,0) -> 0 | M41: =_xlfn.XLOOKUP(Table1[[#This Row],[MTP SKU Code]],'Audit Dimensions'!$A:$A,'Audit Dimensions'!M:M,0) -> 0 | N41: =_xlfn.XLOOKUP(Table1[[#This Row],[MTP SKU Code]],'Audit Dimensions'!$A:$A,'Audit Dimensions'!N:N,0) -> 0 | O41: =((IFERROR((C41*D41*E41),0)+IFERROR((G41*H41*I41),0)+IFERROR((K41*L41*M41),0))/1000000)*35.32 -> 3.6454478 | P41: =Table1[[#This Row],[Column15]]*$P$2*1000 -> 21872.687 | Q41: =F41+J41+N41 -> 48500 | R41: =MAX(Q41,O41) -> 48500 | S41: =MAX(R41,P41) -> 48500 | T41: =VLOOKUP(A41,'[1]MTP SKUs - Master Data'!$A:$B,2,FALSE) -> Y | U41: =_xlfn.IFNA(VLOOKUP(Table1[[#This Row],[MTP SKU Code]],'Audit Dimensions'!A:N,6,FALSE),"ARC") -> 50670 | V41: =IFERROR(Table1[[#This Row],[B1.Aud]]-Table1[[#This Row],[PW(gm)]],"ERR") -> 2170 | W41: =IFERROR(Table1[[#This Row],[B1.Diff]]/Table1[[#This Row],[B1.Aud]],"ERR") -> 0.04282613 | X41: =_xlfn.IFNA(VLOOKUP(Table1[[#This Row],[MTP SKU Code]],'Audit Dimensions'!A:N,10,FALSE),"ARC") -> 0 | Y41: =IFERROR(Table1[[#This Row],[B2.Aud]]-Table1[[#This Row],[PW(gm)5]],"ERR") -> 0 | Z41: =IFERROR(Table1[[#This Row],[B2.Diff]]/Table1[[#This Row],[B2.Aud]],"NA") -> NA | AA41: =_xlfn.IFNA(VLOOKUP(Table1[[#This Row],[MTP SKU Code]],'Audit Dimensions'!A:N,14,FALSE),"ARC") -> 0 | AB41: =IFERROR(Table1[[#This Row],[B3.Aud]]-Table1[[#This Row],[PW(gm)9]],"ERR") -> 0 | AC41: =IFERROR(Table1[[#This Row],[B3.Diff]]/Table1[[#This Row],[BaLL.Aud]],"ERR") -> 0 | AD41: =_xlfn.IFNA(VLOOKUP(Table1[[#This Row],[MTP SKU Code]],'Audit Dimensions'!A:U,16,FALSE),"ARC") -> 50670 | AE41: =IFERROR(1-Table1[[#This Row],[Gms]]/Table1[[#This Row],[BaLL.Aud]],"ERR") -> 0.04282613
A42: TU-OLA | B42: SB | C42: =_xlfn.XLOOKUP(Table1[[#This Row],[MTP SKU Code]],'Audit Dimensions'!A:A,'Audit Dimensions'!C:C,0) -> 110 | D42: =_xlfn.XLOOKUP(Table1[[#This Row],[MTP SKU Code]],'Audit Dimensions'!$A:$A,'Audit Dimensions'!D:D,0) -> 31 | E42: =_xlfn.XLOOKUP(Table1[[#This Row],[MTP SKU Code]],'Audit Dimensions'!$A:$A,'Audit Dimensions'!E:E,0) -> 17 | F42: 27200 | G42: =_xlfn.XLOOKUP(Table1[[#This Row],[MTP SKU Code]],'Audit Dimensions'!$A:$A,'Audit Dimensions'!G:G,0) -> 0 | H42: =_xlfn.XLOOKUP(Table1[[#This Row],[MTP SKU Code]],'Audit Dimensions'!$A:$A,'Audit Dimensions'!H:H,0) -> 0 | I42: =_xlfn.XLOOKUP(Table1[[#This Row],[MTP SKU Code]],'Audit Dimensions'!$A:$A,'Audit Dimensions'!I:I,0) -> 0 | J42: =_xlfn.XLOOKUP(Table1[[#This Row],[MTP SKU Code]],'Audit Dimensions'!$A:$A,'Audit Dimensions'!J:J,0) -> 0 | K42: =_xlfn.XLOOKUP(Table1[[#This Row],[MTP SKU Code]],'Audit Dimensions'!$A:$A,'Audit Dimensions'!K:K,0) -> 0 | L42: =_xlfn.XLOOKUP(Table1[[#This Row],[MTP SKU Code]],'Audit Dimensions'!$A:$A,'Audit Dimensions'!L:L,0) -> 0 | M42: =_xlfn.XLOOKUP(Table1[[#This Row],[MTP SKU Code]],'Audit Dimensions'!$A:$A,'Audit Dimensions'!M:M,0) -> 0 | N42: =_xlfn.XLOOKUP(Table1[[#This Row],[MTP SKU Code]],'Audit Dimensions'!$A:$A,'Audit Dimensions'!N:N,0) -> 0 | O42: =((IFERROR((C42*D42*E42),0)+IFERROR((G42*H42*I42),0)+IFERROR((K42*L42*M42),0))/1000000)*35.32 -> 2.0475004 | P42: =Table1[[#This Row],[Column15]]*$P$2*1000 -> 12285.002 | Q42: =F42+J42+N42 -> 27200 | R42: =MAX(Q42,O42) -> 27200 | S42: =MAX(R42,P42) -> 27200 | T42: =VLOOKUP(A42,'[1]MTP SKUs - Master Data'!$A:$B,2,FALSE) -> Y | U42: =_xlfn.IFNA(VLOOKUP(Table1[[#This Row],[MTP SKU Code]],'Audit Dimensions'!A:N,6,FALSE),"ARC") -> 29220 | V42: =IFERROR(Table1[[#This Row],[B1.Aud]]-Table1[[#This Row],[PW(gm)]],"ERR") -> 2020 | W42: =IFERROR(Table1[[#This Row],[B1.Diff]]/Table1[[#This Row],[B1.Aud]],"ERR") -> 0.069130732 | X42: =_xlfn.IFNA(VLOOKUP(Table1[[#This Row],[MTP SKU Code]],'Audit Dimensions'!A:N,10,FALSE),"ARC") -> 0 | Y42: =IFERROR(Table1[[#This Row],[B2.Aud]]-Table1[[#This Row],[PW(gm)5]],"ERR") -> 0 | Z42: =IFERROR(Table1[[#This Row],[B2.Diff]]/Table1[[#This Row],[B2.Aud]],"NA") -> NA | AA42: =_xlfn.IFNA(VLOOKUP(Table1[[#This Row],[MTP SKU Code]],'Audit Dimensions'!A:N,14,FALSE),"ARC") -> 0 | AB42: =IFERROR(Table1[[#This Row],[B3.Aud]]-Table1[[#This Row],[PW(gm)9]],"ERR") -> 0 | AC42: =IFERROR(Table1[[#This Row],[B3.Diff]]/Table1[[#This Row],[BaLL.Aud]],"ERR") -> 0 | AD42: =_xlfn.IFNA(VLOOKUP(Table1[[#This Row],[MTP SKU Code]],'Audit Dimensions'!A:U,16,FALSE),"ARC") -> 29220 | AE42: =IFERROR(1-Table1[[#This Row],[Gms]]/Table1[[#This Row],[BaLL.Aud]],"ERR") -> 0.069130732
A43: TU-BVN | B43: SB | C43: =_xlfn.XLOOKUP(Table1[[#This Row],[MTP SKU Code]],'Audit Dimensions'!A:A,'Audit Dimensions'!C:C,0) -> 125 | D43: =_xlfn.XLOOKUP(Table1[[#This Row],[MTP SKU Code]],'Audit Dimensions'!$A:$A,'Audit Dimensions'!D:D,0) -> 44 | E43: =_xlfn.XLOOKUP(Table1[[#This Row],[MTP SKU Code]],'Audit Dimensions'!$A:$A,'Audit Dimensions'!E:E,0) -> 10 | F43: 27400 | G43: =_xlfn.XLOOKUP(Table1[[#This Row],[MTP SKU Code]],'Audit Dimensions'!$A:$A,'Audit Dimensions'!G:G,0) -> 0 | H43: =_xlfn.XLOOKUP(Table1[[#This Row],[MTP SKU Code]],'Audit Dimensions'!$A:$A,'Audit Dimensions'!H:H,0) -> 0 | I43: =_xlfn.XLOOKUP(Table1[[#This Row],[MTP SKU Code]],'Audit Dimensions'!$A:$A,'Audit Dimensions'!I:I,0) -> 0 | J43: =_xlfn.XLOOKUP(Table1[[#This Row],[MTP SKU Code]],'Audit Dimensions'!$A:$A,'Audit Dimensions'!J:J,0) -> 0 | K43: =_xlfn.XLOOKUP(Table1[[#This Row],[MTP SKU Code]],'Audit Dimensions'!$A:$A,'Audit Dimensions'!K:K,0) -> 0 | L43: =_xlfn.XLOOKUP(Table1[[#This Row],[MTP SKU Code]],'Audit Dimensions'!$A:$A,'Audit Dimensions'!L:L,0) -> 0 | M43: =_xlfn.XLOOKUP(Table1[[#This Row],[MTP SKU Code]],'Audit Dimensions'!$A:$A,'Audit Dimensions'!M:M,0) -> 0 | N43: =_xlfn.XLOOKUP(Table1[[#This Row],[MTP SKU Code]],'Audit Dimensions'!$A:$A,'Audit Dimensions'!N:N,0) -> 0 | O43: =((IFERROR((C43*D43*E43),0)+IFERROR((G43*H43*I43),0)+IFERROR((K43*L43*M43),0))/1000000)*35.32 -> 1.9426 | P43: =Table1[[#This Row],[Column15]]*$P$2*1000 -> 11655.6 | Q43: =F43+J43+N43 -> 27400 | R43: =MAX(Q43,O43) -> 27400 | S43: =MAX(R43,P43) -> 27400 | T43: =VLOOKUP(A43,'[1]MTP SKUs - Master Data'!$A:$B,2,FALSE) -> Y | U43: =_xlfn.IFNA(VLOOKUP(Table1[[#This Row],[MTP SKU Code]],'Audit Dimensions'!A:N,6,FALSE),"ARC") -> 29160 | V43: =IFERROR(Table1[[#This Row],[B1.Aud]]-Table1[[#This Row],[PW(gm)]],"ERR") -> 1760 | W43: =IFERROR(Table1[[#This Row],[B1.Diff]]/Table1[[#This Row],[B1.Aud]],"ERR") -> 0.060356653 | X43: =_xlfn.IFNA(VLOOKUP(Table1[[#This Row],[MTP SKU Code]],'Audit Dimensions'!A:N,10,FALSE),"ARC") -> 0 | Y43: =IFERROR(Table1[[#This Row],[B2.Aud]]-Table1[[#This Row],[PW(gm)5]],"ERR") -> 0 | Z43: =IFERROR(Table1[[#This Row],[B2.Diff]]/Table1[[#This Row],[B2.Aud]],"NA") -> NA | AA43: =_xlfn.IFNA(VLOOKUP(Table1[[#This Row],[MTP SKU Code]],'Audit Dimensions'!A:N,14,FALSE),"ARC") -> 0 | AB43: =IFERROR(Table1[[#This Row],[B3.Aud]]-Table1[[#This Row],[PW(gm)9]],"ERR") -> 0 | AC43: =IFERROR(Table1[[#This Row],[B3.Diff]]/Table1[[#This Row],[BaLL.Aud]],"ERR") -> 0 | AD43: =_xlfn.IFNA(VLOOKUP(Table1[[#This Row],[MTP SKU Code]],'Audit Dimensions'!A:U,16,FALSE),"ARC") -> 29160 | AE43: =IFERROR(1-Table1[[#This Row],[Gms]]/Table1[[#This Row],[BaLL.Aud]],"ERR") -> 0.060356653
A44: ST-RDO-ST | B44: SB | C44: =_xlfn.XLOOKUP(Table1[[#This Row],[MTP SKU Code]],'Audit Dimensions'!A:A,'Audit Dimensions'!C:C,0) -> 88 | D44: =_xlfn.XLOOKUP(Table1[[#This Row],[MTP SKU Code]],'Audit Dimensions'!$A:$A,'Audit Dimensions'!D:D,0) -> 45 | E44: =_xlfn.XLOOKUP(Table1[[#This Row],[MTP SKU Code]],'Audit Dimensions'!$A:$A,'Audit Dimensions'!E:E,0) -> 10 | F44: 13850 | G44: =_xlfn.XLOOKUP(Table1[[#This Row],[MTP SKU Code]],'Audit Dimensions'!$A:$A,'Audit Dimensions'!G:G,0) -> 0 | H44: =_xlfn.XLOOKUP(Table1[[#This Row],[MTP SKU Code]],'Audit Dimensions'!$A:$A,'Audit Dimensions'!H:H,0) -> 0 | I44: =_xlfn.XLOOKUP(Table1[[#This Row],[MTP SKU Code]],'Audit Dimensions'!$A:$A,'Audit Dimensions'!I:I,0) -> 0 | J44: =_xlfn.XLOOKUP(Table1[[#This Row],[MTP SKU Code]],'Audit Dimensions'!$A:$A,'Audit Dimensions'!J:J,0) -> 0 | K44: =_xlfn.XLOOKUP(Table1[[#This Row],[MTP SKU Code]],'Audit Dimensions'!$A:$A,'Audit Dimensions'!K:K,0) -> 0 | L44: =_xlfn.XLOOKUP(Table1[[#This Row],[MTP SKU Code]],'Audit Dimensions'!$A:$A,'Audit Dimensions'!L:L,0) -> 0 | M44: =_xlfn.XLOOKUP(Table1[[#This Row],[MTP SKU Code]],'Audit Dimensions'!$A:$A,'Audit Dimensions'!M:M,0) -> 0 | N44: =_xlfn.XLOOKUP(Table1[[#This Row],[MTP SKU Code]],'Audit Dimensions'!$A:$A,'Audit Dimensions'!N:N,0) -> 0 | O44: =((IFERROR((C44*D44*E44),0)+IFERROR((G44*H44*I44),0)+IFERROR((K44*L44*M44),0))/1000000)*35.32 -> 1.398672 | P44: =Table1[[#This Row],[Column15]]*$P$2*1000 -> 8392.032 | Q44: =F44+J44+N44 -> 13850 | R44: =MAX(Q44,O44) -> 13850 | S44: =MAX(R44,P44) -> 13850 | T44: =VLOOKUP(A44,'[1]MTP SKUs - Master Data'!$A:$B,2,FALSE) -> Y | U44: =_xlfn.IFNA(VLOOKUP(Table1[[#This Row],[MTP SKU Code]],'Audit Dimensions'!A:N,6,FALSE),"ARC") -> 13970 | V44: =IFERROR(Table1[[#This Row],[B1.Aud]]-Table1[[#This Row],[PW(gm)]],"ERR") -> 120 | W44: =IFERROR(Table1[[#This Row],[B1.Diff]]/Table1[[#This Row],[B1.Aud]],"ERR") -> 0.0085898354 | X44: =_xlfn.IFNA(VLOOKUP(Table1[[#This Row],[MTP SKU Code]],'Audit Dimensions'!A:N,10,FALSE),"ARC") -> 0 | Y44: =IFERROR(Table1[[#This Row],[B2.Aud]]-Table1[[#This Row],[PW(gm)5]],"ERR") -> 0 | Z44: =IFERROR(Table1[[#This Row],[B2.Diff]]/Table1[[#This Row],[B2.Aud]],"NA") -> NA | AA44: =_xlfn.IFNA(VLOOKUP(Table1[[#This Row],[MTP SKU Code]],'Audit Dimensions'!A:N,14,FALSE),"ARC") -> 0 | AB44: =IFERROR(Table1[[#This Row],[B3.Aud]]-Table1[[#This Row],[PW(gm)9]],"ERR") -> 0 | AC44: =IFERROR(Table1[[#This Row],[B3.Diff]]/Table1[[#This Row],[BaLL.Aud]],"ERR") -> 0 | AD44: =_xlfn.IFNA(VLOOKUP(Table1[[#This Row],[MTP SKU Code]],'Audit Dimensions'!A:U,16,FALSE),"ARC") -> 13970 | AE44: =IFERROR(1-Table1[[#This Row],[Gms]]/Table1[[#This Row],[BaLL.Aud]],"ERR") -> 0.0085898354
A45: W-BNO | B45: SB | C45: =_xlfn.XLOOKUP(Table1[[#This Row],[MTP SKU Code]],'Audit Dimensions'!A:A,'Audit Dimensions'!C:C,0) -> 151 | D45: =_xlfn.XLOOKUP(Table1[[#This Row],[MTP SKU Code]],'Audit Dimensions'!$A:$A,'Audit Dimensions'!D:D,0) -> 48 | E45: =_xlfn.XLOOKUP(Table1[[#This Row],[MTP SKU Code]],'Audit Dimensions'!$A:$A,'Audit Dimensions'!E:E,0) -> 12 | F45: 37600 | G45: =_xlfn.XLOOKUP(Table1[[#This Row],[MTP SKU Code]],'Audit Dimensions'!$A:$A,'Audit Dimensions'!G:G,0) -> 0 | H45: =_xlfn.XLOOKUP(Table1[[#This Row],[MTP SKU Code]],'Audit Dimensions'!$A:$A,'Audit Dimensions'!H:H,0) -> 0 | I45: =_xlfn.XLOOKUP(Table1[[#This Row],[MTP SKU Code]],'Audit Dimensions'!$A:$A,'Audit Dimensions'!I:I,0) -> 0 | J45: =_xlfn.XLOOKUP(Table1[[#This Row],[MTP SKU Code]],'Audit Dimensions'!$A:$A,'Audit Dimensions'!J:J,0) -> 0 | K45: =_xlfn.XLOOKUP(Table1[[#This Row],[MTP SKU Code]],'Audit Dimensions'!$A:$A,'Audit Dimensions'!K:K,0) -> 0 | L45: =_xlfn.XLOOKUP(Table1[[#This Row],[MTP SKU Code]],'Audit Dimensions'!$A:$A,'Audit Dimensions'!L:L,0) -> 0 | M45: =_xlfn.XLOOKUP(Table1[[#This Row],[MTP SKU Code]],'Audit Dimensions'!$A:$A,'Audit Dimensions'!M:M,0) -> 0 | N45: =_xlfn.XLOOKUP(Table1[[#This Row],[MTP SKU Code]],'Audit Dimensions'!$A:$A,'Audit Dimensions'!N:N,0) -> 0 | O45: =((IFERROR((C45*D45*E45),0)+IFERROR((G45*H45*I45),0)+IFERROR((K45*L45*M45),0))/1000000)*35.32 -> 3.0719923 | P45: =Table1[[#This Row],[Column15]]*$P$2*1000 -> 18431.954 | Q45: =F45+J45+N45 -> 37600 | R45: =MAX(Q45,O45) -> 37600 | S45: =MAX(R45,P45) -> 37600 | T45: =VLOOKUP(A45,'[1]MTP SKUs - Master Data'!$A:$B,2,FALSE) -> Y | U45: =_xlfn.IFNA(VLOOKUP(Table1[[#This Row],[MTP SKU Code]],'Audit Dimensions'!A:N,6,FALSE),"ARC") -> 39980 | V45: =IFERROR(Table1[[#This Row],[B1.Aud]]-Table1[[#This Row],[PW(gm)]],"ERR") -> 2380 | W45: =IFERROR(Table1[[#This Row],[B1.Diff]]/Table1[[#This Row],[B1.Aud]],"ERR") -> 0.059529765 | X45: =_xlfn.IFNA(VLOOKUP(Table1[[#This Row],[MTP SKU Code]],'Audit Dimensions'!A:N,10,FALSE),"ARC") -> 0 | Y45: =IFERROR(Table1[[#This Row],[B2.Aud]]-Table1[[#This Row],[PW(gm)5]],"ERR") -> 0 | Z45: =IFERROR(Table1[[#This Row],[B2.Diff]]/Table1[[#This Row],[B2.Aud]],"NA") -> NA | AA45: =_xlfn.IFNA(VLOOKUP(Table1[[#This Row],[MTP SKU Code]],'Audit Dimensions'!A:N,14,FALSE),"ARC") -> 0 | AB45: =IFERROR(Table1[[#This Row],[B3.Aud]]-Table1[[#This Row],[PW(gm)9]],"ERR") -> 0 | AC45: =IFERROR(Table1[[#This Row],[B3.Diff]]/Table1[[#This Row],[BaLL.Aud]],"ERR") -> 0 | AD45: =_xlfn.IFNA(VLOOKUP(Table1[[#This Row],[MTP SKU Code]],'Audit Dimensions'!A:U,16,FALSE),"ARC") -> 39980 | AE45: =IFERROR(1-Table1[[#This Row],[Gms]]/Table1[[#This Row],[BaLL.Aud]],"ERR") -> 0.059529765
A46: SB-AXA-4 | B46: SB | C46: =_xlfn.XLOOKUP(Table1[[#This Row],[MTP SKU Code]],'Audit Dimensions'!A:A,'Audit Dimensions'!C:C,0) -> 160 | D46: =_xlfn.XLOOKUP(Table1[[#This Row],[MTP SKU Code]],'Audit Dimensions'!$A:$A,'Audit Dimensions'!D:D,0) -> 34 | E46: =_xlfn.XLOOKUP(Table1[[#This Row],[MTP SKU Code]],'Audit Dimensions'!$A:$A,'Audit Dimensions'!E:E,0) -> 10 | F46: 24500 | G46: =_xlfn.XLOOKUP(Table1[[#This Row],[MTP SKU Code]],'Audit Dimensions'!$A:$A,'Audit Dimensions'!G:G,0) -> 0 | H46: =_xlfn.XLOOKUP(Table1[[#This Row],[MTP SKU Code]],'Audit Dimensions'!$A:$A,'Audit Dimensions'!H:H,0) -> 0 | I46: =_xlfn.XLOOKUP(Table1[[#This Row],[MTP SKU Code]],'Audit Dimensions'!$A:$A,'Audit Dimensions'!I:I,0) -> 0 | J46: =_xlfn.XLOOKUP(Table1[[#This Row],[MTP SKU Code]],'Audit Dimensions'!$A:$A,'Audit Dimensions'!J:J,0) -> 0 | K46: =_xlfn.XLOOKUP(Table1[[#This Row],[MTP SKU Code]],'Audit Dimensions'!$A:$A,'Audit Dimensions'!K:K,0) -> 0 | L46: =_xlfn.XLOOKUP(Table1[[#This Row],[MTP SKU Code]],'Audit Dimensions'!$A:$A,'Audit Dimensions'!L:L,0) -> 0 | M46: =_xlfn.XLOOKUP(Table1[[#This Row],[MTP SKU Code]],'Audit Dimensions'!$A:$A,'Audit Dimensions'!M:M,0) -> 0 | N46: =_xlfn.XLOOKUP(Table1[[#This Row],[MTP SKU Code]],'Audit Dimensions'!$A:$A,'Audit Dimensions'!N:N,0) -> 0 | O46: =((IFERROR((C46*D46*E46),0)+IFERROR((G46*H46*I46),0)+IFERROR((K46*L46*M46),0))/1000000)*35.32 -> 1.921408 | P46: =Table1[[#This Row],[Column15]]*$P$2*1000 -> 11528.448 | Q46: =F46+J46+N46 -> 24500 | R46: =MAX(Q46,O46) -> 24500 | S46: =MAX(R46,P46) -> 24500 | T46: =VLOOKUP(A46,'[1]MTP SKUs - Master Data'!$A:$B,2,FALSE) -> Y | U46: =_xlfn.IFNA(VLOOKUP(Table1[[#This Row],[MTP SKU Code]],'Audit Dimensions'!A:N,6,FALSE),"ARC") -> 26000 | V46: =IFERROR(Table1[[#This Row],[B1.Aud]]-Table1[[#This Row],[PW(gm)]],"ERR") -> 1500 | W46: =IFERROR(Table1[[#This Row],[B1.Diff]]/Table1[[#This Row],[B1.Aud]],"ERR") -> 0.057692308 | X46: =_xlfn.IFNA(VLOOKUP(Table1[[#This Row],[MTP SKU Code]],'Audit Dimensions'!A:N,10,FALSE),"ARC") -> 0 | Y46: =IFERROR(Table1[[#This Row],[B2.Aud]]-Table1[[#This Row],[PW(gm)5]],"ERR") -> 0 | Z46: =IFERROR(Table1[[#This Row],[B2.Diff]]/Table1[[#This Row],[B2.Aud]],"NA") -> NA | AA46: =_xlfn.IFNA(VLOOKUP(Table1[[#This Row],[MTP SKU Code]],'Audit Dimensions'!A:N,14,FALSE),"ARC") -> 0 | AB46: =IFERROR(Table1[[#This Row],[B3.Aud]]-Table1[[#This Row],[PW(gm)9]],"ERR") -> 0 | AC46: =IFERROR(Table1[[#This Row],[B3.Diff]]/Table1[[#This Row],[BaLL.Aud]],"ERR") -> 0 | AD46: =_xlfn.IFNA(VLOOKUP(Table1[[#This Row],[MTP SKU Code]],'Audit Dimensions'!A:U,16,FALSE),"ARC") -> 26000 | AE46: =IFERROR(1-Table1[[#This Row],[Gms]]/Table1[[#This Row],[BaLL.Aud]],"ERR") -> 0.057692308
A47: ST-WLD | B47: SB | C47: =_xlfn.XLOOKUP(Table1[[#This Row],[MTP SKU Code]],'Audit Dimensions'!A:A,'Audit Dimensions'!C:C,0) -> 126 | D47: =_xlfn.XLOOKUP(Table1[[#This Row],[MTP SKU Code]],'Audit Dimensions'!$A:$A,'Audit Dimensions'!D:D,0) -> 68 | E47: =_xlfn.XLOOKUP(Table1[[#This Row],[MTP SKU Code]],'Audit Dimensions'!$A:$A,'Audit Dimensions'!E:E,0) -> 11 | F47: 46400 | G47: =_xlfn.XLOOKUP(Table1[[#This Row],[MTP SKU Code]],'Audit Dimensions'!$A:$A,'Audit Dimensions'!G:G,0) -> 0 | H47: =_xlfn.XLOOKUP(Table1[[#This Row],[MTP SKU Code]],'Audit Dimensions'!$A:$A,'Audit Dimensions'!H:H,0) -> 0 | I47: =_xlfn.XLOOKUP(Table1[[#This Row],[MTP SKU Code]],'Audit Dimensions'!$A:$A,'Audit Dimensions'!I:I,0) -> 0 | J47: =_xlfn.XLOOKUP(Table1[[#This Row],[MTP SKU Code]],'Audit Dimensions'!$A:$A,'Audit Dimensions'!J:J,0) -> 0 | K47: =_xlfn.XLOOKUP(Table1[[#This Row],[MTP SKU Code]],'Audit Dimensions'!$A:$A,'Audit Dimensions'!K:K,0) -> 0 | L47: =_xlfn.XLOOKUP(Table1[[#This Row],[MTP SKU Code]],'Audit Dimensions'!$A:$A,'Audit Dimensions'!L:L,0) -> 0 | M47: =_xlfn.XLOOKUP(Table1[[#This Row],[MTP SKU Code]],'Audit Dimensions'!$A:$A,'Audit Dimensions'!M:M,0) -> 0 | N47: =_xlfn.XLOOKUP(Table1[[#This Row],[MTP SKU Code]],'Audit Dimensions'!$A:$A,'Audit Dimensions'!N:N,0) -> 0 | O47: =((IFERROR((C47*D47*E47),0)+IFERROR((G47*H47*I47),0)+IFERROR((K47*L47*M47),0))/1000000)*35.32 -> 3.3288394 | P47: =Table1[[#This Row],[Column15]]*$P$2*1000 -> 19973.036 | Q47: =F47+J47+N47 -> 46400 | R47: =MAX(Q47,O47) -> 46400 | S47: =MAX(R47,P47) -> 46400 | T47: =VLOOKUP(A47,'[1]MTP SKUs - Master Data'!$A:$B,2,FALSE) -> RL | U47: =_xlfn.IFNA(VLOOKUP(Table1[[#This Row],[MTP SKU Code]],'Audit Dimensions'!A:N,6,FALSE),"ARC") -> 49600 | V47: =IFERROR(Table1[[#This Row],[B1.Aud]]-Table1[[#This Row],[PW(gm)]],"ERR") -> 3200 | W47: =IFERROR(Table1[[#This Row],[B1.Diff]]/Table1[[#This Row],[B1.Aud]],"ERR") -> 0.064516129 | X47: =_xlfn.IFNA(VLOOKUP(Table1[[#This Row],[MTP SKU Code]],'Audit Dimensions'!A:N,10,FALSE),"ARC") -> 0 | Y47: =IFERROR(Table1[[#This Row],[B2.Aud]]-Table1[[#This Row],[PW(gm)5]],"ERR") -> 0 | Z47: =IFERROR(Table1[[#This Row],[B2.Diff]]/Table1[[#This Row],[B2.Aud]],"NA") -> NA | AA47: =_xlfn.IFNA(VLOOKUP(Table1[[#This Row],[MTP SKU Code]],'Audit Dimensions'!A:N,14,FALSE),"ARC") -> 0 | AB47: =IFERROR(Table1[[#This Row],[B3.Aud]]-Table1[[#This Row],[PW(gm)9]],"ERR") -> 0 | AC47: =IFERROR(Table1[[#This Row],[B3.Diff]]/Table1[[#This Row],[BaLL.Aud]],"ERR") -> 0 | AD47: =_xlfn.IFNA(VLOOKUP(Table1[[#This Row],[MTP SKU Code]],'Audit Dimensions'!A:U,16,FALSE),"ARC") -> 49600 | AE47: =IFERROR(1-Table1[[#This Row],[Gms]]/Table1[[#This Row],[BaLL.Aud]],"ERR") -> 0.064516129
A48: B-POL-QT | B48: MB | C48: =_xlfn.XLOOKUP(Table1[[#This Row],[MTP SKU Code]],'Audit Dimensions'!A:A,'Audit Dimensions'!C:C,0) -> 206 | D48: =_xlfn.XLOOKUP(Table1[[#This Row],[MTP SKU Code]],'Audit Dimensions'!$A:$A,'Audit Dimensions'!D:D,0) -> 44 | E48: =_xlfn.XLOOKUP(Table1[[#This Row],[MTP SKU Code]],'Audit Dimensions'!$A:$A,'Audit Dimensions'!E:E,0) -> 7 | F48: 32800 | G48: =_xlfn.XLOOKUP(Table1[[#This Row],[MTP SKU Code]],'Audit Dimensions'!$A:$A,'Audit Dimensions'!G:G,0) -> 167 | H48: =_xlfn.XLOOKUP(Table1[[#This Row],[MTP SKU Code]],'Audit Dimensions'!$A:$A,'Audit Dimensions'!H:H,0) -> 40 | I48: =_xlfn.XLOOKUP(Table1[[#This Row],[MTP SKU Code]],'Audit Dimensions'!$A:$A,'Audit Dimensions'!I:I,0) -> 8 | J48: 19100 | K48: =_xlfn.XLOOKUP(Table1[[#This Row],[MTP SKU Code]],'Audit Dimensions'!$A:$A,'Audit Dimensions'!K:K,0) -> 103 | L48: =_xlfn.XLOOKUP(Table1[[#This Row],[MTP SKU Code]],'Audit Dimensions'!$A:$A,'Audit Dimensions'!L:L,0) -> 80 | M48: =_xlfn.XLOOKUP(Table1[[#This Row],[MTP SKU Code]],'Audit Dimensions'!$A:$A,'Audit Dimensions'!M:M,0) -> 6 | N48: 33500 | O48: =((IFERROR((C48*D48*E48),0)+IFERROR((G48*H48*I48),0)+IFERROR((K48*L48*M48),0))/1000000)*35.32 -> 5.874705 | P48: =Table1[[#This Row],[Column15]]*$P$2*1000 -> 35248.23 | Q48: =F48+J48+N48 -> 85400 | R48: =MAX(Q48,O48) -> 85400 | S48: =MAX(R48,P48) -> 85400 | T48: =VLOOKUP(A48,'[1]MTP SKUs - Master Data'!$A:$B,2,FALSE) -> Y | U48: =_xlfn.IFNA(VLOOKUP(Table1[[#This Row],[MTP SKU Code]],'Audit Dimensions'!A:N,6,FALSE),"ARC") -> 34200 | V48: =IFERROR(Table1[[#This Row],[B1.Aud]]-Table1[[#This Row],[PW(gm)]],"ERR") -> 1400 | W48: =IFERROR(Table1[[#This Row],[B1.Diff]]/Table1[[#This Row],[B1.Aud]],"ERR") -> 0.040935673 | X48: =_xlfn.IFNA(VLOOKUP(Table1[[#This Row],[MTP SKU Code]],'Audit Dimensions'!A:N,10,FALSE),"ARC") -> 21650 | Y48: =IFERROR(Table1[[#This Row],[B2.Aud]]-Table1[[#This Row],[PW(gm)5]],"ERR") -> 2550 | Z48: =IFERROR(Table1[[#This Row],[B2.Diff]]/Table1[[#This Row],[B2.Aud]],"NA") -> 0.11778291 | AA48: =_xlfn.IFNA(VLOOKUP(Table1[[#This Row],[MTP SKU Code]],'Audit Dimensions'!A:N,14,FALSE),"ARC") -> 34300 | AB48: =IFERROR(Table1[[#This Row],[B3.Aud]]-Table1[[#This Row],[PW(gm)9]],"ERR") -> 800 | AC48: =IFERROR(Table1[[#This Row],[B3.Diff]]/Table1[[#This Row],[BaLL.Aud]],"ERR") -> 0.0088740987 | AD48: =_xlfn.IFNA(VLOOKUP(Table1[[#This Row],[MTP SKU Code]],'Audit Dimensions'!A:U,16,FALSE),"ARC") -> 90150 | AE48: =IFERROR(1-Table1[[#This Row],[Gms]]/Table1[[#This Row],[BaLL.Aud]],"ERR") -> 0.052689961
A49: W-AND-3M | B49: MB | C49: =_xlfn.XLOOKUP(Table1[[#This Row],[MTP SKU Code]],'Audit Dimensions'!A:A,'Audit Dimensions'!C:C,0) -> 127 | D49: =_xlfn.XLOOKUP(Table1[[#This Row],[MTP SKU Code]],'Audit Dimensions'!$A:$A,'Audit Dimensions'!D:D,0) -> 53 | E49: =_xlfn.XLOOKUP(Table1[[#This Row],[MTP SKU Code]],'Audit Dimensions'!$A:$A,'Audit Dimensions'!E:E,0) -> 9 | F49: 27400 | G49: =_xlfn.XLOOKUP(Table1[[#This Row],[MTP SKU Code]],'Audit Dimensions'!$A:$A,'Audit Dimensions'!G:G,0) -> 180 | H49: =_xlfn.XLOOKUP(Table1[[#This Row],[MTP SKU Code]],'Audit Dimensions'!$A:$A,'Audit Dimensions'!H:H,0) -> 47 | I49: =_xlfn.XLOOKUP(Table1[[#This Row],[MTP SKU Code]],'Audit Dimensions'!$A:$A,'Audit Dimensions'!I:I,0) -> 11 | J49: 37600 | K49: =_xlfn.XLOOKUP(Table1[[#This Row],[MTP SKU Code]],'Audit Dimensions'!$A:$A,'Audit Dimensions'!K:K,0) -> 187 | L49: =_xlfn.XLOOKUP(Table1[[#This Row],[MTP SKU Code]],'Audit Dimensions'!$A:$A,'Audit Dimensions'!L:L,0) -> 51 | M49: =_xlfn.XLOOKUP(Table1[[#This Row],[MTP SKU Code]],'Audit Dimensions'!$A:$A,'Audit Dimensions'!M:M,0) -> 10 | N49: 34750 | O49: =((IFERROR((C49*D49*E49),0)+IFERROR((G49*H49*I49),0)+IFERROR((K49*L49*M49),0))/1000000)*35.32 -> 8.7949979 | P49: =Table1[[#This Row],[Column15]]*$P$2*1000 -> 52769.987 | Q49: =F49+J49+N49 -> 99750 | R49: =MAX(Q49,O49) -> 99750 | S49: =MAX(R49,P49) -> 99750 | T49: =VLOOKUP(A49,'[1]MTP SKUs - Master Data'!$A:$B,2,FALSE) -> Y | U49: =_xlfn.IFNA(VLOOKUP(Table1[[#This Row],[MTP SKU Code]],'Audit Dimensions'!A:N,6,FALSE),"ARC") -> 29170 | V49: =IFERROR(Table1[[#This Row],[B1.Aud]]-Table1[[#This Row],[PW(gm)]],"ERR") -> 1770 | W49: =IFERROR(Table1[[#This Row],[B1.Diff]]/Table1[[#This Row],[B1.Aud]],"ERR") -> 0.06067878 | X49: =_xlfn.IFNA(VLOOKUP(Table1[[#This Row],[MTP SKU Code]],'Audit Dimensions'!A:N,10,FALSE),"ARC") -> 39000 | Y49: =IFERROR(Table1[[#This Row],[B2.Aud]]-Table1[[#This Row],[PW(gm)5]],"ERR") -> 1400 | Z49: =IFERROR(Table1[[#This Row],[B2.Diff]]/Table1[[#This Row],[B2.Aud]],"NA") -> 0.035897436 | AA49: =_xlfn.IFNA(VLOOKUP(Table1[[#This Row],[MTP SKU Code]],'Audit Dimensions'!A:N,14,FALSE),"ARC") -> 37600 | AB49: =IFERROR(Table1[[#This Row],[B3.Aud]]-Table1[[#This Row],[PW(gm)9]],"ERR") -> 2850 | AC49: =IFERROR(Table1[[#This Row],[B3.Diff]]/Table1[[#This Row],[BaLL.Aud]],"ERR") -> 0.026945259 | AD49: =_xlfn.IFNA(VLOOKUP(Table1[[#This Row],[MTP SKU Code]],'Audit Dimensions'!A:U,16,FALSE),"ARC") -> 105770 | AE49: =IFERROR(1-Table1[[#This Row],[Gms]]/Table1[[#This Row],[BaLL.Aud]],"ERR") -> 0.05691595
A50: SR-WMO | B50: SB | C50: =_xlfn.XLOOKUP(Table1[[#This Row],[MTP SKU Code]],'Audit Dimensions'!A:A,'Audit Dimensions'!C:C,0) -> 126 | D50: =_xlfn.XLOOKUP(Table1[[#This Row],[MTP SKU Code]],'Audit Dimensions'!$A:$A,'Audit Dimensions'!D:D,0) -> 41 | E50: =_xlfn.XLOOKUP(Table1[[#This Row],[MTP SKU Code]],'Audit Dimensions'!$A:$A,'Audit Dimensions'!E:E,0) -> 20 | F50: 37500 | G50: =_xlfn.XLOOKUP(Table1[[#This Row],[MTP SKU Code]],'Audit Dimensions'!$A:$A,'Audit Dimensions'!G:G,0) -> 0 | H50: =_xlfn.XLOOKUP(Table1[[#This Row],[MTP SKU Code]],'Audit Dimensions'!$A:$A,'Audit Dimensions'!H:H,0) -> 0 | I50: =_xlfn.XLOOKUP(Table1[[#This Row],[MTP SKU Code]],'Audit Dimensions'!$A:$A,'Audit Dimensions'!I:I,0) -> 0 | J50: =_xlfn.XLOOKUP(Table1[[#This Row],[MTP SKU Code]],'Audit Dimensions'!$A:$A,'Audit Dimensions'!J:J,0) -> 0 | K50: =_xlfn.XLOOKUP(Table1[[#This Row],[MTP SKU Code]],'Audit Dimensions'!$A:$A,'Audit Dimensions'!K:K,0) -> 0 | L50: =_xlfn.XLOOKUP(Table1[[#This Row],[MTP SKU Code]],'Audit Dimensions'!$A:$A,'Audit Dimensions'!L:L,0) -> 0 | M50: =_xlfn.XLOOKUP(Table1[[#This Row],[MTP SKU Code]],'Audit Dimensions'!$A:$A,'Audit Dimensions'!M:M,0) -> 0 | N50: =_xlfn.XLOOKUP(Table1[[#This Row],[MTP SKU Code]],'Audit Dimensions'!$A:$A,'Audit Dimensions'!N:N,0) -> 0 | O50: =((IFERROR((C50*D50*E50),0)+IFERROR((G50*H50*I50),0)+IFERROR((K50*L50*M50),0))/1000000)*35.32 -> 3.6492624 | P50: =Table1[[#This Row],[Column15]]*$P$2*1000 -> 21895.574 | Q50: =F50+J50+N50 -> 37500 | R50: =MAX(Q50,O50) -> 37500 | S50: =MAX(R50,P50) -> 37500 | T50: =VLOOKUP(A50,'[1]MTP SKUs - Master Data'!$A:$B,2,FALSE) -> Y | U50: =_xlfn.IFNA(VLOOKUP(Table1[[#This Row],[MTP SKU Code]],'Audit Dimensions'!A:N,6,FALSE),"ARC") -> 39050 | V50: =IFERROR(Table1[[#This Row],[B1.Aud]]-Table1[[#This Row],[PW(gm)]],"ERR") -> 1550 | W50: =IFERROR(Table1[[#This Row],[B1.Diff]]/Table1[[#This Row],[B1.Aud]],"ERR") -> 0.039692702 | X50: =_xlfn.IFNA(VLOOKUP(Table1[[#This Row],[MTP SKU Code]],'Audit Dimensions'!A:N,10,FALSE),"ARC") -> 0 | Y50: =IFERROR(Table1[[#This Row],[B2.Aud]]-Table1[[#This Row],[PW(gm)5]],"ERR") -> 0 | Z50: =IFERROR(Table1[[#This Row],[B2.Diff]]/Table1[[#This Row],[B2.Aud]],"NA") -> NA | AA50: =_xlfn.IFNA(VLOOKUP(Table1[[#This Row],[MTP SKU Code]],'Audit Dimensions'!A:N,14,FALSE),"ARC") -> 0 | AB50: =IFERROR(Table1[[#This Row],[B3.Aud]]-Table1[[#This Row],[PW(gm)9]],"ERR") -> 0 | AC50: =IFERROR(Table1[[#This Row],[B3.Diff]]/Table1[[#This Row],[BaLL.Aud]],"ERR") -> 0 | AD50: =_xlfn.IFNA(VLOOKUP(Table1[[#This Row],[MTP SKU Code]],'Audit Dimensions'!A:U,16,FALSE),"ARC") -> 39050 | AE50: =IFERROR(1-Table1[[#This Row],[Gms]]/Table1[[#This Row],[BaLL.Aud]],"ERR") -> 0.039692702
A51: W-MLT-4N | B51: MB | C51: =_xlfn.XLOOKUP(Table1[[#This Row],[MTP SKU Code]],'Audit Dimensions'!A:A,'Audit Dimensions'!C:C,0) -> 146 | D51: =_xlfn.XLOOKUP(Table1[[#This Row],[MTP SKU Code]],'Audit Dimensions'!$A:$A,'Audit Dimensions'!D:D,0) -> 48 | E51: =_xlfn.XLOOKUP(Table1[[#This Row],[MTP SKU Code]],'Audit Dimensions'!$A:$A,'Audit Dimensions'!E:E,0) -> 9 | F51: 26000 | G51: =_xlfn.XLOOKUP(Table1[[#This Row],[MTP SKU Code]],'Audit Dimensions'!$A:$A,'Audit Dimensions'!G:G,0) -> 179 | H51: =_xlfn.XLOOKUP(Table1[[#This Row],[MTP SKU Code]],'Audit Dimensions'!$A:$A,'Audit Dimensions'!H:H,0) -> 40 | I51: =_xlfn.XLOOKUP(Table1[[#This Row],[MTP SKU Code]],'Audit Dimensions'!$A:$A,'Audit Dimensions'!I:I,0) -> 9 | J51: 36500 | K51: =_xlfn.XLOOKUP(Table1[[#This Row],[MTP SKU Code]],'Audit Dimensions'!$A:$A,'Audit Dimensions'!K:K,0) -> 185 | L51: =_xlfn.XLOOKUP(Table1[[#This Row],[MTP SKU Code]],'Audit Dimensions'!$A:$A,'Audit Dimensions'!L:L,0) -> 48 | M51: =_xlfn.XLOOKUP(Table1[[#This Row],[MTP SKU Code]],'Audit Dimensions'!$A:$A,'Audit Dimensions'!M:M,0) -> 10 | N51: 39000 | O51: =((IFERROR((C51*D51*E51),0)+IFERROR((G51*H51*I51),0)+IFERROR((K51*L51*M51),0))/1000000)*35.32 -> 7.6401398 | P51: =Table1[[#This Row],[Column15]]*$P$2*1000 -> 45840.839 | Q51: =F51+J51+N51 -> 101500 | R51: =MAX(Q51,O51) -> 101500 | S51: =MAX(R51,P51) -> 101500 | T51: =VLOOKUP(A51,'[1]MTP SKUs - Master Data'!$A:$B,2,FALSE) -> RL | U51: =_xlfn.IFNA(VLOOKUP(Table1[[#This Row],[MTP SKU Code]],'Audit Dimensions'!A:N,6,FALSE),"ARC") -> 27350 | V51: =IFERROR(Table1[[#This Row],[B1.Aud]]-Table1[[#This Row],[PW(gm)]],"ERR") -> 1350 | W51: =IFERROR(Table1[[#This Row],[B1.Diff]]/Table1[[#This Row],[B1.Aud]],"ERR") -> 0.049360146 | X51: =_xlfn.IFNA(VLOOKUP(Table1[[#This Row],[MTP SKU Code]],'Audit Dimensions'!A:N,10,FALSE),"ARC") -> 38300 | Y51: =IFERROR(Table1[[#This Row],[B2.Aud]]-Table1[[#This Row],[PW(gm)5]],"ERR") -> 1800 | Z51: =IFERROR(Table1[[#This Row],[B2.Diff]]/Table1[[#This Row],[B2.Aud]],"NA") -> 0.046997389 | AA51: =_xlfn.IFNA(VLOOKUP(Table1[[#This Row],[MTP SKU Code]],'Audit Dimensions'!A:N,14,FALSE),"ARC") -> 41050 | AB51: =IFERROR(Table1[[#This Row],[B3.Aud]]-Table1[[#This Row],[PW(gm)9]],"ERR") -> 2050 | AC51: =IFERROR(Table1[[#This Row],[B3.Diff]]/Table1[[#This Row],[BaLL.Aud]],"ERR") -> 0.019212746 | AD51: =_xlfn.IFNA(VLOOKUP(Table1[[#This Row],[MTP SKU Code]],'Audit Dimensions'!A:U,16,FALSE),"ARC") -> 106700 | AE51: =IFERROR(1-Table1[[#This Row],[Gms]]/Table1[[#This Row],[BaLL.Aud]],"ERR") -> 0.04873477
A52: SR-PRG | B52: SB | C52: =_xlfn.XLOOKUP(Table1[[#This Row],[MTP SKU Code]],'Audit Dimensions'!A:A,'Audit Dimensions'!C:C,0) -> 147 | D52: =_xlfn.XLOOKUP(Table1[[#This Row],[MTP SKU Code]],'Audit Dimensions'!$A:$A,'Audit Dimensions'!D:D,0) -> 40 | E52: =_xlfn.XLOOKUP(Table1[[#This Row],[MTP SKU Code]],'Audit Dimensions'!$A:$A,'Audit Dimensions'!E:E,0) -> 12 | F52: 34400 | G52: =_xlfn.XLOOKUP(Table1[[#This Row],[MTP SKU Code]],'Audit Dimensions'!$A:$A,'Audit Dimensions'!G:G,0) -> 0 | H52: =_xlfn.XLOOKUP(Table1[[#This Row],[MTP SKU Code]],'Audit Dimensions'!$A:$A,'Audit Dimensions'!H:H,0) -> 0 | I52: =_xlfn.XLOOKUP(Table1[[#This Row],[MTP SKU Code]],'Audit Dimensions'!$A:$A,'Audit Dimensions'!I:I,0) -> 0 | J52: =_xlfn.XLOOKUP(Table1[[#This Row],[MTP SKU Code]],'Audit Dimensions'!$A:$A,'Audit Dimensions'!J:J,0) -> 0 | K52: =_xlfn.XLOOKUP(Table1[[#This Row],[MTP SKU Code]],'Audit Dimensions'!$A:$A,'Audit Dimensions'!K:K,0) -> 0 | L52: =_xlfn.XLOOKUP(Table1[[#This Row],[MTP SKU Code]],'Audit Dimensions'!$A:$A,'Audit Dimensions'!L:L,0) -> 0 | M52: =_xlfn.XLOOKUP(Table1[[#This Row],[MTP SKU Code]],'Audit Dimensions'!$A:$A,'Audit Dimensions'!M:M,0) -> 0 | N52: =_xlfn.XLOOKUP(Table1[[#This Row],[MTP SKU Code]],'Audit Dimensions'!$A:$A,'Audit Dimensions'!N:N,0) -> 0 | O52: =((IFERROR((C52*D52*E52),0)+IFERROR((G52*H52*I52),0)+IFERROR((K52*L52*M52),0))/1000000)*35.32 -> 2.4921792 | P52: =Table1[[#This Row],[Column15]]*$P$2*1000 -> 14953.075 | Q52: =F52+J52+N52 -> 34400 | R52: =MAX(Q52,O52) -> 34400 | S52: =MAX(R52,P52) -> 34400 | T52: =VLOOKUP(A52,'[1]MTP SKUs - Master Data'!$A:$B,2,FALSE) -> Y | U52: =_xlfn.IFNA(VLOOKUP(Table1[[#This Row],[MTP SKU Code]],'Audit Dimensions'!A:N,6,FALSE),"ARC") -> 35800 | V52: =IFERROR(Table1[[#This Row],[B1.Aud]]-Table1[[#This Row],[PW(gm)]],"ERR") -> 1400 | W52: =IFERROR(Table1[[#This Row],[B1.Diff]]/Table1[[#This Row],[B1.Aud]],"ERR") -> 0.039106145 | X52: =_xlfn.IFNA(VLOOKUP(Table1[[#This Row],[MTP SKU Code]],'Audit Dimensions'!A:N,10,FALSE),"ARC") -> 0 | Y52: =IFERROR(Table1[[#This Row],[B2.Aud]]-Table1[[#This Row],[PW(gm)5]],"ERR") -> 0 | Z52: =IFERROR(Table1[[#This Row],[B2.Diff]]/Table1[[#This Row],[B2.Aud]],"NA") -> NA | AA52: =_xlfn.IFNA(VLOOKUP(Table1[[#This Row],[MTP SKU Code]],'Audit Dimensions'!A:N,14,FALSE),"ARC") -> 0 | AB52: =IFERROR(Table1[[#This Row],[B3.Aud]]-Table1[[#This Row],[PW(gm)9]],"ERR") -> 0 | AC52: =IFERROR(Table1[[#This Row],[B3.Diff]]/Table1[[#This Row],[BaLL.Aud]],"ERR") -> 0 | AD52: =_xlfn.IFNA(VLOOKUP(Table1[[#This Row],[MTP SKU Code]],'Audit Dimensions'!A:U,16,FALSE),"ARC") -> 35800 | AE52: =IFERROR(1-Table1[[#This Row],[Gms]]/Table1[[#This Row],[BaLL.Aud]],"ERR") -> 0.039106145
A53: TU-BKMT | B53: SB | C53: =_xlfn.XLOOKUP(Table1[[#This Row],[MTP SKU Code]],'Audit Dimensions'!A:A,'Audit Dimensions'!C:C,0) -> 196 | D53: =_xlfn.XLOOKUP(Table1[[#This Row],[MTP SKU Code]],'Audit Dimensions'!$A:$A,'Audit Dimensions'!D:D,0) -> 40 | E53: =_xlfn.XLOOKUP(Table1[[#This Row],[MTP SKU Code]],'Audit Dimensions'!$A:$A,'Audit Dimensions'!E:E,0) -> 19 | F53: 31000 | G53: =_xlfn.XLOOKUP(Table1[[#This Row],[MTP SKU Code]],'Audit Dimensions'!$A:$A,'Audit Dimensions'!G:G,0) -> 142 | H53: =_xlfn.XLOOKUP(Table1[[#This Row],[MTP SKU Code]],'Audit Dimensions'!$A:$A,'Audit Dimensions'!H:H,0) -> 24 | I53: =_xlfn.XLOOKUP(Table1[[#This Row],[MTP SKU Code]],'Audit Dimensions'!$A:$A,'Audit Dimensions'!I:I,0) -> 10 | J53: 16200 | K53: =_xlfn.XLOOKUP(Table1[[#This Row],[MTP SKU Code]],'Audit Dimensions'!$A:$A,'Audit Dimensions'!K:K,0) -> 0 | L53: =_xlfn.XLOOKUP(Table1[[#This Row],[MTP SKU Code]],'Audit Dimensions'!$A:$A,'Audit Dimensions'!L:L,0) -> 0 | M53: =_xlfn.XLOOKUP(Table1[[#This Row],[MTP SKU Code]],'Audit Dimensions'!$A:$A,'Audit Dimensions'!M:M,0) -> 0 | N53: =_xlfn.XLOOKUP(Table1[[#This Row],[MTP SKU Code]],'Audit Dimensions'!$A:$A,'Audit Dimensions'!N:N,0) -> 0 | O53: =((IFERROR((C53*D53*E53),0)+IFERROR((G53*H53*I53),0)+IFERROR((K53*L53*M53),0))/1000000)*35.32 -> 6.4649728 | P53: =Table1[[#This Row],[Column15]]*$P$2*1000 -> 38789.837 | Q53: =F53+J53+N53 -> 47200 | R53: =MAX(Q53,O53) -> 47200 | S53: =MAX(R53,P53) -> 47200 | T53: =VLOOKUP(A53,'[1]MTP SKUs - Master Data'!$A:$B,2,FALSE) -> Y | U53: =_xlfn.IFNA(VLOOKUP(Table1[[#This Row],[MTP SKU Code]],'Audit Dimensions'!A:N,6,FALSE),"ARC") -> 32650 | V53: =IFERROR(Table1[[#This Row],[B1.Aud]]-Table1[[#This Row],[PW(gm)]],"ERR") -> 1650 | W53: =IFERROR(Table1[[#This Row],[B1.Diff]]/Table1[[#This Row],[B1.Aud]],"ERR") -> 0.050535988 | X53: =_xlfn.IFNA(VLOOKUP(Table1[[#This Row],[MTP SKU Code]],'Audit Dimensions'!A:N,10,FALSE),"ARC") -> 17500 | Y53: =IFERROR(Table1[[#This Row],[B2.Aud]]-Table1[[#This Row],[PW(gm)5]],"ERR") -> 1300 | Z53: =IFERROR(Table1[[#This Row],[B2.Diff]]/Table1[[#This Row],[B2.Aud]],"NA") -> 0.074285714 | AA53: =_xlfn.IFNA(VLOOKUP(Table1[[#This Row],[MTP SKU Code]],'Audit Dimensions'!A:N,14,FALSE),"ARC") -> 0 | AB53: =IFERROR(Table1[[#This Row],[B3.Aud]]-Table1[[#This Row],[PW(gm)9]],"ERR") -> 0 | AC53: =IFERROR(Table1[[#This Row],[B3.Diff]]/Table1[[#This Row],[BaLL.Aud]],"ERR") -> 0 | AD53: =_xlfn.IFNA(VLOOKUP(Table1[[#This Row],[MTP SKU Code]],'Audit Dimensions'!A:U,16,FALSE),"ARC") -> 50150 | AE53: =IFERROR(1-Table1[[#This Row],[Gms]]/Table1[[#This Row],[BaLL.Aud]],"ERR") -> 0.058823529
A54: KC-OPT-2S | B54: SB | C54: =_xlfn.XLOOKUP(Table1[[#This Row],[MTP SKU Code]],'Audit Dimensions'!A:A,'Audit Dimensions'!C:C,0) -> 87 | D54: =_xlfn.XLOOKUP(Table1[[#This Row],[MTP SKU Code]],'Audit Dimensions'!$A:$A,'Audit Dimensions'!D:D,0) -> 35 | E54: =_xlfn.XLOOKUP(Table1[[#This Row],[MTP SKU Code]],'Audit Dimensions'!$A:$A,'Audit Dimensions'!E:E,0) -> 14 | F54: 34800 | G54: =_xlfn.XLOOKUP(Table1[[#This Row],[MTP SKU Code]],'Audit Dimensions'!$A:$A,'Audit Dimensions'!G:G,0) -> 0 | H54: =_xlfn.XLOOKUP(Table1[[#This Row],[MTP SKU Code]],'Audit Dimensions'!$A:$A,'Audit Dimensions'!H:H,0) -> 0 | I54: =_xlfn.XLOOKUP(Table1[[#This Row],[MTP SKU Code]],'Audit Dimensions'!$A:$A,'Audit Dimensions'!I:I,0) -> 0 | J54: =_xlfn.XLOOKUP(Table1[[#This Row],[MTP SKU Code]],'Audit Dimensions'!$A:$A,'Audit Dimensions'!J:J,0) -> 0 | K54: =_xlfn.XLOOKUP(Table1[[#This Row],[MTP SKU Code]],'Audit Dimensions'!$A:$A,'Audit Dimensions'!K:K,0) -> 0 | L54: =_xlfn.XLOOKUP(Table1[[#This Row],[MTP SKU Code]],'Audit Dimensions'!$A:$A,'Audit Dimensions'!L:L,0) -> 0 | M54: =_xlfn.XLOOKUP(Table1[[#This Row],[MTP SKU Code]],'Audit Dimensions'!$A:$A,'Audit Dimensions'!M:M,0) -> 0 | N54: =_xlfn.XLOOKUP(Table1[[#This Row],[MTP SKU Code]],'Audit Dimensions'!$A:$A,'Audit Dimensions'!N:N,0) -> 0 | O54: =((IFERROR((C54*D54*E54),0)+IFERROR((G54*H54*I54),0)+IFERROR((K54*L54*M54),0))/1000000)*35.32 -> 1.5056916 | P54: =Table1[[#This Row],[Column15]]*$P$2*1000 -> 9034.1496 | Q54: =F54+J54+N54 -> 34800 | R54: =MAX(Q54,O54) -> 34800 | S54: =MAX(R54,P54) -> 34800 | T54: =VLOOKUP(A54,'[1]MTP SKUs - Master Data'!$A:$B,2,FALSE) -> Y | U54: =_xlfn.IFNA(VLOOKUP(Table1[[#This Row],[MTP SKU Code]],'Audit Dimensions'!A:N,6,FALSE),"ARC") -> 36800 | V54: =IFERROR(Table1[[#This Row],[B1.Aud]]-Table1[[#This Row],[PW(gm)]],"ERR") -> 2000 | W54: =IFERROR(Table1[[#This Row],[B1.Diff]]/Table1[[#This Row],[B1.Aud]],"ERR") -> 0.054347826 | X54: =_xlfn.IFNA(VLOOKUP(Table1[[#This Row],[MTP SKU Code]],'Audit Dimensions'!A:N,10,FALSE),"ARC") -> 0 | Y54: =IFERROR(Table1[[#This Row],[B2.Aud]]-Table1[[#This Row],[PW(gm)5]],"ERR") -> 0 | Z54: =IFERROR(Table1[[#This Row],[B2.Diff]]/Table1[[#This Row],[B2.Aud]],"NA") -> NA | AA54: =_xlfn.IFNA(VLOOKUP(Table1[[#This Row],[MTP SKU Code]],'Audit Dimensions'!A:N,14,FALSE),"ARC") -> 0 | AB54: =IFERROR(Table1[[#This Row],[B3.Aud]]-Table1[[#This Row],[PW(gm)9]],"ERR") -> 0 | AC54: =IFERROR(Table1[[#This Row],[B3.Diff]]/Table1[[#This Row],[BaLL.Aud]],"ERR") -> 0 | AD54: =_xlfn.IFNA(VLOOKUP(Table1[[#This Row],[MTP SKU Code]],'Audit Dimensions'!A:U,16,FALSE),"ARC") -> 36800 | AE54: =IFERROR(1-Table1[[#This Row],[Gms]]/Table1[[#This Row],[BaLL.Aud]],"ERR") -> 0.054347826
A55: SB-CS-LA | B55: SB | C55: =_xlfn.XLOOKUP(Table1[[#This Row],[MTP SKU Code]],'Audit Dimensions'!A:A,'Audit Dimensions'!C:C,0) -> 97 | D55: =_xlfn.XLOOKUP(Table1[[#This Row],[MTP SKU Code]],'Audit Dimensions'!$A:$A,'Audit Dimensions'!D:D,0) -> 26 | E55: =_xlfn.XLOOKUP(Table1[[#This Row],[MTP SKU Code]],'Audit Dimensions'!$A:$A,'Audit Dimensions'!E:E,0) -> 10 | F55: 7800 | G55: =_xlfn.XLOOKUP(Table1[[#This Row],[MTP SKU Code]],'Audit Dimensions'!$A:$A,'Audit Dimensions'!G:G,0) -> 0 | H55: =_xlfn.XLOOKUP(Table1[[#This Row],[MTP SKU Code]],'Audit Dimensions'!$A:$A,'Audit Dimensions'!H:H,0) -> 0 | I55: =_xlfn.XLOOKUP(Table1[[#This Row],[MTP SKU Code]],'Audit Dimensions'!$A:$A,'Audit Dimensions'!I:I,0) -> 0 | J55: =_xlfn.XLOOKUP(Table1[[#This Row],[MTP SKU Code]],'Audit Dimensions'!$A:$A,'Audit Dimensions'!J:J,0) -> 0 | K55: =_xlfn.XLOOKUP(Table1[[#This Row],[MTP SKU Code]],'Audit Dimensions'!$A:$A,'Audit Dimensions'!K:K,0) -> 0 | L55: =_xlfn.XLOOKUP(Table1[[#This Row],[MTP SKU Code]],'Audit Dimensions'!$A:$A,'Audit Dimensions'!L:L,0) -> 0 | M55: =_xlfn.XLOOKUP(Table1[[#This Row],[MTP SKU Code]],'Audit Dimensions'!$A:$A,'Audit Dimensions'!M:M,0) -> 0 | N55: =_xlfn.XLOOKUP(Table1[[#This Row],[MTP SKU Code]],'Audit Dimensions'!$A:$A,'Audit Dimensions'!N:N,0) -> 0 | O55: =((IFERROR((C55*D55*E55),0)+IFERROR((G55*H55*I55),0)+IFERROR((K55*L55*M55),0))/1000000)*35.32 -> 0.8907704 | P55: =Table1[[#This Row],[Column15]]*$P$2*1000 -> 5344.6224 | Q55: =F55+J55+N55 -> 7800 | R55: =MAX(Q55,O55) -> 7800 | S55: =MAX(R55,P55) -> 7800 | T55: =VLOOKUP(A55,'[1]MTP SKUs - Master Data'!$A:$B,2,FALSE) -> Y | U55: =_xlfn.IFNA(VLOOKUP(Table1[[#This Row],[MTP SKU Code]],'Audit Dimensions'!A:N,6,FALSE),"ARC") -> 8550 | V55: =IFERROR(Table1[[#This Row],[B1.Aud]]-Table1[[#This Row],[PW(gm)]],"ERR") -> 750 | W55: =IFERROR(Table1[[#This Row],[B1.Diff]]/Table1[[#This Row],[B1.Aud]],"ERR") -> 0.087719298 | X55: =_xlfn.IFNA(VLOOKUP(Table1[[#This Row],[MTP SKU Code]],'Audit Dimensions'!A:N,10,FALSE),"ARC") -> 0 | Y55: =IFERROR(Table1[[#This Row],[B2.Aud]]-Table1[[#This Row],[PW(gm)5]],"ERR") -> 0 | Z55: =IFERROR(Table1[[#This Row],[B2.Diff]]/Table1[[#This Row],[B2.Aud]],"NA") -> NA | AA55: =_xlfn.IFNA(VLOOKUP(Table1[[#This Row],[MTP SKU Code]],'Audit Dimensions'!A:N,14,FALSE),"ARC") -> 0 | AB55: =IFERROR(Table1[[#This Row],[B3.Aud]]-Table1[[#This Row],[PW(gm)9]],"ERR") -> 0 | AC55: =IFERROR(Table1[[#This Row],[B3.Diff]]/Table1[[#This Row],[BaLL.Aud]],"ERR") -> 0 | AD55: =_xlfn.IFNA(VLOOKUP(Table1[[#This Row],[MTP SKU Code]],'Audit Dimensions'!A:U,16,FALSE),"ARC") -> 8550 | AE55: =IFERROR(1-Table1[[#This Row],[Gms]]/Table1[[#This Row],[BaLL.Aud]],"ERR") -> 0.087719298
A56: W-MLT-3N | B56: MB | C56: =_xlfn.XLOOKUP(Table1[[#This Row],[MTP SKU Code]],'Audit Dimensions'!A:A,'Audit Dimensions'!C:C,0) -> 192 | D56: =_xlfn.XLOOKUP(Table1[[#This Row],[MTP SKU Code]],'Audit Dimensions'!$A:$A,'Audit Dimensions'!D:D,0) -> 46 | E56: =_xlfn.XLOOKUP(Table1[[#This Row],[MTP SKU Code]],'Audit Dimensions'!$A:$A,'Audit Dimensions'!E:E,0) -> 11 | F56: 47600 | G56: =_xlfn.XLOOKUP(Table1[[#This Row],[MTP SKU Code]],'Audit Dimensions'!$A:$A,'Audit Dimensions'!G:G,0) -> 180 | H56: =_xlfn.XLOOKUP(Table1[[#This Row],[MTP SKU Code]],'Audit Dimensions'!$A:$A,'Audit Dimensions'!H:H,0) -> 45 | I56: =_xlfn.XLOOKUP(Table1[[#This Row],[MTP SKU Code]],'Audit Dimensions'!$A:$A,'Audit Dimensions'!I:I,0) -> 8 | J56: 27400 | K56: =_xlfn.XLOOKUP(Table1[[#This Row],[MTP SKU Code]],'Audit Dimensions'!$A:$A,'Audit Dimensions'!K:K,0) -> 0 | L56: =_xlfn.XLOOKUP(Table1[[#This Row],[MTP SKU Code]],'Audit Dimensions'!$A:$A,'Audit Dimensions'!L:L,0) -> 0 | M56: =_xlfn.XLOOKUP(Table1[[#This Row],[MTP SKU Code]],'Audit Dimensions'!$A:$A,'Audit Dimensions'!M:M,0) -> 0 | N56: =_xlfn.XLOOKUP(Table1[[#This Row],[MTP SKU Code]],'Audit Dimensions'!$A:$A,'Audit Dimensions'!N:N,0) -> 0 | O56: =((IFERROR((C56*D56*E56),0)+IFERROR((G56*H56*I56),0)+IFERROR((K56*L56*M56),0))/1000000)*35.32 -> 5.7201446 | P56: =Table1[[#This Row],[Column15]]*$P$2*1000 -> 34320.868 | Q56: =F56+J56+N56 -> 75000 | R56: =MAX(Q56,O56) -> 75000 | S56: =MAX(R56,P56) -> 75000 | T56: =VLOOKUP(A56,'[1]MTP SKUs - Master Data'!$A:$B,2,FALSE) -> Y | U56: =_xlfn.IFNA(VLOOKUP(Table1[[#This Row],[MTP SKU Code]],'Audit Dimensions'!A:N,6,FALSE),"ARC") -> 49000 | V56: =IFERROR(Table1[[#This Row],[B1.Aud]]-Table1[[#This Row],[PW(gm)]],"ERR") -> 1400 | W56: =IFERROR(Table1[[#This Row],[B1.Diff]]/Table1[[#This Row],[B1.Aud]],"ERR") -> 0.028571429 | X56: =_xlfn.IFNA(VLOOKUP(Table1[[#This Row],[MTP SKU Code]],'Audit Dimensions'!A:N,10,FALSE),"ARC") -> 28900 | Y56: =IFERROR(Table1[[#This Row],[B2.Aud]]-Table1[[#This Row],[PW(gm)5]],"ERR") -> 1500 | Z56: =IFERROR(Table1[[#This Row],[B2.Diff]]/Table1[[#This Row],[B2.Aud]],"NA") -> 0.051903114 | AA56: =_xlfn.IFNA(VLOOKUP(Table1[[#This Row],[MTP SKU Code]],'Audit Dimensions'!A:N,14,FALSE),"ARC") -> 0 | AB56: =IFERROR(Table1[[#This Row],[B3.Aud]]-Table1[[#This Row],[PW(gm)9]],"ERR") -> 0 | AC56: =IFERROR(Table1[[#This Row],[B3.Diff]]/Table1[[#This Row],[BaLL.Aud]],"ERR") -> 0 | AD56: =_xlfn.IFNA(VLOOKUP(Table1[[#This Row],[MTP SKU Code]],'Audit Dimensions'!A:U,16,FALSE),"ARC") -> 77900 | AE56: =IFERROR(1-Table1[[#This Row],[Gms]]/Table1[[#This Row],[BaLL.Aud]],"ERR") -> 0.037227214
A57: ST-RDO | B57: SB | C57: =_xlfn.XLOOKUP(Table1[[#This Row],[MTP SKU Code]],'Audit Dimensions'!A:A,'Audit Dimensions'!C:C,0) -> 128 | D57: =_xlfn.XLOOKUP(Table1[[#This Row],[MTP SKU Code]],'Audit Dimensions'!$A:$A,'Audit Dimensions'!D:D,0) -> 65 | E57: =_xlfn.XLOOKUP(Table1[[#This Row],[MTP SKU Code]],'Audit Dimensions'!$A:$A,'Audit Dimensions'!E:E,0) -> 8 | F57: 27700 | G57: =_xlfn.XLOOKUP(Table1[[#This Row],[MTP SKU Code]],'Audit Dimensions'!$A:$A,'Audit Dimensions'!G:G,0) -> 0 | H57: =_xlfn.XLOOKUP(Table1[[#This Row],[MTP SKU Code]],'Audit Dimensions'!$A:$A,'Audit Dimensions'!H:H,0) -> 0 | I57: =_xlfn.XLOOKUP(Table1[[#This Row],[MTP SKU Code]],'Audit Dimensions'!$A:$A,'Audit Dimensions'!I:I,0) -> 0 | J57: =_xlfn.XLOOKUP(Table1[[#This Row],[MTP SKU Code]],'Audit Dimensions'!$A:$A,'Audit Dimensions'!J:J,0) -> 0 | K57: =_xlfn.XLOOKUP(Table1[[#This Row],[MTP SKU Code]],'Audit Dimensions'!$A:$A,'Audit Dimensions'!K:K,0) -> 0 | L57: =_xlfn.XLOOKUP(Table1[[#This Row],[MTP SKU Code]],'Audit Dimensions'!$A:$A,'Audit Dimensions'!L:L,0) -> 0 | M57: =_xlfn.XLOOKUP(Table1[[#This Row],[MTP SKU Code]],'Audit Dimensions'!$A:$A,'Audit Dimensions'!M:M,0) -> 0 | N57: =_xlfn.XLOOKUP(Table1[[#This Row],[MTP SKU Code]],'Audit Dimensions'!$A:$A,'Audit Dimensions'!N:N,0) -> 0 | O57: =((IFERROR((C57*D57*E57),0)+IFERROR((G57*H57*I57),0)+IFERROR((K57*L57*M57),0))/1000000)*35.32 -> 2.3508992 | P57: =Table1[[#This Row],[Column15]]*$P$2*1000 -> 14105.395 | Q57: =F57+J57+N57 -> 27700 | R57: =MAX(Q57,O57) -> 27700 | S57: =MAX(R57,P57) -> 27700 | T57: =VLOOKUP(A57,'[1]MTP SKUs - Master Data'!$A:$B,2,FALSE) -> Y | U57: =_xlfn.IFNA(VLOOKUP(Table1[[#This Row],[MTP SKU Code]],'Audit Dimensions'!A:N,6,FALSE),"ARC") -> 29300 | V57: =IFERROR(Table1[[#This Row],[B1.Aud]]-Table1[[#This Row],[PW(gm)]],"ERR") -> 1600 | W57: =IFERROR(Table1[[#This Row],[B1.Diff]]/Table1[[#This Row],[B1.Aud]],"ERR") -> 0.054607509 | X57: =_xlfn.IFNA(VLOOKUP(Table1[[#This Row],[MTP SKU Code]],'Audit Dimensions'!A:N,10,FALSE),"ARC") -> 0 | Y57: =IFERROR(Table1[[#This Row],[B2.Aud]]-Table1[[#This Row],[PW(gm)5]],"ERR") -> 0 | Z57: =IFERROR(Table1[[#This Row],[B2.Diff]]/Table1[[#This Row],[B2.Aud]],"NA") -> NA | AA57: =_xlfn.IFNA(VLOOKUP(Table1[[#This Row],[MTP SKU Code]],'Audit Dimensions'!A:N,14,FALSE),"ARC") -> 0 | AB57: =IFERROR(Table1[[#This Row],[B3.Aud]]-Table1[[#This Row],[PW(gm)9]],"ERR") -> 0 | AC57: =IFERROR(Table1[[#This Row],[B3.Diff]]/Table1[[#This Row],[BaLL.Aud]],"ERR") -> 0 | AD57: =_xlfn.IFNA(VLOOKUP(Table1[[#This Row],[MTP SKU Code]],'Audit Dimensions'!A:U,16,FALSE),"ARC") -> 29300 | AE57: =IFERROR(1-Table1[[#This Row],[Gms]]/Table1[[#This Row],[BaLL.Aud]],"ERR") -> 0.054607509
A58: TU-RE-LA | B58: SB | C58: =_xlfn.XLOOKUP(Table1[[#This Row],[MTP SKU Code]],'Audit Dimensions'!A:A,'Audit Dimensions'!C:C,0) -> 149 | D58: =_xlfn.XLOOKUP(Table1[[#This Row],[MTP SKU Code]],'Audit Dimensions'!$A:$A,'Audit Dimensions'!D:D,0) -> 36 | E58: =_xlfn.XLOOKUP(Table1[[#This Row],[MTP SKU Code]],'Audit Dimensions'!$A:$A,'Audit Dimensions'!E:E,0) -> 6 | F58: 12800 | G58: =_xlfn.XLOOKUP(Table1[[#This Row],[MTP SKU Code]],'Audit Dimensions'!$A:$A,'Audit Dimensions'!G:G,0) -> 0 | H58: =_xlfn.XLOOKUP(Table1[[#This Row],[MTP SKU Code]],'Audit Dimensions'!$A:$A,'Audit Dimensions'!H:H,0) -> 0 | I58: =_xlfn.XLOOKUP(Table1[[#This Row],[MTP SKU Code]],'Audit Dimensions'!$A:$A,'Audit Dimensions'!I:I,0) -> 0 | J58: =_xlfn.XLOOKUP(Table1[[#This Row],[MTP SKU Code]],'Audit Dimensions'!$A:$A,'Audit Dimensions'!J:J,0) -> 0 | K58: =_xlfn.XLOOKUP(Table1[[#This Row],[MTP SKU Code]],'Audit Dimensions'!$A:$A,'Audit Dimensions'!K:K,0) -> 0 | L58: =_xlfn.XLOOKUP(Table1[[#This Row],[MTP SKU Code]],'Audit Dimensions'!$A:$A,'Audit Dimensions'!L:L,0) -> 0 | M58: =_xlfn.XLOOKUP(Table1[[#This Row],[MTP SKU Code]],'Audit Dimensions'!$A:$A,'Audit Dimensions'!M:M,0) -> 0 | N58: =_xlfn.XLOOKUP(Table1[[#This Row],[MTP SKU Code]],'Audit Dimensions'!$A:$A,'Audit Dimensions'!N:N,0) -> 0 | O58: =((IFERROR((C58*D58*E58),0)+IFERROR((G58*H58*I58),0)+IFERROR((K58*L58*M58),0))/1000000)*35.32 -> 1.1367389 | P58: =Table1[[#This Row],[Column15]]*$P$2*1000 -> 6820.4333 | Q58: =F58+J58+N58 -> 12800 | R58: =MAX(Q58,O58) -> 12800 | S58: =MAX(R58,P58) -> 12800 | T58: =VLOOKUP(A58,'[1]MTP SKUs - Master Data'!$A:$B,2,FALSE) -> Y | U58: =_xlfn.IFNA(VLOOKUP(Table1[[#This Row],[MTP SKU Code]],'Audit Dimensions'!A:N,6,FALSE),"ARC") -> 14050 | V58: =IFERROR(Table1[[#This Row],[B1.Aud]]-Table1[[#This Row],[PW(gm)]],"ERR") -> 1250 | W58: =IFERROR(Table1[[#This Row],[B1.Diff]]/Table1[[#This Row],[B1.Aud]],"ERR") -> 0.088967972 | X58: =_xlfn.IFNA(VLOOKUP(Table1[[#This Row],[MTP SKU Code]],'Audit Dimensions'!A:N,10,FALSE),"ARC") -> 0 | Y58: =IFERROR(Table1[[#This Row],[B2.Aud]]-Table1[[#This Row],[PW(gm)5]],"ERR") -> 0 | Z58: =IFERROR(Table1[[#This Row],[B2.Diff]]/Table1[[#This Row],[B2.Aud]],"NA") -> NA | AA58: =_xlfn.IFNA(VLOOKUP(Table1[[#This Row],[MTP SKU Code]],'Audit Dimensions'!A:N,14,FALSE),"ARC") -> 0 | AB58: =IFERROR(Table1[[#This Row],[B3.Aud]]-Table1[[#This Row],[PW(gm)9]],"ERR") -> 0 | AC58: =IFERROR(Table1[[#This Row],[B3.Diff]]/Table1[[#This Row],[BaLL.Aud]],"ERR") -> 0 | AD58: =_xlfn.IFNA(VLOOKUP(Table1[[#This Row],[MTP SKU Code]],'Audit Dimensions'!A:U,16,FALSE),"ARC") -> 14050 | AE58: =IFERROR(1-Table1[[#This Row],[Gms]]/Table1[[#This Row],[BaLL.Aud]],"ERR") -> 0.088967972
A59: CT-ATD-LA | B59: SB | C59: 123 | D59: 56 | E59: 5 | F59: 24490 | O59: =((IFERROR((C59*D59*E59),0)+IFERROR((G59*H59*I59),0)+IFERROR((K59*L59*M59),0))/1000000)*35.32 -> 1.2164208 | P59: =Table1[[#This Row],[Column15]]*$P$2*1000 -> 7298.5248 | Q59: =F59+J59+N59 -> 24490 | R59: =MAX(Q59,O59) -> 24490 | S59: =MAX(R59,P59) -> 24490 | T59: =VLOOKUP(A59,'[1]MTP SKUs - Master Data'!$A:$B,2,FALSE) -> DI | U59: =_xlfn.IFNA(VLOOKUP(Table1[[#This Row],[MTP SKU Code]],'Audit Dimensions'!A:N,6,FALSE),"ARC") -> 24490 | V59: =IFERROR(Table1[[#This Row],[B1.Aud]]-Table1[[#This Row],[PW(gm)]],"ERR") -> 0 | W59: =IFERROR(Table1[[#This Row],[B1.Diff]]/Table1[[#This Row],[B1.Aud]],"ERR") -> 0 | X59: =_xlfn.IFNA(VLOOKUP(Table1[[#This Row],[MTP SKU Code]],'Audit Dimensions'!A:N,10,FALSE),"ARC") -> 0 | Y59: =IFERROR(Table1[[#This Row],[B2.Aud]]-Table1[[#This Row],[PW(gm)5]],"ERR") -> 0 | Z59: =IFERROR(Table1[[#This Row],[B2.Diff]]/Table1[[#This Row],[B2.Aud]],"NA") -> NA | AA59: =_xlfn.IFNA(VLOOKUP(Table1[[#This Row],[MTP SKU Code]],'Audit Dimensions'!A:N,14,FALSE),"ARC") -> 0 | AB59: =IFERROR(Table1[[#This Row],[B3.Aud]]-Table1[[#This Row],[PW(gm)9]],"ERR") -> 0 | AC59: =IFERROR(Table1[[#This Row],[B3.Diff]]/Table1[[#This Row],[BaLL.Aud]],"ERR") -> 0 | AD59: =_xlfn.IFNA(VLOOKUP(Table1[[#This Row],[MTP SKU Code]],'Audit Dimensions'!A:U,16,FALSE),"ARC") -> 24490 | AE59: =IFERROR(1-Table1[[#This Row],[Gms]]/Table1[[#This Row],[BaLL.Aud]],"ERR") -> 0
A60: SB-CS-ST | B60: SB | C60: 67 | D60: 19 | E60: 10 | F60: 4300 | O60: =((IFERROR((C60*D60*E60),0)+IFERROR((G60*H60*I60),0)+IFERROR((K60*L60*M60),0))/1000000)*35.32 -> 0.4496236 | P60: =Table1[[#This Row],[Column15]]*$P$2*1000 -> 2697.7416 | Q60: =F60+J60+N60 -> 4300 | R60: =MAX(Q60,O60) -> 4300 | S60: =MAX(R60,P60) -> 4300 | T60: =VLOOKUP(A60,'[1]MTP SKUs - Master Data'!$A:$B,2,FALSE) -> DI | U60: =_xlfn.IFNA(VLOOKUP(Table1[[#This Row],[MTP SKU Code]],'Audit Dimensions'!A:N,6,FALSE),"ARC") -> 4300 | V60: =IFERROR(Table1[[#This Row],[B1.Aud]]-Table1[[#This Row],[PW(gm)]],"ERR") -> 0 | W60: =IFERROR(Table1[[#This Row],[B1.Diff]]/Table1[[#This Row],[B1.Aud]],"ERR") -> 0 | X60: =_xlfn.IFNA(VLOOKUP(Table1[[#This Row],[MTP SKU Code]],'Audit Dimensions'!A:N,10,FALSE),"ARC") -> 0 | Y60: =IFERROR(Table1[[#This Row],[B2.Aud]]-Table1[[#This Row],[PW(gm)5]],"ERR") -> 0 | Z60: =IFERROR(Table1[[#This Row],[B2.Diff]]/Table1[[#This Row],[B2.Aud]],"NA") -> NA | AA60: =_xlfn.IFNA(VLOOKUP(Table1[[#This Row],[MTP SKU Code]],'Audit Dimensions'!A:N,14,FALSE),"ARC") -> 0 | AB60: =IFERROR(Table1[[#This Row],[B3.Aud]]-Table1[[#This Row],[PW(gm)9]],"ERR") -> 0 | AC60: =IFERROR(Table1[[#This Row],[B3.Diff]]/Table1[[#This Row],[BaLL.Aud]],"ERR") -> 0 | AD60: =_xlfn.IFNA(VLOOKUP(Table1[[#This Row],[MTP SKU Code]],'Audit Dimensions'!A:U,16,FALSE),"ARC") -> 4300 | AE60: =IFERROR(1-Table1[[#This Row],[Gms]]/Table1[[#This Row],[BaLL.Aud]],"ERR") -> 0
A61: S-BR-4 | B61: SB | C61: 75 | D61: 36 | E61: 5 | F61: 3725 | O61: =((IFERROR((C61*D61*E61),0)+IFERROR((G61*H61*I61),0)+IFERROR((K61*L61*M61),0))/1000000)*35.32 -> 0.47682 | P61: =Table1[[#This Row],[Column15]]*$P$2*1000 -> 2860.92 | Q61: =F61+J61+N61 -> 3725 | R61: =MAX(Q61,O61) -> 3725 | S61: =MAX(R61,P61) -> 3725 | T61: =VLOOKUP(A61,'[1]MTP SKUs - Master Data'!$A:$B,2,FALSE) -> DI | U61: =_xlfn.IFNA(VLOOKUP(Table1[[#This Row],[MTP SKU Code]],'Audit Dimensions'!A:N,6,FALSE),"ARC") -> 3725 | V61: =IFERROR(Table1[[#This Row],[B1.Aud]]-Table1[[#This Row],[PW(gm)]],"ERR") -> 0 | W61: =IFERROR(Table1[[#This Row],[B1.Diff]]/Table1[[#This Row],[B1.Aud]],"ERR") -> 0 | X61: =_xlfn.IFNA(VLOOKUP(Table1[[#This Row],[MTP SKU Code]],'Audit Dimensions'!A:N,10,FALSE),"ARC") -> 0 | Y61: =IFERROR(Table1[[#This Row],[B2.Aud]]-Table1[[#This Row],[PW(gm)5]],"ERR") -> 0 | Z61: =IFERROR(Table1[[#This Row],[B2.Diff]]/Table1[[#This Row],[B2.Aud]],"NA") -> NA | AA61: =_xlfn.IFNA(VLOOKUP(Table1[[#This Row],[MTP SKU Code]],'Audit Dimensions'!A:N,14,FALSE),"ARC") -> 0 | AB61: =IFERROR(Table1[[#This Row],[B3.Aud]]-Table1[[#This Row],[PW(gm)9]],"ERR") -> 0 | AC61: =IFERROR(Table1[[#This Row],[B3.Diff]]/Table1[[#This Row],[BaLL.Aud]],"ERR") -> 0 | AD61: =_xlfn.IFNA(VLOOKUP(Table1[[#This Row],[MTP SKU Code]],'Audit Dimensions'!A:U,16,FALSE),"ARC") -> 3725 | AE61: =IFERROR(1-Table1[[#This Row],[Gms]]/Table1[[#This Row],[BaLL.Aud]],"ERR") -> 0
A62: TU-SNQ-LA | B62: SB | C62: =_xlfn.XLOOKUP(Table1[[#This Row],[MTP SKU Code]],'Audit Dimensions'!A:A,'Audit Dimensions'!C:C,0) -> 165 | D62: =_xlfn.XLOOKUP(Table1[[#This Row],[MTP SKU Code]],'Audit Dimensions'!$A:$A,'Audit Dimensions'!D:D,0) -> 30 | E62: =_xlfn.XLOOKUP(Table1[[#This Row],[MTP SKU Code]],'Audit Dimensions'!$A:$A,'Audit Dimensions'!E:E,0) -> 8 | F62: 14890 | G62: =_xlfn.XLOOKUP(Table1[[#This Row],[MTP SKU Code]],'Audit Dimensions'!$A:$A,'Audit Dimensions'!G:G,0) -> 0 | H62: =_xlfn.XLOOKUP(Table1[[#This Row],[MTP SKU Code]],'Audit Dimensions'!$A:$A,'Audit Dimensions'!H:H,0) -> 0 | I62: =_xlfn.XLOOKUP(Table1[[#This Row],[MTP SKU Code]],'Audit Dimensions'!$A:$A,'Audit Dimensions'!I:I,0) -> 0 | J62: =_xlfn.XLOOKUP(Table1[[#This Row],[MTP SKU Code]],'Audit Dimensions'!$A:$A,'Audit Dimensions'!J:J,0) -> 0 | K62: =_xlfn.XLOOKUP(Table1[[#This Row],[MTP SKU Code]],'Audit Dimensions'!$A:$A,'Audit Dimensions'!K:K,0) -> 0 | L62: =_xlfn.XLOOKUP(Table1[[#This Row],[MTP SKU Code]],'Audit Dimensions'!$A:$A,'Audit Dimensions'!L:L,0) -> 0 | M62: =_xlfn.XLOOKUP(Table1[[#This Row],[MTP SKU Code]],'Audit Dimensions'!$A:$A,'Audit Dimensions'!M:M,0) -> 0 | N62: =_xlfn.XLOOKUP(Table1[[#This Row],[MTP SKU Code]],'Audit Dimensions'!$A:$A,'Audit Dimensions'!N:N,0) -> 0 | O62: =((IFERROR((C62*D62*E62),0)+IFERROR((G62*H62*I62),0)+IFERROR((K62*L62*M62),0))/1000000)*35.32 -> 1.398672 | P62: =Table1[[#This Row],[Column15]]*$P$2*1000 -> 8392.032 | Q62: =F62+J62+N62 -> 14890 | R62: =MAX(Q62,O62) -> 14890 | S62: =MAX(R62,P62) -> 14890 | T62: =VLOOKUP(A62,'[1]MTP SKUs - Master Data'!$A:$B,2,FALSE) -> Y | U62: =_xlfn.IFNA(VLOOKUP(Table1[[#This Row],[MTP SKU Code]],'Audit Dimensions'!A:N,6,FALSE),"ARC") -> 15150 | V62: =IFERROR(Table1[[#This Row],[B1.Aud]]-Table1[[#This Row],[PW(gm)]],"ERR") -> 260 | W62: =IFERROR(Table1[[#This Row],[B1.Diff]]/Table1[[#This Row],[B1.Aud]],"ERR") -> 0.017161716 | X62: =_xlfn.IFNA(VLOOKUP(Table1[[#This Row],[MTP SKU Code]],'Audit Dimensions'!A:N,10,FALSE),"ARC") -> 0 | Y62: =IFERROR(Table1[[#This Row],[B2.Aud]]-Table1[[#This Row],[PW(gm)5]],"ERR") -> 0 | Z62: =IFERROR(Table1[[#This Row],[B2.Diff]]/Table1[[#This Row],[B2.Aud]],"NA") -> NA | AA62: =_xlfn.IFNA(VLOOKUP(Table1[[#This Row],[MTP SKU Code]],'Audit Dimensions'!A:N,14,FALSE),"ARC") -> 0 | AB62: =IFERROR(Table1[[#This Row],[B3.Aud]]-Table1[[#This Row],[PW(gm)9]],"ERR") -> 0 | AC62: =IFERROR(Table1[[#This Row],[B3.Diff]]/Table1[[#This Row],[BaLL.Aud]],"ERR") -> 0 | AD62: =_xlfn.IFNA(VLOOKUP(Table1[[#This Row],[MTP SKU Code]],'Audit Dimensions'!A:U,16,FALSE),"ARC") -> 15150 | AE62: =IFERROR(1-Table1[[#This Row],[Gms]]/Table1[[#This Row],[BaLL.Aud]],"ERR") -> 0.017161716
A63: RT-RI | B63: SB | C63: =_xlfn.XLOOKUP(Table1[[#This Row],[MTP SKU Code]],'Audit Dimensions'!A:A,'Audit Dimensions'!C:C,0) -> 102 | D63: =_xlfn.XLOOKUP(Table1[[#This Row],[MTP SKU Code]],'Audit Dimensions'!$A:$A,'Audit Dimensions'!D:D,0) -> 56 | E63: =_xlfn.XLOOKUP(Table1[[#This Row],[MTP SKU Code]],'Audit Dimensions'!$A:$A,'Audit Dimensions'!E:E,0) -> 5 | F63: 9800 | G63: =_xlfn.XLOOKUP(Table1[[#This Row],[MTP SKU Code]],'Audit Dimensions'!$A:$A,'Audit Dimensions'!G:G,0) -> 0 | H63: =_xlfn.XLOOKUP(Table1[[#This Row],[MTP SKU Code]],'Audit Dimensions'!$A:$A,'Audit Dimensions'!H:H,0) -> 0 | I63: =_xlfn.XLOOKUP(Table1[[#This Row],[MTP SKU Code]],'Audit Dimensions'!$A:$A,'Audit Dimensions'!I:I,0) -> 0 | J63: =_xlfn.XLOOKUP(Table1[[#This Row],[MTP SKU Code]],'Audit Dimensions'!$A:$A,'Audit Dimensions'!J:J,0) -> 0 | K63: =_xlfn.XLOOKUP(Table1[[#This Row],[MTP SKU Code]],'Audit Dimensions'!$A:$A,'Audit Dimensions'!K:K,0) -> 0 | L63: =_xlfn.XLOOKUP(Table1[[#This Row],[MTP SKU Code]],'Audit Dimensions'!$A:$A,'Audit Dimensions'!L:L,0) -> 0 | M63: =_xlfn.XLOOKUP(Table1[[#This Row],[MTP SKU Code]],'Audit Dimensions'!$A:$A,'Audit Dimensions'!M:M,0) -> 0 | N63: =_xlfn.XLOOKUP(Table1[[#This Row],[MTP SKU Code]],'Audit Dimensions'!$A:$A,'Audit Dimensions'!N:N,0) -> 0 | O63: =((IFERROR((C63*D63*E63),0)+IFERROR((G63*H63*I63),0)+IFERROR((K63*L63*M63),0))/1000000)*35.32 -> 1.0087392 | P63: =Table1[[#This Row],[Column15]]*$P$2*1000 -> 6052.4352 | Q63: =F63+J63+N63 -> 9800 | R63: =MAX(Q63,O63) -> 9800 | S63: =MAX(R63,P63) -> 9800 | T63: =VLOOKUP(A63,'[1]MTP SKUs - Master Data'!$A:$B,2,FALSE) -> Y | U63: =_xlfn.IFNA(VLOOKUP(Table1[[#This Row],[MTP SKU Code]],'Audit Dimensions'!A:N,6,FALSE),"ARC") -> 10650 | V63: =IFERROR(Table1[[#This Row],[B1.Aud]]-Table1[[#This Row],[PW(gm)]],"ERR") -> 850 | W63: =IFERROR(Table1[[#This Row],[B1.Diff]]/Table1[[#This Row],[B1.Aud]],"ERR") -> 0.079812207 | X63: =_xlfn.IFNA(VLOOKUP(Table1[[#This Row],[MTP SKU Code]],'Audit Dimensions'!A:N,10,FALSE),"ARC") -> 0 | Y63: =IFERROR(Table1[[#This Row],[B2.Aud]]-Table1[[#This Row],[PW(gm)5]],"ERR") -> 0 | Z63: =IFERROR(Table1[[#This Row],[B2.Diff]]/Table1[[#This Row],[B2.Aud]],"NA") -> NA | AA63: =_xlfn.IFNA(VLOOKUP(Table1[[#This Row],[MTP SKU Code]],'Audit Dimensions'!A:N,14,FALSE),"ARC") -> 0 | AB63: =IFERROR(Table1[[#This Row],[B3.Aud]]-Table1[[#This Row],[PW(gm)9]],"ERR") -> 0 | AC63: =IFERROR(Table1[[#This Row],[B3.Diff]]/Table1[[#This Row],[BaLL.Aud]],"ERR") -> 0 | AD63: =_xlfn.IFNA(VLOOKUP(Table1[[#This Row],[MTP SKU Code]],'Audit Dimensions'!A:U,16,FALSE),"ARC") -> 10650 | AE63: =IFERROR(1-Table1[[#This Row],[Gms]]/Table1[[#This Row],[BaLL.Aud]],"ERR") -> 0.079812207
A64: W-AND-2N | B64: MB | C64: =_xlfn.XLOOKUP(Table1[[#This Row],[MTP SKU Code]],'Audit Dimensions'!A:A,'Audit Dimensions'!C:C,0) -> 122 | D64: =_xlfn.XLOOKUP(Table1[[#This Row],[MTP SKU Code]],'Audit Dimensions'!$A:$A,'Audit Dimensions'!D:D,0) -> 51 | E64: =_xlfn.XLOOKUP(Table1[[#This Row],[MTP SKU Code]],'Audit Dimensions'!$A:$A,'Audit Dimensions'!E:E,0) -> 12 | F64: 32000 | G64: =_xlfn.XLOOKUP(Table1[[#This Row],[MTP SKU Code]],'Audit Dimensions'!$A:$A,'Audit Dimensions'!G:G,0) -> 184 | H64: =_xlfn.XLOOKUP(Table1[[#This Row],[MTP SKU Code]],'Audit Dimensions'!$A:$A,'Audit Dimensions'!H:H,0) -> 53 | I64: =_xlfn.XLOOKUP(Table1[[#This Row],[MTP SKU Code]],'Audit Dimensions'!$A:$A,'Audit Dimensions'!I:I,0) -> 10 | J64: 41000 | K64: =_xlfn.XLOOKUP(Table1[[#This Row],[MTP SKU Code]],'Audit Dimensions'!$A:$A,'Audit Dimensions'!K:K,0) -> 0 | L64: =_xlfn.XLOOKUP(Table1[[#This Row],[MTP SKU Code]],'Audit Dimensions'!$A:$A,'Audit Dimensions'!L:L,0) -> 0 | M64: =_xlfn.XLOOKUP(Table1[[#This Row],[MTP SKU Code]],'Audit Dimensions'!$A:$A,'Audit Dimensions'!M:M,0) -> 0 | N64: =_xlfn.XLOOKUP(Table1[[#This Row],[MTP SKU Code]],'Audit Dimensions'!$A:$A,'Audit Dimensions'!N:N,0) -> 0 | O64: =((IFERROR((C64*D64*E64),0)+IFERROR((G64*H64*I64),0)+IFERROR((K64*L64*M64),0))/1000000)*35.32 -> 6.0815389 | P64: =Table1[[#This Row],[Column15]]*$P$2*1000 -> 36489.233 | Q64: =F64+J64+N64 -> 73000 | R64: =MAX(Q64,O64) -> 73000 | S64: =MAX(R64,P64) -> 73000 | T64: =VLOOKUP(A64,'[1]MTP SKUs - Master Data'!$A:$B,2,FALSE) -> Y | U64: =_xlfn.IFNA(VLOOKUP(Table1[[#This Row],[MTP SKU Code]],'Audit Dimensions'!A:N,6,FALSE),"ARC") -> 34650 | V64: =IFERROR(Table1[[#This Row],[B1.Aud]]-Table1[[#This Row],[PW(gm)]],"ERR") -> 2650 | W64: =IFERROR(Table1[[#This Row],[B1.Diff]]/Table1[[#This Row],[B1.Aud]],"ERR") -> 0.076479076 | X64: =_xlfn.IFNA(VLOOKUP(Table1[[#This Row],[MTP SKU Code]],'Audit Dimensions'!A:N,10,FALSE),"ARC") -> 43310 | Y64: =IFERROR(Table1[[#This Row],[B2.Aud]]-Table1[[#This Row],[PW(gm)5]],"ERR") -> 2310 | Z64: =IFERROR(Table1[[#This Row],[B2.Diff]]/Table1[[#This Row],[B2.Aud]],"NA") -> 0.053336412 | AA64: =_xlfn.IFNA(VLOOKUP(Table1[[#This Row],[MTP SKU Code]],'Audit Dimensions'!A:N,14,FALSE),"ARC") -> 0 | AB64: =IFERROR(Table1[[#This Row],[B3.Aud]]-Table1[[#This Row],[PW(gm)9]],"ERR") -> 0 | AC64: =IFERROR(Table1[[#This Row],[B3.Diff]]/Table1[[#This Row],[BaLL.Aud]],"ERR") -> 0 | AD64: =_xlfn.IFNA(VLOOKUP(Table1[[#This Row],[MTP SKU Code]],'Audit Dimensions'!A:U,16,FALSE),"ARC") -> 77960 | AE64: =IFERROR(1-Table1[[#This Row],[Gms]]/Table1[[#This Row],[BaLL.Aud]],"ERR") -> 0.06362237
A65: TU-PMS-ST | B65: SB | C65: =_xlfn.XLOOKUP(Table1[[#This Row],[MTP SKU Code]],'Audit Dimensions'!A:A,'Audit Dimensions'!C:C,0) -> 134 | D65: =_xlfn.XLOOKUP(Table1[[#This Row],[MTP SKU Code]],'Audit Dimensions'!$A:$A,'Audit Dimensions'!D:D,0) -> 30 | E65: =_xlfn.XLOOKUP(Table1[[#This Row],[MTP SKU Code]],'Audit Dimensions'!$A:$A,'Audit Dimensions'!E:E,0) -> 6 | F65: 7800 | G65: =_xlfn.XLOOKUP(Table1[[#This Row],[MTP SKU Code]],'Audit Dimensions'!$A:$A,'Audit Dimensions'!G:G,0) -> 0 | H65: =_xlfn.XLOOKUP(Table1[[#This Row],[MTP SKU Code]],'Audit Dimensions'!$A:$A,'Audit Dimensions'!H:H,0) -> 0 | I65: =_xlfn.XLOOKUP(Table1[[#This Row],[MTP SKU Code]],'Audit Dimensions'!$A:$A,'Audit Dimensions'!I:I,0) -> 0 | J65: =_xlfn.XLOOKUP(Table1[[#This Row],[MTP SKU Code]],'Audit Dimensions'!$A:$A,'Audit Dimensions'!J:J,0) -> 0 | K65: =_xlfn.XLOOKUP(Table1[[#This Row],[MTP SKU Code]],'Audit Dimensions'!$A:$A,'Audit Dimensions'!K:K,0) -> 0 | L65: =_xlfn.XLOOKUP(Table1[[#This Row],[MTP SKU Code]],'Audit Dimensions'!$A:$A,'Audit Dimensions'!L:L,0) -> 0 | M65: =_xlfn.XLOOKUP(Table1[[#This Row],[MTP SKU Code]],'Audit Dimensions'!$A:$A,'Audit Dimensions'!M:M,0) -> 0 | N65: =_xlfn.XLOOKUP(Table1[[#This Row],[MTP SKU Code]],'Audit Dimensions'!$A:$A,'Audit Dimensions'!N:N,0) -> 0 | O65: =((IFERROR((C65*D65*E65),0)+IFERROR((G65*H65*I65),0)+IFERROR((K65*L65*M65),0))/1000000)*35.32 -> 0.8519184 | P65: =Table1[[#This Row],[Column15]]*$P$2*1000 -> 5111.5104 | Q65: =F65+J65+N65 -> 7800 | R65: =MAX(Q65,O65) -> 7800 | S65: =MAX(R65,P65) -> 7800 | T65: =VLOOKUP(A65,'[1]MTP SKUs - Master Data'!$A:$B,2,FALSE) -> Y | U65: =_xlfn.IFNA(VLOOKUP(Table1[[#This Row],[MTP SKU Code]],'Audit Dimensions'!A:N,6,FALSE),"ARC") -> 8460 | V65: =IFERROR(Table1[[#This Row],[B1.Aud]]-Table1[[#This Row],[PW(gm)]],"ERR") -> 660 | W65: =IFERROR(Table1[[#This Row],[B1.Diff]]/Table1[[#This Row],[B1.Aud]],"ERR") -> 0.078014184 | X65: =_xlfn.IFNA(VLOOKUP(Table1[[#This Row],[MTP SKU Code]],'Audit Dimensions'!A:N,10,FALSE),"ARC") -> 0 | Y65: =IFERROR(Table1[[#This Row],[B2.Aud]]-Table1[[#This Row],[PW(gm)5]],"ERR") -> 0 | Z65: =IFERROR(Table1[[#This Row],[B2.Diff]]/Table1[[#This Row],[B2.Aud]],"NA") -> NA | AA65: =_xlfn.IFNA(VLOOKUP(Table1[[#This Row],[MTP SKU Code]],'Audit Dimensions'!A:N,14,FALSE),"ARC") -> 0 | AB65: =IFERROR(Table1[[#This Row],[B3.Aud]]-Table1[[#This Row],[PW(gm)9]],"ERR") -> 0 | AC65: =IFERROR(Table1[[#This Row],[B3.Diff]]/Table1[[#This Row],[BaLL.Aud]],"ERR") -> 0 | AD65: =_xlfn.IFNA(VLOOKUP(Table1[[#This Row],[MTP SKU Code]],'Audit Dimensions'!A:U,16,FALSE),"ARC") -> 8460 | AE65: =IFERROR(1-Table1[[#This Row],[Gms]]/Table1[[#This Row],[BaLL.Aud]],"ERR") -> 0.078014184
A66: CT-DOV | B66: SB | C66: =_xlfn.XLOOKUP(Table1[[#This Row],[MTP SKU Code]],'Audit Dimensions'!A:A,'Audit Dimensions'!C:C,0) -> 110 | D66: =_xlfn.XLOOKUP(Table1[[#This Row],[MTP SKU Code]],'Audit Dimensions'!$A:$A,'Audit Dimensions'!D:D,0) -> 54 | E66: =_xlfn.XLOOKUP(Table1[[#This Row],[MTP SKU Code]],'Audit Dimensions'!$A:$A,'Audit Dimensions'!E:E,0) -> 8 | F66: 22450 | G66: =_xlfn.XLOOKUP(Table1[[#This Row],[MTP SKU Code]],'Audit Dimensions'!$A:$A,'Audit Dimensions'!G:G,0) -> 0 | H66: =_xlfn.XLOOKUP(Table1[[#This Row],[MTP SKU Code]],'Audit Dimensions'!$A:$A,'Audit Dimensions'!H:H,0) -> 0 | I66: =_xlfn.XLOOKUP(Table1[[#This Row],[MTP SKU Code]],'Audit Dimensions'!$A:$A,'Audit Dimensions'!I:I,0) -> 0 | J66: =_xlfn.XLOOKUP(Table1[[#This Row],[MTP SKU Code]],'Audit Dimensions'!$A:$A,'Audit Dimensions'!J:J,0) -> 0 | K66: =_xlfn.XLOOKUP(Table1[[#This Row],[MTP SKU Code]],'Audit Dimensions'!$A:$A,'Audit Dimensions'!K:K,0) -> 0 | L66: =_xlfn.XLOOKUP(Table1[[#This Row],[MTP SKU Code]],'Audit Dimensions'!$A:$A,'Audit Dimensions'!L:L,0) -> 0 | M66: =_xlfn.XLOOKUP(Table1[[#This Row],[MTP SKU Code]],'Audit Dimensions'!$A:$A,'Audit Dimensions'!M:M,0) -> 0 | N66: =_xlfn.XLOOKUP(Table1[[#This Row],[MTP SKU Code]],'Audit Dimensions'!$A:$A,'Audit Dimensions'!N:N,0) -> 0 | O66: =((IFERROR((C66*D66*E66),0)+IFERROR((G66*H66*I66),0)+IFERROR((K66*L66*M66),0))/1000000)*35.32 -> 1.6784064 | P66: =Table1[[#This Row],[Column15]]*$P$2*1000 -> 10070.438 | Q66: =F66+J66+N66 -> 22450 | R66: =MAX(Q66,O66) -> 22450 | S66: =MAX(R66,P66) -> 22450 | T66: =VLOOKUP(A66,'[1]MTP SKUs - Master Data'!$A:$B,2,FALSE) -> RL | U66: =_xlfn.IFNA(VLOOKUP(Table1[[#This Row],[MTP SKU Code]],'Audit Dimensions'!A:N,6,FALSE),"ARC") -> 23900 | V66: =IFERROR(Table1[[#This Row],[B1.Aud]]-Table1[[#This Row],[PW(gm)]],"ERR") -> 1450 | W66: =IFERROR(Table1[[#This Row],[B1.Diff]]/Table1[[#This Row],[B1.Aud]],"ERR") -> 0.060669456 | X66: =_xlfn.IFNA(VLOOKUP(Table1[[#This Row],[MTP SKU Code]],'Audit Dimensions'!A:N,10,FALSE),"ARC") -> 0 | Y66: =IFERROR(Table1[[#This Row],[B2.Aud]]-Table1[[#This Row],[PW(gm)5]],"ERR") -> 0 | Z66: =IFERROR(Table1[[#This Row],[B2.Diff]]/Table1[[#This Row],[B2.Aud]],"NA") -> NA | AA66: =_xlfn.IFNA(VLOOKUP(Table1[[#This Row],[MTP SKU Code]],'Audit Dimensions'!A:N,14,FALSE),"ARC") -> 0 | AB66: =IFERROR(Table1[[#This Row],[B3.Aud]]-Table1[[#This Row],[PW(gm)9]],"ERR") -> 0 | AC66: =IFERROR(Table1[[#This Row],[B3.Diff]]/Table1[[#This Row],[BaLL.Aud]],"ERR") -> 0 | AD66: =_xlfn.IFNA(VLOOKUP(Table1[[#This Row],[MTP SKU Code]],'Audit Dimensions'!A:U,16,FALSE),"ARC") -> 23900 | AE66: =IFERROR(1-Table1[[#This Row],[Gms]]/Table1[[#This Row],[BaLL.Aud]],"ERR") -> 0.060669456
A67: TU-MYN | B67: SB | C67: =_xlfn.XLOOKUP(Table1[[#This Row],[MTP SKU Code]],'Audit Dimensions'!A:A,'Audit Dimensions'!C:C,0) -> 165 | D67: =_xlfn.XLOOKUP(Table1[[#This Row],[MTP SKU Code]],'Audit Dimensions'!$A:$A,'Audit Dimensions'!D:D,0) -> 37 | E67: =_xlfn.XLOOKUP(Table1[[#This Row],[MTP SKU Code]],'Audit Dimensions'!$A:$A,'Audit Dimensions'!E:E,0) -> 12 | F67: 45500 | G67: =_xlfn.XLOOKUP(Table1[[#This Row],[MTP SKU Code]],'Audit Dimensions'!$A:$A,'Audit Dimensions'!G:G,0) -> 0 | H67: =_xlfn.XLOOKUP(Table1[[#This Row],[MTP SKU Code]],'Audit Dimensions'!$A:$A,'Audit Dimensions'!H:H,0) -> 0 | I67: =_xlfn.XLOOKUP(Table1[[#This Row],[MTP SKU Code]],'Audit Dimensions'!$A:$A,'Audit Dimensions'!I:I,0) -> 0 | J67: =_xlfn.XLOOKUP(Table1[[#This Row],[MTP SKU Code]],'Audit Dimensions'!$A:$A,'Audit Dimensions'!J:J,0) -> 0 | K67: =_xlfn.XLOOKUP(Table1[[#This Row],[MTP SKU Code]],'Audit Dimensions'!$A:$A,'Audit Dimensions'!K:K,0) -> 0 | L67: =_xlfn.XLOOKUP(Table1[[#This Row],[MTP SKU Code]],'Audit Dimensions'!$A:$A,'Audit Dimensions'!L:L,0) -> 0 | M67: =_xlfn.XLOOKUP(Table1[[#This Row],[MTP SKU Code]],'Audit Dimensions'!$A:$A,'Audit Dimensions'!M:M,0) -> 0 | N67: =_xlfn.XLOOKUP(Table1[[#This Row],[MTP SKU Code]],'Audit Dimensions'!$A:$A,'Audit Dimensions'!N:N,0) -> 0 | O67: =((IFERROR((C67*D67*E67),0)+IFERROR((G67*H67*I67),0)+IFERROR((K67*L67*M67),0))/1000000)*35.32 -> 2.5875432 | P67: =Table1[[#This Row],[Column15]]*$P$2*1000 -> 15525.259 | Q67: =F67+J67+N67 -> 45500 | R67: =MAX(Q67,O67) -> 45500 | S67: =MAX(R67,P67) -> 45500 | T67: =VLOOKUP(A67,'[1]MTP SKUs - Master Data'!$A:$B,2,FALSE) -> Y | U67: =_xlfn.IFNA(VLOOKUP(Table1[[#This Row],[MTP SKU Code]],'Audit Dimensions'!A:N,6,FALSE),"ARC") -> 47930 | V67: =IFERROR(Table1[[#This Row],[B1.Aud]]-Table1[[#This Row],[PW(gm)]],"ERR") -> 2430 | W67: =IFERROR(Table1[[#This Row],[B1.Diff]]/Table1[[#This Row],[B1.Aud]],"ERR") -> 0.050698936 | X67: =_xlfn.IFNA(VLOOKUP(Table1[[#This Row],[MTP SKU Code]],'Audit Dimensions'!A:N,10,FALSE),"ARC") -> 0 | Y67: =IFERROR(Table1[[#This Row],[B2.Aud]]-Table1[[#This Row],[PW(gm)5]],"ERR") -> 0 | Z67: =IFERROR(Table1[[#This Row],[B2.Diff]]/Table1[[#This Row],[B2.Aud]],"NA") -> NA | AA67: =_xlfn.IFNA(VLOOKUP(Table1[[#This Row],[MTP SKU Code]],'Audit Dimensions'!A:N,14,FALSE),"ARC") -> 0 | AB67: =IFERROR(Table1[[#This Row],[B3.Aud]]-Table1[[#This Row],[PW(gm)9]],"ERR") -> 0 | AC67: =IFERROR(Table1[[#This Row],[B3.Diff]]/Table1[[#This Row],[BaLL.Aud]],"ERR") -> 0 | AD67: =_xlfn.IFNA(VLOOKUP(Table1[[#This Row],[MTP SKU Code]],'Audit Dimensions'!A:U,16,FALSE),"ARC") -> 47930 | AE67: =IFERROR(1-Table1[[#This Row],[Gms]]/Table1[[#This Row],[BaLL.Aud]],"ERR") -> 0.050698936
A68: TU-RYE-LA | B68: SB | C68: =_xlfn.XLOOKUP(Table1[[#This Row],[MTP SKU Code]],'Audit Dimensions'!A:A,'Audit Dimensions'!C:C,0) -> 167 | D68: =_xlfn.XLOOKUP(Table1[[#This Row],[MTP SKU Code]],'Audit Dimensions'!$A:$A,'Audit Dimensions'!D:D,0) -> 35 | E68: =_xlfn.XLOOKUP(Table1[[#This Row],[MTP SKU Code]],'Audit Dimensions'!$A:$A,'Audit Dimensions'!E:E,0) -> 10 | F68: 27300 | G68: =_xlfn.XLOOKUP(Table1[[#This Row],[MTP SKU Code]],'Audit Dimensions'!$A:$A,'Audit Dimensions'!G:G,0) -> 0 | H68: =_xlfn.XLOOKUP(Table1[[#This Row],[MTP SKU Code]],'Audit Dimensions'!$A:$A,'Audit Dimensions'!H:H,0) -> 0 | I68: =_xlfn.XLOOKUP(Table1[[#This Row],[MTP SKU Code]],'Audit Dimensions'!$A:$A,'Audit Dimensions'!I:I,0) -> 0 | J68: =_xlfn.XLOOKUP(Table1[[#This Row],[MTP SKU Code]],'Audit Dimensions'!$A:$A,'Audit Dimensions'!J:J,0) -> 0 | K68: =_xlfn.XLOOKUP(Table1[[#This Row],[MTP SKU Code]],'Audit Dimensions'!$A:$A,'Audit Dimensions'!K:K,0) -> 0 | L68: =_xlfn.XLOOKUP(Table1[[#This Row],[MTP SKU Code]],'Audit Dimensions'!$A:$A,'Audit Dimensions'!L:L,0) -> 0 | M68: =_xlfn.XLOOKUP(Table1[[#This Row],[MTP SKU Code]],'Audit Dimensions'!$A:$A,'Audit Dimensions'!M:M,0) -> 0 | N68: =_xlfn.XLOOKUP(Table1[[#This Row],[MTP SKU Code]],'Audit Dimensions'!$A:$A,'Audit Dimensions'!N:N,0) -> 0 | O68: =((IFERROR((C68*D68*E68),0)+IFERROR((G68*H68*I68),0)+IFERROR((K68*L68*M68),0))/1000000)*35.32 -> 2.064454 | P68: =Table1[[#This Row],[Column15]]*$P$2*1000 -> 12386.724 | Q68: =F68+J68+N68 -> 27300 | R68: =MAX(Q68,O68) -> 27300 | S68: =MAX(R68,P68) -> 27300 | T68: =VLOOKUP(A68,'[1]MTP SKUs - Master Data'!$A:$B,2,FALSE) -> Y | U68: =_xlfn.IFNA(VLOOKUP(Table1[[#This Row],[MTP SKU Code]],'Audit Dimensions'!A:N,6,FALSE),"ARC") -> 29370 | V68: =IFERROR(Table1[[#This Row],[B1.Aud]]-Table1[[#This Row],[PW(gm)]],"ERR") -> 2070 | W68: =IFERROR(Table1[[#This Row],[B1.Diff]]/Table1[[#This Row],[B1.Aud]],"ERR") -> 0.070480082 | X68: =_xlfn.IFNA(VLOOKUP(Table1[[#This Row],[MTP SKU Code]],'Audit Dimensions'!A:N,10,FALSE),"ARC") -> 0 | Y68: =IFERROR(Table1[[#This Row],[B2.Aud]]-Table1[[#This Row],[PW(gm)5]],"ERR") -> 0 | Z68: =IFERROR(Table1[[#This Row],[B2.Diff]]/Table1[[#This Row],[B2.Aud]],"NA") -> NA | AA68: =_xlfn.IFNA(VLOOKUP(Table1[[#This Row],[MTP SKU Code]],'Audit Dimensions'!A:N,14,FALSE),"ARC") -> 0 | AB68: =IFERROR(Table1[[#This Row],[B3.Aud]]-Table1[[#This Row],[PW(gm)9]],"ERR") -> 0 | AC68: =IFERROR(Table1[[#This Row],[B3.Diff]]/Table1[[#This Row],[BaLL.Aud]],"ERR") -> 0 | AD68: =_xlfn.IFNA(VLOOKUP(Table1[[#This Row],[MTP SKU Code]],'Audit Dimensions'!A:U,16,FALSE),"ARC") -> 29370 | AE68: =IFERROR(1-Table1[[#This Row],[Gms]]/Table1[[#This Row],[BaLL.Aud]],"ERR") -> 0.070480082
A69: DC-CLV | B69: SB | C69: =_xlfn.XLOOKUP(Table1[[#This Row],[MTP SKU Code]],'Audit Dimensions'!A:A,'Audit Dimensions'!C:C,0) -> 85 | D69: =_xlfn.XLOOKUP(Table1[[#This Row],[MTP SKU Code]],'Audit Dimensions'!$A:$A,'Audit Dimensions'!D:D,0) -> 50 | E69: =_xlfn.XLOOKUP(Table1[[#This Row],[MTP SKU Code]],'Audit Dimensions'!$A:$A,'Audit Dimensions'!E:E,0) -> 16 | F69: 37500 | G69: =_xlfn.XLOOKUP(Table1[[#This Row],[MTP SKU Code]],'Audit Dimensions'!$A:$A,'Audit Dimensions'!G:G,0) -> 0 | H69: =_xlfn.XLOOKUP(Table1[[#This Row],[MTP SKU Code]],'Audit Dimensions'!$A:$A,'Audit Dimensions'!H:H,0) -> 0 | I69: =_xlfn.XLOOKUP(Table1[[#This Row],[MTP SKU Code]],'Audit Dimensions'!$A:$A,'Audit Dimensions'!I:I,0) -> 0 | J69: =_xlfn.XLOOKUP(Table1[[#This Row],[MTP SKU Code]],'Audit Dimensions'!$A:$A,'Audit Dimensions'!J:J,0) -> 0 | K69: =_xlfn.XLOOKUP(Table1[[#This Row],[MTP SKU Code]],'Audit Dimensions'!$A:$A,'Audit Dimensions'!K:K,0) -> 0 | L69: =_xlfn.XLOOKUP(Table1[[#This Row],[MTP SKU Code]],'Audit Dimensions'!$A:$A,'Audit Dimensions'!L:L,0) -> 0 | M69: =_xlfn.XLOOKUP(Table1[[#This Row],[MTP SKU Code]],'Audit Dimensions'!$A:$A,'Audit Dimensions'!M:M,0) -> 0 | N69: =_xlfn.XLOOKUP(Table1[[#This Row],[MTP SKU Code]],'Audit Dimensions'!$A:$A,'Audit Dimensions'!N:N,0) -> 0 | O69: =((IFERROR((C69*D69*E69),0)+IFERROR((G69*H69*I69),0)+IFERROR((K69*L69*M69),0))/1000000)*35.32 -> 2.40176 | P69: =Table1[[#This Row],[Column15]]*$P$2*1000 -> 14410.56 | Q69: =F69+J69+N69 -> 37500 | R69: =MAX(Q69,O69) -> 37500 | S69: =MAX(R69,P69) -> 37500 | T69: =VLOOKUP(A69,'[1]MTP SKUs - Master Data'!$A:$B,2,FALSE) -> Y | U69: =_xlfn.IFNA(VLOOKUP(Table1[[#This Row],[MTP SKU Code]],'Audit Dimensions'!A:N,6,FALSE),"ARC") -> 39200 | V69: =IFERROR(Table1[[#This Row],[B1.Aud]]-Table1[[#This Row],[PW(gm)]],"ERR") -> 1700 | W69: =IFERROR(Table1[[#This Row],[B1.Diff]]/Table1[[#This Row],[B1.Aud]],"ERR") -> 0.043367347 | X69: =_xlfn.IFNA(VLOOKUP(Table1[[#This Row],[MTP SKU Code]],'Audit Dimensions'!A:N,10,FALSE),"ARC") -> 0 | Y69: =IFERROR(Table1[[#This Row],[B2.Aud]]-Table1[[#This Row],[PW(gm)5]],"ERR") -> 0 | Z69: =IFERROR(Table1[[#This Row],[B2.Diff]]/Table1[[#This Row],[B2.Aud]],"NA") -> NA | AA69: =_xlfn.IFNA(VLOOKUP(Table1[[#This Row],[MTP SKU Code]],'Audit Dimensions'!A:N,14,FALSE),"ARC") -> 0 | AB69: =IFERROR(Table1[[#This Row],[B3.Aud]]-Table1[[#This Row],[PW(gm)9]],"ERR") -> 0 | AC69: =IFERROR(Table1[[#This Row],[B3.Diff]]/Table1[[#This Row],[BaLL.Aud]],"ERR") -> 0 | AD69: =_xlfn.IFNA(VLOOKUP(Table1[[#This Row],[MTP SKU Code]],'Audit Dimensions'!A:U,16,FALSE),"ARC") -> 39200 | AE69: =IFERROR(1-Table1[[#This Row],[Gms]]/Table1[[#This Row],[BaLL.Aud]],"ERR") -> 0.043367347
A70: SR-FYN | B70: SB | C70: =_xlfn.XLOOKUP(Table1[[#This Row],[MTP SKU Code]],'Audit Dimensions'!A:A,'Audit Dimensions'!C:C,0) -> 121 | D70: =_xlfn.XLOOKUP(Table1[[#This Row],[MTP SKU Code]],'Audit Dimensions'!$A:$A,'Audit Dimensions'!D:D,0) -> 50 | E70: =_xlfn.XLOOKUP(Table1[[#This Row],[MTP SKU Code]],'Audit Dimensions'!$A:$A,'Audit Dimensions'!E:E,0) -> 18 | F70: 42500 | G70: =_xlfn.XLOOKUP(Table1[[#This Row],[MTP SKU Code]],'Audit Dimensions'!$A:$A,'Audit Dimensions'!G:G,0) -> 0 | H70: =_xlfn.XLOOKUP(Table1[[#This Row],[MTP SKU Code]],'Audit Dimensions'!$A:$A,'Audit Dimensions'!H:H,0) -> 0 | I70: =_xlfn.XLOOKUP(Table1[[#This Row],[MTP SKU Code]],'Audit Dimensions'!$A:$A,'Audit Dimensions'!I:I,0) -> 0 | J70: =_xlfn.XLOOKUP(Table1[[#This Row],[MTP SKU Code]],'Audit Dimensions'!$A:$A,'Audit Dimensions'!J:J,0) -> 0 | K70: =_xlfn.XLOOKUP(Table1[[#This Row],[MTP SKU Code]],'Audit Dimensions'!$A:$A,'Audit Dimensions'!K:K,0) -> 0 | L70: =_xlfn.XLOOKUP(Table1[[#This Row],[MTP SKU Code]],'Audit Dimensions'!$A:$A,'Audit Dimensions'!L:L,0) -> 0 | M70: =_xlfn.XLOOKUP(Table1[[#This Row],[MTP SKU Code]],'Audit Dimensions'!$A:$A,'Audit Dimensions'!M:M,0) -> 0 | N70: =_xlfn.XLOOKUP(Table1[[#This Row],[MTP SKU Code]],'Audit Dimensions'!$A:$A,'Audit Dimensions'!N:N,0) -> 0 | O70: =((IFERROR((C70*D70*E70),0)+IFERROR((G70*H70*I70),0)+IFERROR((K70*L70*M70),0))/1000000)*35.32 -> 3.846348 | P70: =Table1[[#This Row],[Column15]]*$P$2*1000 -> 23078.088 | Q70: =F70+J70+N70 -> 42500 | R70: =MAX(Q70,O70) -> 42500 | S70: =MAX(R70,P70) -> 42500 | T70: =VLOOKUP(A70,'[1]MTP SKUs - Master Data'!$A:$B,2,FALSE) -> Y | U70: =_xlfn.IFNA(VLOOKUP(Table1[[#This Row],[MTP SKU Code]],'Audit Dimensions'!A:N,6,FALSE),"ARC") -> 45720 | V70: =IFERROR(Table1[[#This Row],[B1.Aud]]-Table1[[#This Row],[PW(gm)]],"ERR") -> 3220 | W70: =IFERROR(Table1[[#This Row],[B1.Diff]]/Table1[[#This Row],[B1.Aud]],"ERR") -> 0.070428696 | X70: =_xlfn.IFNA(VLOOKUP(Table1[[#This Row],[MTP SKU Code]],'Audit Dimensions'!A:N,10,FALSE),"ARC") -> 0 | Y70: =IFERROR(Table1[[#This Row],[B2.Aud]]-Table1[[#This Row],[PW(gm)5]],"ERR") -> 0 | Z70: =IFERROR(Table1[[#This Row],[B2.Diff]]/Table1[[#This Row],[B2.Aud]],"NA") -> NA | AA70: =_xlfn.IFNA(VLOOKUP(Table1[[#This Row],[MTP SKU Code]],'Audit Dimensions'!A:N,14,FALSE),"ARC") -> 0 | AB70: =IFERROR(Table1[[#This Row],[B3.Aud]]-Table1[[#This Row],[PW(gm)9]],"ERR") -> 0 | AC70: =IFERROR(Table1[[#This Row],[B3.Diff]]/Table1[[#This Row],[BaLL.Aud]],"ERR") -> 0 | AD70: =_xlfn.IFNA(VLOOKUP(Table1[[#This Row],[MTP SKU Code]],'Audit Dimensions'!A:U,16,FALSE),"ARC") -> 45720 | AE70: =IFERROR(1-Table1[[#This Row],[Gms]]/Table1[[#This Row],[BaLL.Aud]],"ERR") -> 0.070428696
A71: S-XD | B71: SB | C71: =_xlfn.XLOOKUP(Table1[[#This Row],[MTP SKU Code]],'Audit Dimensions'!A:A,'Audit Dimensions'!C:C,0) -> 97 | D71: =_xlfn.XLOOKUP(Table1[[#This Row],[MTP SKU Code]],'Audit Dimensions'!$A:$A,'Audit Dimensions'!D:D,0) -> 20 | E71: =_xlfn.XLOOKUP(Table1[[#This Row],[MTP SKU Code]],'Audit Dimensions'!$A:$A,'Audit Dimensions'!E:E,0) -> 3 | F71: 8800 | G71: =_xlfn.XLOOKUP(Table1[[#This Row],[MTP SKU Code]],'Audit Dimensions'!$A:$A,'Audit Dimensions'!G:G,0) -> 0 | H71: =_xlfn.XLOOKUP(Table1[[#This Row],[MTP SKU Code]],'Audit Dimensions'!$A:$A,'Audit Dimensions'!H:H,0) -> 0 | I71: =_xlfn.XLOOKUP(Table1[[#This Row],[MTP SKU Code]],'Audit Dimensions'!$A:$A,'Audit Dimensions'!I:I,0) -> 0 | J71: =_xlfn.XLOOKUP(Table1[[#This Row],[MTP SKU Code]],'Audit Dimensions'!$A:$A,'Audit Dimensions'!J:J,0) -> 0 | K71: =_xlfn.XLOOKUP(Table1[[#This Row],[MTP SKU Code]],'Audit Dimensions'!$A:$A,'Audit Dimensions'!K:K,0) -> 0 | L71: =_xlfn.XLOOKUP(Table1[[#This Row],[MTP SKU Code]],'Audit Dimensions'!$A:$A,'Audit Dimensions'!L:L,0) -> 0 | M71: =_xlfn.XLOOKUP(Table1[[#This Row],[MTP SKU Code]],'Audit Dimensions'!$A:$A,'Audit Dimensions'!M:M,0) -> 0 | N71: =_xlfn.XLOOKUP(Table1[[#This Row],[MTP SKU Code]],'Audit Dimensions'!$A:$A,'Audit Dimensions'!N:N,0) -> 0 | O71: =((IFERROR((C71*D71*E71),0)+IFERROR((G71*H71*I71),0)+IFERROR((K71*L71*M71),0))/1000000)*35.32 -> 0.2055624 | P71: =Table1[[#This Row],[Column15]]*$P$2*1000 -> 1233.3744 | Q71: =F71+J71+N71 -> 8800 | R71: =MAX(Q71,O71) -> 8800 | S71: =MAX(R71,P71) -> 8800 | T71: =VLOOKUP(A71,'[1]MTP SKUs - Master Data'!$A:$B,2,FALSE) -> Y | U71: =_xlfn.IFNA(VLOOKUP(Table1[[#This Row],[MTP SKU Code]],'Audit Dimensions'!A:N,6,FALSE),"ARC") -> 9700 | V71: =IFERROR(Table1[[#This Row],[B1.Aud]]-Table1[[#This Row],[PW(gm)]],"ERR") -> 900 | W71: =IFERROR(Table1[[#This Row],[B1.Diff]]/Table1[[#This Row],[B1.Aud]],"ERR") -> 0.092783505 | X71: =_xlfn.IFNA(VLOOKUP(Table1[[#This Row],[MTP SKU Code]],'Audit Dimensions'!A:N,10,FALSE),"ARC") -> 0 | Y71: =IFERROR(Table1[[#This Row],[B2.Aud]]-Table1[[#This Row],[PW(gm)5]],"ERR") -> 0 | Z71: =IFERROR(Table1[[#This Row],[B2.Diff]]/Table1[[#This Row],[B2.Aud]],"NA") -> NA | AA71: =_xlfn.IFNA(VLOOKUP(Table1[[#This Row],[MTP SKU Code]],'Audit Dimensions'!A:N,14,FALSE),"ARC") -> 0 | AB71: =IFERROR(Table1[[#This Row],[B3.Aud]]-Table1[[#This Row],[PW(gm)9]],"ERR") -> 0 | AC71: =IFERROR(Table1[[#This Row],[B3.Diff]]/Table1[[#This Row],[BaLL.Aud]],"ERR") -> 0 | AD71: =_xlfn.IFNA(VLOOKUP(Table1[[#This Row],[MTP SKU Code]],'Audit Dimensions'!A:U,16,FALSE),"ARC") -> 9700 | AE71: =IFERROR(1-Table1[[#This Row],[Gms]]/Table1[[#This Row],[BaLL.Aud]],"ERR") -> 0.092783505
A72: TU-WBM | B72: SB | C72: =_xlfn.XLOOKUP(Table1[[#This Row],[MTP SKU Code]],'Audit Dimensions'!A:A,'Audit Dimensions'!C:C,0) -> 196 | D72: =_xlfn.XLOOKUP(Table1[[#This Row],[MTP SKU Code]],'Audit Dimensions'!$A:$A,'Audit Dimensions'!D:D,0) -> 43 | E72: =_xlfn.XLOOKUP(Table1[[#This Row],[MTP SKU Code]],'Audit Dimensions'!$A:$A,'Audit Dimensions'!E:E,0) -> 8 | F72: 30500 | G72: =_xlfn.XLOOKUP(Table1[[#This Row],[MTP SKU Code]],'Audit Dimensions'!$A:$A,'Audit Dimensions'!G:G,0) -> 0 | H72: =_xlfn.XLOOKUP(Table1[[#This Row],[MTP SKU Code]],'Audit Dimensions'!$A:$A,'Audit Dimensions'!H:H,0) -> 0 | I72: =_xlfn.XLOOKUP(Table1[[#This Row],[MTP SKU Code]],'Audit Dimensions'!$A:$A,'Audit Dimensions'!I:I,0) -> 0 | J72: =_xlfn.XLOOKUP(Table1[[#This Row],[MTP SKU Code]],'Audit Dimensions'!$A:$A,'Audit Dimensions'!J:J,0) -> 0 | K72: =_xlfn.XLOOKUP(Table1[[#This Row],[MTP SKU Code]],'Audit Dimensions'!$A:$A,'Audit Dimensions'!K:K,0) -> 0 | L72: =_xlfn.XLOOKUP(Table1[[#This Row],[MTP SKU Code]],'Audit Dimensions'!$A:$A,'Audit Dimensions'!L:L,0) -> 0 | M72: =_xlfn.XLOOKUP(Table1[[#This Row],[MTP SKU Code]],'Audit Dimensions'!$A:$A,'Audit Dimensions'!M:M,0) -> 0 | N72: =_xlfn.XLOOKUP(Table1[[#This Row],[MTP SKU Code]],'Audit Dimensions'!$A:$A,'Audit Dimensions'!N:N,0) -> 0 | O72: =((IFERROR((C72*D72*E72),0)+IFERROR((G72*H72*I72),0)+IFERROR((K72*L72*M72),0))/1000000)*35.32 -> 2.3814157 | P72: =Table1[[#This Row],[Column15]]*$P$2*1000 -> 14288.494 | Q72: =F72+J72+N72 -> 30500 | R72: =MAX(Q72,O72) -> 30500 | S72: =MAX(R72,P72) -> 30500 | T72: =VLOOKUP(A72,'[1]MTP SKUs - Master Data'!$A:$B,2,FALSE) -> Y | U72: =_xlfn.IFNA(VLOOKUP(Table1[[#This Row],[MTP SKU Code]],'Audit Dimensions'!A:N,6,FALSE),"ARC") -> 32740 | V72: =IFERROR(Table1[[#This Row],[B1.Aud]]-Table1[[#This Row],[PW(gm)]],"ERR") -> 2240 | W72: =IFERROR(Table1[[#This Row],[B1.Diff]]/Table1[[#This Row],[B1.Aud]],"ERR") -> 0.068417838 | X72: =_xlfn.IFNA(VLOOKUP(Table1[[#This Row],[MTP SKU Code]],'Audit Dimensions'!A:N,10,FALSE),"ARC") -> 0 | Y72: =IFERROR(Table1[[#This Row],[B2.Aud]]-Table1[[#This Row],[PW(gm)5]],"ERR") -> 0 | Z72: =IFERROR(Table1[[#This Row],[B2.Diff]]/Table1[[#This Row],[B2.Aud]],"NA") -> NA | AA72: =_xlfn.IFNA(VLOOKUP(Table1[[#This Row],[MTP SKU Code]],'Audit Dimensions'!A:N,14,FALSE),"ARC") -> 0 | AB72: =IFERROR(Table1[[#This Row],[B3.Aud]]-Table1[[#This Row],[PW(gm)9]],"ERR") -> 0 | AC72: =IFERROR(Table1[[#This Row],[B3.Diff]]/Table1[[#This Row],[BaLL.Aud]],"ERR") -> 0 | AD72: =_xlfn.IFNA(VLOOKUP(Table1[[#This Row],[MTP SKU Code]],'Audit Dimensions'!A:U,16,FALSE),"ARC") -> 32740 | AE72: =IFERROR(1-Table1[[#This Row],[Gms]]/Table1[[#This Row],[BaLL.Aud]],"ERR") -> 0.068417838
A73: TU-PIN | B73: SB | C73: =_xlfn.XLOOKUP(Table1[[#This Row],[MTP SKU Code]],'Audit Dimensions'!A:A,'Audit Dimensions'!C:C,0) -> 192 | D73: =_xlfn.XLOOKUP(Table1[[#This Row],[MTP SKU Code]],'Audit Dimensions'!$A:$A,'Audit Dimensions'!D:D,0) -> 45 | E73: =_xlfn.XLOOKUP(Table1[[#This Row],[MTP SKU Code]],'Audit Dimensions'!$A:$A,'Audit Dimensions'!E:E,0) -> 13 | F73: 48300 | G73: =_xlfn.XLOOKUP(Table1[[#This Row],[MTP SKU Code]],'Audit Dimensions'!$A:$A,'Audit Dimensions'!G:G,0) -> 0 | H73: =_xlfn.XLOOKUP(Table1[[#This Row],[MTP SKU Code]],'Audit Dimensions'!$A:$A,'Audit Dimensions'!H:H,0) -> 0 | I73: =_xlfn.XLOOKUP(Table1[[#This Row],[MTP SKU Code]],'Audit Dimensions'!$A:$A,'Audit Dimensions'!I:I,0) -> 0 | J73: =_xlfn.XLOOKUP(Table1[[#This Row],[MTP SKU Code]],'Audit Dimensions'!$A:$A,'Audit Dimensions'!J:J,0) -> 0 | K73: =_xlfn.XLOOKUP(Table1[[#This Row],[MTP SKU Code]],'Audit Dimensions'!$A:$A,'Audit Dimensions'!K:K,0) -> 0 | L73: =_xlfn.XLOOKUP(Table1[[#This Row],[MTP SKU Code]],'Audit Dimensions'!$A:$A,'Audit Dimensions'!L:L,0) -> 0 | M73: =_xlfn.XLOOKUP(Table1[[#This Row],[MTP SKU Code]],'Audit Dimensions'!$A:$A,'Audit Dimensions'!M:M,0) -> 0 | N73: =_xlfn.XLOOKUP(Table1[[#This Row],[MTP SKU Code]],'Audit Dimensions'!$A:$A,'Audit Dimensions'!N:N,0) -> 0 | O73: =((IFERROR((C73*D73*E73),0)+IFERROR((G73*H73*I73),0)+IFERROR((K73*L73*M73),0))/1000000)*35.32 -> 3.9671424 | P73: =Table1[[#This Row],[Column15]]*$P$2*1000 -> 23802.854 | Q73: =F73+J73+N73 -> 48300 | R73: =MAX(Q73,O73) -> 48300 | S73: =MAX(R73,P73) -> 48300 | T73: =VLOOKUP(A73,'[1]MTP SKUs - Master Data'!$A:$B,2,FALSE) -> Y | U73: =_xlfn.IFNA(VLOOKUP(Table1[[#This Row],[MTP SKU Code]],'Audit Dimensions'!A:N,6,FALSE),"ARC") -> 51550 | V73: =IFERROR(Table1[[#This Row],[B1.Aud]]-Table1[[#This Row],[PW(gm)]],"ERR") -> 3250 | W73: =IFERROR(Table1[[#This Row],[B1.Diff]]/Table1[[#This Row],[B1.Aud]],"ERR") -> 0.063045587 | X73: =_xlfn.IFNA(VLOOKUP(Table1[[#This Row],[MTP SKU Code]],'Audit Dimensions'!A:N,10,FALSE),"ARC") -> 0 | Y73: =IFERROR(Table1[[#This Row],[B2.Aud]]-Table1[[#This Row],[PW(gm)5]],"ERR") -> 0 | Z73: =IFERROR(Table1[[#This Row],[B2.Diff]]/Table1[[#This Row],[B2.Aud]],"NA") -> NA | AA73: =_xlfn.IFNA(VLOOKUP(Table1[[#This Row],[MTP SKU Code]],'Audit Dimensions'!A:N,14,FALSE),"ARC") -> 0 | AB73: =IFERROR(Table1[[#This Row],[B3.Aud]]-Table1[[#This Row],[PW(gm)9]],"ERR") -> 0 | AC73: =IFERROR(Table1[[#This Row],[B3.Diff]]/Table1[[#This Row],[BaLL.Aud]],"ERR") -> 0 | AD73: =_xlfn.IFNA(VLOOKUP(Table1[[#This Row],[MTP SKU Code]],'Audit Dimensions'!A:U,16,FALSE),"ARC") -> 51550 | AE73: =IFERROR(1-Table1[[#This Row],[Gms]]/Table1[[#This Row],[BaLL.Aud]],"ERR") -> 0.063045587
A74: SR-WHTO | B74: SB | C74: =_xlfn.XLOOKUP(Table1[[#This Row],[MTP SKU Code]],'Audit Dimensions'!A:A,'Audit Dimensions'!C:C,0) -> 118 | D74: =_xlfn.XLOOKUP(Table1[[#This Row],[MTP SKU Code]],'Audit Dimensions'!$A:$A,'Audit Dimensions'!D:D,0) -> 42 | E74: =_xlfn.XLOOKUP(Table1[[#This Row],[MTP SKU Code]],'Audit Dimensions'!$A:$A,'Audit Dimensions'!E:E,0) -> 17 | F74: 27500 | G74: =_xlfn.XLOOKUP(Table1[[#This Row],[MTP SKU Code]],'Audit Dimensions'!$A:$A,'Audit Dimensions'!G:G,0) -> 0 | H74: =_xlfn.XLOOKUP(Table1[[#This Row],[MTP SKU Code]],'Audit Dimensions'!$A:$A,'Audit Dimensions'!H:H,0) -> 0 | I74: =_xlfn.XLOOKUP(Table1[[#This Row],[MTP SKU Code]],'Audit Dimensions'!$A:$A,'Audit Dimensions'!I:I,0) -> 0 | J74: =_xlfn.XLOOKUP(Table1[[#This Row],[MTP SKU Code]],'Audit Dimensions'!$A:$A,'Audit Dimensions'!J:J,0) -> 0 | K74: =_xlfn.XLOOKUP(Table1[[#This Row],[MTP SKU Code]],'Audit Dimensions'!$A:$A,'Audit Dimensions'!K:K,0) -> 0 | L74: =_xlfn.XLOOKUP(Table1[[#This Row],[MTP SKU Code]],'Audit Dimensions'!$A:$A,'Audit Dimensions'!L:L,0) -> 0 | M74: =_xlfn.XLOOKUP(Table1[[#This Row],[MTP SKU Code]],'Audit Dimensions'!$A:$A,'Audit Dimensions'!M:M,0) -> 0 | N74: =_xlfn.XLOOKUP(Table1[[#This Row],[MTP SKU Code]],'Audit Dimensions'!$A:$A,'Audit Dimensions'!N:N,0) -> 0 | O74: =((IFERROR((C74*D74*E74),0)+IFERROR((G74*H74*I74),0)+IFERROR((K74*L74*M74),0))/1000000)*35.32 -> 2.9757806 | P74: =Table1[[#This Row],[Column15]]*$P$2*1000 -> 17854.684 | Q74: =F74+J74+N74 -> 27500 | R74: =MAX(Q74,O74) -> 27500 | S74: =MAX(R74,P74) -> 27500 | T74: =VLOOKUP(A74,'[1]MTP SKUs - Master Data'!$A:$B,2,FALSE) -> Y | U74: =_xlfn.IFNA(VLOOKUP(Table1[[#This Row],[MTP SKU Code]],'Audit Dimensions'!A:N,6,FALSE),"ARC") -> 29360 | V74: =IFERROR(Table1[[#This Row],[B1.Aud]]-Table1[[#This Row],[PW(gm)]],"ERR") -> 1860 | W74: =IFERROR(Table1[[#This Row],[B1.Diff]]/Table1[[#This Row],[B1.Aud]],"ERR") -> 0.063351499 | X74: =_xlfn.IFNA(VLOOKUP(Table1[[#This Row],[MTP SKU Code]],'Audit Dimensions'!A:N,10,FALSE),"ARC") -> 0 | Y74: =IFERROR(Table1[[#This Row],[B2.Aud]]-Table1[[#This Row],[PW(gm)5]],"ERR") -> 0 | Z74: =IFERROR(Table1[[#This Row],[B2.Diff]]/Table1[[#This Row],[B2.Aud]],"NA") -> NA | AA74: =_xlfn.IFNA(VLOOKUP(Table1[[#This Row],[MTP SKU Code]],'Audit Dimensions'!A:N,14,FALSE),"ARC") -> 0 | AB74: =IFERROR(Table1[[#This Row],[B3.Aud]]-Table1[[#This Row],[PW(gm)9]],"ERR") -> 0 | AC74: =IFERROR(Table1[[#This Row],[B3.Diff]]/Table1[[#This Row],[BaLL.Aud]],"ERR") -> 0 | AD74: =_xlfn.IFNA(VLOOKUP(Table1[[#This Row],[MTP SKU Code]],'Audit Dimensions'!A:U,16,FALSE),"ARC") -> 29360 | AE74: =IFERROR(1-Table1[[#This Row],[Gms]]/Table1[[#This Row],[BaLL.Aud]],"ERR") -> 0.063351499
A75: DC-MYN-ST | B75: SB | C75: =_xlfn.XLOOKUP(Table1[[#This Row],[MTP SKU Code]],'Audit Dimensions'!A:A,'Audit Dimensions'!C:C,0) -> 85 | D75: =_xlfn.XLOOKUP(Table1[[#This Row],[MTP SKU Code]],'Audit Dimensions'!$A:$A,'Audit Dimensions'!D:D,0) -> 50 | E75: =_xlfn.XLOOKUP(Table1[[#This Row],[MTP SKU Code]],'Audit Dimensions'!$A:$A,'Audit Dimensions'!E:E,0) -> 18 | F75: 36500 | G75: =_xlfn.XLOOKUP(Table1[[#This Row],[MTP SKU Code]],'Audit Dimensions'!$A:$A,'Audit Dimensions'!G:G,0) -> 0 | H75: =_xlfn.XLOOKUP(Table1[[#This Row],[MTP SKU Code]],'Audit Dimensions'!$A:$A,'Audit Dimensions'!H:H,0) -> 0 | I75: =_xlfn.XLOOKUP(Table1[[#This Row],[MTP SKU Code]],'Audit Dimensions'!$A:$A,'Audit Dimensions'!I:I,0) -> 0 | J75: =_xlfn.XLOOKUP(Table1[[#This Row],[MTP SKU Code]],'Audit Dimensions'!$A:$A,'Audit Dimensions'!J:J,0) -> 0 | K75: =_xlfn.XLOOKUP(Table1[[#This Row],[MTP SKU Code]],'Audit Dimensions'!$A:$A,'Audit Dimensions'!K:K,0) -> 0 | L75: =_xlfn.XLOOKUP(Table1[[#This Row],[MTP SKU Code]],'Audit Dimensions'!$A:$A,'Audit Dimensions'!L:L,0) -> 0 | M75: =_xlfn.XLOOKUP(Table1[[#This Row],[MTP SKU Code]],'Audit Dimensions'!$A:$A,'Audit Dimensions'!M:M,0) -> 0 | N75: =_xlfn.XLOOKUP(Table1[[#This Row],[MTP SKU Code]],'Audit Dimensions'!$A:$A,'Audit Dimensions'!N:N,0) -> 0 | O75: =((IFERROR((C75*D75*E75),0)+IFERROR((G75*H75*I75),0)+IFERROR((K75*L75*M75),0))/1000000)*35.32 -> 2.70198 | P75: =Table1[[#This Row],[Column15]]*$P$2*1000 -> 16211.88 | Q75: =F75+J75+N75 -> 36500 | R75: =MAX(Q75,O75) -> 36500 | S75: =MAX(R75,P75) -> 36500 | T75: =VLOOKUP(A75,'[1]MTP SKUs - Master Data'!$A:$B,2,FALSE) -> Y | U75: =_xlfn.IFNA(VLOOKUP(Table1[[#This Row],[MTP SKU Code]],'Audit Dimensions'!A:N,6,FALSE),"ARC") -> 39520 | V75: =IFERROR(Table1[[#This Row],[B1.Aud]]-Table1[[#This Row],[PW(gm)]],"ERR") -> 3020 | W75: =IFERROR(Table1[[#This Row],[B1.Diff]]/Table1[[#This Row],[B1.Aud]],"ERR") -> 0.076417004 | X75: =_xlfn.IFNA(VLOOKUP(Table1[[#This Row],[MTP SKU Code]],'Audit Dimensions'!A:N,10,FALSE),"ARC") -> 0 | Y75: =IFERROR(Table1[[#This Row],[B2.Aud]]-Table1[[#This Row],[PW(gm)5]],"ERR") -> 0 | Z75: =IFERROR(Table1[[#This Row],[B2.Diff]]/Table1[[#This Row],[B2.Aud]],"NA") -> NA | AA75: =_xlfn.IFNA(VLOOKUP(Table1[[#This Row],[MTP SKU Code]],'Audit Dimensions'!A:N,14,FALSE),"ARC") -> 0 | AB75: =IFERROR(Table1[[#This Row],[B3.Aud]]-Table1[[#This Row],[PW(gm)9]],"ERR") -> 0 | AC75: =IFERROR(Table1[[#This Row],[B3.Diff]]/Table1[[#This Row],[BaLL.Aud]],"ERR") -> 0 | AD75: =_xlfn.IFNA(VLOOKUP(Table1[[#This Row],[MTP SKU Code]],'Audit Dimensions'!A:U,16,FALSE),"ARC") -> 39520 | AE75: =IFERROR(1-Table1[[#This Row],[Gms]]/Table1[[#This Row],[BaLL.Aud]],"ERR") -> 0.076417004
A76: RT-DR | B76: SB | C76: =_xlfn.XLOOKUP(Table1[[#This Row],[MTP SKU Code]],'Audit Dimensions'!A:A,'Audit Dimensions'!C:C,0) -> 136 | D76: =_xlfn.XLOOKUP(Table1[[#This Row],[MTP SKU Code]],'Audit Dimensions'!$A:$A,'Audit Dimensions'!D:D,0) -> 70 | E76: =_xlfn.XLOOKUP(Table1[[#This Row],[MTP SKU Code]],'Audit Dimensions'!$A:$A,'Audit Dimensions'!E:E,0) -> 9 | F76: 38500 | G76: =_xlfn.XLOOKUP(Table1[[#This Row],[MTP SKU Code]],'Audit Dimensions'!$A:$A,'Audit Dimensions'!G:G,0) -> 0 | H76: =_xlfn.XLOOKUP(Table1[[#This Row],[MTP SKU Code]],'Audit Dimensions'!$A:$A,'Audit Dimensions'!H:H,0) -> 0 | I76: =_xlfn.XLOOKUP(Table1[[#This Row],[MTP SKU Code]],'Audit Dimensions'!$A:$A,'Audit Dimensions'!I:I,0) -> 0 | J76: =_xlfn.XLOOKUP(Table1[[#This Row],[MTP SKU Code]],'Audit Dimensions'!$A:$A,'Audit Dimensions'!J:J,0) -> 0 | K76: =_xlfn.XLOOKUP(Table1[[#This Row],[MTP SKU Code]],'Audit Dimensions'!$A:$A,'Audit Dimensions'!K:K,0) -> 0 | L76: =_xlfn.XLOOKUP(Table1[[#This Row],[MTP SKU Code]],'Audit Dimensions'!$A:$A,'Audit Dimensions'!L:L,0) -> 0 | M76: =_xlfn.XLOOKUP(Table1[[#This Row],[MTP SKU Code]],'Audit Dimensions'!$A:$A,'Audit Dimensions'!M:M,0) -> 0 | N76: =_xlfn.XLOOKUP(Table1[[#This Row],[MTP SKU Code]],'Audit Dimensions'!$A:$A,'Audit Dimensions'!N:N,0) -> 0 | O76: =((IFERROR((C76*D76*E76),0)+IFERROR((G76*H76*I76),0)+IFERROR((K76*L76*M76),0))/1000000)*35.32 -> 3.0262176 | P76: =Table1[[#This Row],[Column15]]*$P$2*1000 -> 18157.306 | Q76: =F76+J76+N76 -> 38500 | R76: =MAX(Q76,O76) -> 38500 | S76: =MAX(R76,P76) -> 38500 | T76: =VLOOKUP(A76,'[1]MTP SKUs - Master Data'!$A:$B,2,FALSE) -> Y | U76: =_xlfn.IFNA(VLOOKUP(Table1[[#This Row],[MTP SKU Code]],'Audit Dimensions'!A:N,6,FALSE),"ARC") -> 40570 | V76: =IFERROR(Table1[[#This Row],[B1.Aud]]-Table1[[#This Row],[PW(gm)]],"ERR") -> 2070 | W76: =IFERROR(Table1[[#This Row],[B1.Diff]]/Table1[[#This Row],[B1.Aud]],"ERR") -> 0.051022923 | X76: =_xlfn.IFNA(VLOOKUP(Table1[[#This Row],[MTP SKU Code]],'Audit Dimensions'!A:N,10,FALSE),"ARC") -> 0 | Y76: =IFERROR(Table1[[#This Row],[B2.Aud]]-Table1[[#This Row],[PW(gm)5]],"ERR") -> 0 | Z76: =IFERROR(Table1[[#This Row],[B2.Diff]]/Table1[[#This Row],[B2.Aud]],"NA") -> NA | AA76: =_xlfn.IFNA(VLOOKUP(Table1[[#This Row],[MTP SKU Code]],'Audit Dimensions'!A:N,14,FALSE),"ARC") -> 0 | AB76: =IFERROR(Table1[[#This Row],[B3.Aud]]-Table1[[#This Row],[PW(gm)9]],"ERR") -> 0 | AC76: =IFERROR(Table1[[#This Row],[B3.Diff]]/Table1[[#This Row],[BaLL.Aud]],"ERR") -> 0 | AD76: =_xlfn.IFNA(VLOOKUP(Table1[[#This Row],[MTP SKU Code]],'Audit Dimensions'!A:U,16,FALSE),"ARC") -> 40570 | AE76: =IFERROR(1-Table1[[#This Row],[Gms]]/Table1[[#This Row],[BaLL.Aud]],"ERR") -> 0.051022923
A77: SB-AXA-52 | B77: SB | C77: =_xlfn.XLOOKUP(Table1[[#This Row],[MTP SKU Code]],'Audit Dimensions'!A:A,'Audit Dimensions'!C:C,0) -> 137 | D77: =_xlfn.XLOOKUP(Table1[[#This Row],[MTP SKU Code]],'Audit Dimensions'!$A:$A,'Audit Dimensions'!D:D,0) -> 34 | E77: =_xlfn.XLOOKUP(Table1[[#This Row],[MTP SKU Code]],'Audit Dimensions'!$A:$A,'Audit Dimensions'!E:E,0) -> 10 | F77: 29500 | G77: =_xlfn.XLOOKUP(Table1[[#This Row],[MTP SKU Code]],'Audit Dimensions'!$A:$A,'Audit Dimensions'!G:G,0) -> 0 | H77: =_xlfn.XLOOKUP(Table1[[#This Row],[MTP SKU Code]],'Audit Dimensions'!$A:$A,'Audit Dimensions'!H:H,0) -> 0 | I77: =_xlfn.XLOOKUP(Table1[[#This Row],[MTP SKU Code]],'Audit Dimensions'!$A:$A,'Audit Dimensions'!I:I,0) -> 0 | J77: =_xlfn.XLOOKUP(Table1[[#This Row],[MTP SKU Code]],'Audit Dimensions'!$A:$A,'Audit Dimensions'!J:J,0) -> 0 | K77: =_xlfn.XLOOKUP(Table1[[#This Row],[MTP SKU Code]],'Audit Dimensions'!$A:$A,'Audit Dimensions'!K:K,0) -> 0 | L77: =_xlfn.XLOOKUP(Table1[[#This Row],[MTP SKU Code]],'Audit Dimensions'!$A:$A,'Audit Dimensions'!L:L,0) -> 0 | M77: =_xlfn.XLOOKUP(Table1[[#This Row],[MTP SKU Code]],'Audit Dimensions'!$A:$A,'Audit Dimensions'!M:M,0) -> 0 | N77: =_xlfn.XLOOKUP(Table1[[#This Row],[MTP SKU Code]],'Audit Dimensions'!$A:$A,'Audit Dimensions'!N:N,0) -> 0 | O77: =((IFERROR((C77*D77*E77),0)+IFERROR((G77*H77*I77),0)+IFERROR((K77*L77*M77),0))/1000000)*35.32 -> 1.6452056 | P77: =Table1[[#This Row],[Column15]]*$P$2*1000 -> 9871.2336 | Q77: =F77+J77+N77 -> 29500 | R77: =MAX(Q77,O77) -> 29500 | S77: =MAX(R77,P77) -> 29500 | T77: =VLOOKUP(A77,'[1]MTP SKUs - Master Data'!$A:$B,2,FALSE) -> Y | U77: =_xlfn.IFNA(VLOOKUP(Table1[[#This Row],[MTP SKU Code]],'Audit Dimensions'!A:N,6,FALSE),"ARC") -> 31470 | V77: =IFERROR(Table1[[#This Row],[B1.Aud]]-Table1[[#This Row],[PW(gm)]],"ERR") -> 1970 | W77: =IFERROR(Table1[[#This Row],[B1.Diff]]/Table1[[#This Row],[B1.Aud]],"ERR") -> 0.062599301 | X77: =_xlfn.IFNA(VLOOKUP(Table1[[#This Row],[MTP SKU Code]],'Audit Dimensions'!A:N,10,FALSE),"ARC") -> 0 | Y77: =IFERROR(Table1[[#This Row],[B2.Aud]]-Table1[[#This Row],[PW(gm)5]],"ERR") -> 0 | Z77: =IFERROR(Table1[[#This Row],[B2.Diff]]/Table1[[#This Row],[B2.Aud]],"NA") -> NA | AA77: =_xlfn.IFNA(VLOOKUP(Table1[[#This Row],[MTP SKU Code]],'Audit Dimensions'!A:N,14,FALSE),"ARC") -> 0 | AB77: =IFERROR(Table1[[#This Row],[B3.Aud]]-Table1[[#This Row],[PW(gm)9]],"ERR") -> 0 | AC77: =IFERROR(Table1[[#This Row],[B3.Diff]]/Table1[[#This Row],[BaLL.Aud]],"ERR") -> 0 | AD77: =_xlfn.IFNA(VLOOKUP(Table1[[#This Row],[MTP SKU Code]],'Audit Dimensions'!A:U,16,FALSE),"ARC") -> 31470 | AE77: =IFERROR(1-Table1[[#This Row],[Gms]]/Table1[[#This Row],[BaLL.Aud]],"ERR") -> 0.062599301
A78: CT-MT-RT | B78: MB | C78: =_xlfn.XLOOKUP(Table1[[#This Row],[MTP SKU Code]],'Audit Dimensions'!A:A,'Audit Dimensions'!C:C,0) -> 86 | D78: =_xlfn.XLOOKUP(Table1[[#This Row],[MTP SKU Code]],'Audit Dimensions'!$A:$A,'Audit Dimensions'!D:D,0) -> 47 | E78: =_xlfn.XLOOKUP(Table1[[#This Row],[MTP SKU Code]],'Audit Dimensions'!$A:$A,'Audit Dimensions'!E:E,0) -> 3 | F78: 4600 | G78: 45 | H78: 12 | I78: =_xlfn.XLOOKUP(Table1[[#This Row],[MTP SKU Code]],'Audit Dimensions'!$A:$A,'Audit Dimensions'!I:I,0) -> 12 | J78: 1400 | K78: =_xlfn.XLOOKUP(Table1[[#This Row],[MTP SKU Code]],'Audit Dimensions'!$A:$A,'Audit Dimensions'!K:K,0) -> 0 | L78: =_xlfn.XLOOKUP(Table1[[#This Row],[MTP SKU Code]],'Audit Dimensions'!$A:$A,'Audit Dimensions'!L:L,0) -> 0 | M78: =_xlfn.XLOOKUP(Table1[[#This Row],[MTP SKU Code]],'Audit Dimensions'!$A:$A,'Audit Dimensions'!M:M,0) -> 0 | N78: =_xlfn.XLOOKUP(Table1[[#This Row],[MTP SKU Code]],'Audit Dimensions'!$A:$A,'Audit Dimensions'!N:N,0) -> 0 | O78: =((IFERROR((C78*D78*E78),0)+IFERROR((G78*H78*I78),0)+IFERROR((K78*L78*M78),0))/1000000)*35.32 -> 0.65716392 | P78: =Table1[[#This Row],[Column15]]*$P$2*1000 -> 3942.9835 | Q78: =F78+J78+N78 -> 6000 | R78: =MAX(Q78,O78) -> 6000 | S78: =MAX(R78,P78) -> 6000 | T78: =VLOOKUP(A78,'[1]MTP SKUs - Master Data'!$A:$B,2,FALSE) -> Y | U78: =_xlfn.IFNA(VLOOKUP(Table1[[#This Row],[MTP SKU Code]],'Audit Dimensions'!A:N,6,FALSE),"ARC") -> 4850 | V78: =IFERROR(Table1[[#This Row],[B1.Aud]]-Table1[[#This Row],[PW(gm)]],"ERR") -> 250 | W78: =IFERROR(Table1[[#This Row],[B1.Diff]]/Table1[[#This Row],[B1.Aud]],"ERR") -> 0.051546392 | X78: =_xlfn.IFNA(VLOOKUP(Table1[[#This Row],[MTP SKU Code]],'Audit Dimensions'!A:N,10,FALSE),"ARC") -> 1670 | Y78: =IFERROR(Table1[[#This Row],[B2.Aud]]-Table1[[#This Row],[PW(gm)5]],"ERR") -> 270 | Z78: =IFERROR(Table1[[#This Row],[B2.Diff]]/Table1[[#This Row],[B2.Aud]],"NA") -> 0.16167665 | AA78: =_xlfn.IFNA(VLOOKUP(Table1[[#This Row],[MTP SKU Code]],'Audit Dimensions'!A:N,14,FALSE),"ARC") -> 0 | AB78: =IFERROR(Table1[[#This Row],[B3.Aud]]-Table1[[#This Row],[PW(gm)9]],"ERR") -> 0 | AC78: =IFERROR(Table1[[#This Row],[B3.Diff]]/Table1[[#This Row],[BaLL.Aud]],"ERR") -> 0 | AD78: =_xlfn.IFNA(VLOOKUP(Table1[[#This Row],[MTP SKU Code]],'Audit Dimensions'!A:U,16,FALSE),"ARC") -> 6520 | AE78: =IFERROR(1-Table1[[#This Row],[Gms]]/Table1[[#This Row],[BaLL.Aud]],"ERR") -> 0.079754601
A79: TU-PM-LA | B79: SB | C79: =_xlfn.XLOOKUP(Table1[[#This Row],[MTP SKU Code]],'Audit Dimensions'!A:A,'Audit Dimensions'!C:C,0) -> 163 | D79: =_xlfn.XLOOKUP(Table1[[#This Row],[MTP SKU Code]],'Audit Dimensions'!$A:$A,'Audit Dimensions'!D:D,0) -> 32 | E79: =_xlfn.XLOOKUP(Table1[[#This Row],[MTP SKU Code]],'Audit Dimensions'!$A:$A,'Audit Dimensions'!E:E,0) -> 8 | F79: 15800 | G79: =_xlfn.XLOOKUP(Table1[[#This Row],[MTP SKU Code]],'Audit Dimensions'!$A:$A,'Audit Dimensions'!G:G,0) -> 0 | H79: =_xlfn.XLOOKUP(Table1[[#This Row],[MTP SKU Code]],'Audit Dimensions'!$A:$A,'Audit Dimensions'!H:H,0) -> 0 | I79: =_xlfn.XLOOKUP(Table1[[#This Row],[MTP SKU Code]],'Audit Dimensions'!$A:$A,'Audit Dimensions'!I:I,0) -> 0 | J79: =_xlfn.XLOOKUP(Table1[[#This Row],[MTP SKU Code]],'Audit Dimensions'!$A:$A,'Audit Dimensions'!J:J,0) -> 0 | K79: =_xlfn.XLOOKUP(Table1[[#This Row],[MTP SKU Code]],'Audit Dimensions'!$A:$A,'Audit Dimensions'!K:K,0) -> 0 | L79: =_xlfn.XLOOKUP(Table1[[#This Row],[MTP SKU Code]],'Audit Dimensions'!$A:$A,'Audit Dimensions'!L:L,0) -> 0 | M79: =_xlfn.XLOOKUP(Table1[[#This Row],[MTP SKU Code]],'Audit Dimensions'!$A:$A,'Audit Dimensions'!M:M,0) -> 0 | N79: =_xlfn.XLOOKUP(Table1[[#This Row],[MTP SKU Code]],'Audit Dimensions'!$A:$A,'Audit Dimensions'!N:N,0) -> 0 | O79: =((IFERROR((C79*D79*E79),0)+IFERROR((G79*H79*I79),0)+IFERROR((K79*L79*M79),0))/1000000)*35.32 -> 1.473833 | P79: =Table1[[#This Row],[Column15]]*$P$2*1000 -> 8842.9978 | Q79: =F79+J79+N79 -> 15800 | R79: =MAX(Q79,O79) -> 15800 | S79: =MAX(R79,P79) -> 15800 | T79: =VLOOKUP(A79,'[1]MTP SKUs - Master Data'!$A:$B,2,FALSE) -> Y | U79: =_xlfn.IFNA(VLOOKUP(Table1[[#This Row],[MTP SKU Code]],'Audit Dimensions'!A:N,6,FALSE),"ARC") -> 16260 | V79: =IFERROR(Table1[[#This Row],[B1.Aud]]-Table1[[#This Row],[PW(gm)]],"ERR") -> 460 | W79: =IFERROR(Table1[[#This Row],[B1.Diff]]/Table1[[#This Row],[B1.Aud]],"ERR") -> 0.028290283 | X79: =_xlfn.IFNA(VLOOKUP(Table1[[#This Row],[MTP SKU Code]],'Audit Dimensions'!A:N,10,FALSE),"ARC") -> 0 | Y79: =IFERROR(Table1[[#This Row],[B2.Aud]]-Table1[[#This Row],[PW(gm)5]],"ERR") -> 0 | Z79: =IFERROR(Table1[[#This Row],[B2.Diff]]/Table1[[#This Row],[B2.Aud]],"NA") -> NA | AA79: =_xlfn.IFNA(VLOOKUP(Table1[[#This Row],[MTP SKU Code]],'Audit Dimensions'!A:N,14,FALSE),"ARC") -> 0 | AB79: =IFERROR(Table1[[#This Row],[B3.Aud]]-Table1[[#This Row],[PW(gm)9]],"ERR") -> 0 | AC79: =IFERROR(Table1[[#This Row],[B3.Diff]]/Table1[[#This Row],[BaLL.Aud]],"ERR") -> 0 | AD79: =_xlfn.IFNA(VLOOKUP(Table1[[#This Row],[MTP SKU Code]],'Audit Dimensions'!A:U,16,FALSE),"ARC") -> 16260 | AE79: =IFERROR(1-Table1[[#This Row],[Gms]]/Table1[[#This Row],[BaLL.Aud]],"ERR") -> 0.028290283
A80: W-MLT-2N | B80: MB | C80: =_xlfn.XLOOKUP(Table1[[#This Row],[MTP SKU Code]],'Audit Dimensions'!A:A,'Audit Dimensions'!C:C,0) -> 193 | D80: =_xlfn.XLOOKUP(Table1[[#This Row],[MTP SKU Code]],'Audit Dimensions'!$A:$A,'Audit Dimensions'!D:D,0) -> 46 | E80: =_xlfn.XLOOKUP(Table1[[#This Row],[MTP SKU Code]],'Audit Dimensions'!$A:$A,'Audit Dimensions'!E:E,0) -> 13 | F80: 49800 | G80: =_xlfn.XLOOKUP(Table1[[#This Row],[MTP SKU Code]],'Audit Dimensions'!$A:$A,'Audit Dimensions'!G:G,0) -> 0 | H80: =_xlfn.XLOOKUP(Table1[[#This Row],[MTP SKU Code]],'Audit Dimensions'!$A:$A,'Audit Dimensions'!H:H,0) -> 0 | I80: =_xlfn.XLOOKUP(Table1[[#This Row],[MTP SKU Code]],'Audit Dimensions'!$A:$A,'Audit Dimensions'!I:I,0) -> 0 | J80: =_xlfn.XLOOKUP(Table1[[#This Row],[MTP SKU Code]],'Audit Dimensions'!$A:$A,'Audit Dimensions'!J:J,0) -> 0 | K80: =_xlfn.XLOOKUP(Table1[[#This Row],[MTP SKU Code]],'Audit Dimensions'!$A:$A,'Audit Dimensions'!K:K,0) -> 0 | L80: =_xlfn.XLOOKUP(Table1[[#This Row],[MTP SKU Code]],'Audit Dimensions'!$A:$A,'Audit Dimensions'!L:L,0) -> 0 | M80: =_xlfn.XLOOKUP(Table1[[#This Row],[MTP SKU Code]],'Audit Dimensions'!$A:$A,'Audit Dimensions'!M:M,0) -> 0 | N80: =_xlfn.XLOOKUP(Table1[[#This Row],[MTP SKU Code]],'Audit Dimensions'!$A:$A,'Audit Dimensions'!N:N,0) -> 0 | O80: =((IFERROR((C80*D80*E80),0)+IFERROR((G80*H80*I80),0)+IFERROR((K80*L80*M80),0))/1000000)*35.32 -> 4.0764225 | P80: =Table1[[#This Row],[Column15]]*$P$2*1000 -> 24458.535 | Q80: =F80+J80+N80 -> 49800 | R80: =MAX(Q80,O80) -> 49800 | S80: =MAX(R80,P80) -> 49800 | T80: =VLOOKUP(A80,'[1]MTP SKUs - Master Data'!$A:$B,2,FALSE) -> Y | U80: =_xlfn.IFNA(VLOOKUP(Table1[[#This Row],[MTP SKU Code]],'Audit Dimensions'!A:N,6,FALSE),"ARC") -> 52880 | V80: =IFERROR(Table1[[#This Row],[B1.Aud]]-Table1[[#This Row],[PW(gm)]],"ERR") -> 3080 | W80: =IFERROR(Table1[[#This Row],[B1.Diff]]/Table1[[#This Row],[B1.Aud]],"ERR") -> 0.058245083 | X80: =_xlfn.IFNA(VLOOKUP(Table1[[#This Row],[MTP SKU Code]],'Audit Dimensions'!A:N,10,FALSE),"ARC") -> 0 | Y80: =IFERROR(Table1[[#This Row],[B2.Aud]]-Table1[[#This Row],[PW(gm)5]],"ERR") -> 0 | Z80: =IFERROR(Table1[[#This Row],[B2.Diff]]/Table1[[#This Row],[B2.Aud]],"NA") -> NA | AA80: =_xlfn.IFNA(VLOOKUP(Table1[[#This Row],[MTP SKU Code]],'Audit Dimensions'!A:N,14,FALSE),"ARC") -> 0 | AB80: =IFERROR(Table1[[#This Row],[B3.Aud]]-Table1[[#This Row],[PW(gm)9]],"ERR") -> 0 | AC80: =IFERROR(Table1[[#This Row],[B3.Diff]]/Table1[[#This Row],[BaLL.Aud]],"ERR") -> 0 | AD80: =_xlfn.IFNA(VLOOKUP(Table1[[#This Row],[MTP SKU Code]],'Audit Dimensions'!A:U,16,FALSE),"ARC") -> 52880 | AE80: =IFERROR(1-Table1[[#This Row],[Gms]]/Table1[[#This Row],[BaLL.Aud]],"ERR") -> 0.058245083
A81: SR-MVS | B81: SB | C81: =_xlfn.XLOOKUP(Table1[[#This Row],[MTP SKU Code]],'Audit Dimensions'!A:A,'Audit Dimensions'!C:C,0) -> 97 | D81: =_xlfn.XLOOKUP(Table1[[#This Row],[MTP SKU Code]],'Audit Dimensions'!$A:$A,'Audit Dimensions'!D:D,0) -> 40 | E81: =_xlfn.XLOOKUP(Table1[[#This Row],[MTP SKU Code]],'Audit Dimensions'!$A:$A,'Audit Dimensions'!E:E,0) -> 18 | F81: 30200 | G81: =_xlfn.XLOOKUP(Table1[[#This Row],[MTP SKU Code]],'Audit Dimensions'!$A:$A,'Audit Dimensions'!G:G,0) -> 0 | H81: =_xlfn.XLOOKUP(Table1[[#This Row],[MTP SKU Code]],'Audit Dimensions'!$A:$A,'Audit Dimensions'!H:H,0) -> 0 | I81: =_xlfn.XLOOKUP(Table1[[#This Row],[MTP SKU Code]],'Audit Dimensions'!$A:$A,'Audit Dimensions'!I:I,0) -> 0 | J81: =_xlfn.XLOOKUP(Table1[[#This Row],[MTP SKU Code]],'Audit Dimensions'!$A:$A,'Audit Dimensions'!J:J,0) -> 0 | K81: =_xlfn.XLOOKUP(Table1[[#This Row],[MTP SKU Code]],'Audit Dimensions'!$A:$A,'Audit Dimensions'!K:K,0) -> 0 | L81: =_xlfn.XLOOKUP(Table1[[#This Row],[MTP SKU Code]],'Audit Dimensions'!$A:$A,'Audit Dimensions'!L:L,0) -> 0 | M81: =_xlfn.XLOOKUP(Table1[[#This Row],[MTP SKU Code]],'Audit Dimensions'!$A:$A,'Audit Dimensions'!M:M,0) -> 0 | N81: =_xlfn.XLOOKUP(Table1[[#This Row],[MTP SKU Code]],'Audit Dimensions'!$A:$A,'Audit Dimensions'!N:N,0) -> 0 | O81: =((IFERROR((C81*D81*E81),0)+IFERROR((G81*H81*I81),0)+IFERROR((K81*L81*M81),0))/1000000)*35.32 -> 2.4667488 | P81: =Table1[[#This Row],[Column15]]*$P$2*1000 -> 14800.493 | Q81: =F81+J81+N81 -> 30200 | R81: =MAX(Q81,O81) -> 30200 | S81: =MAX(R81,P81) -> 30200 | T81: =VLOOKUP(A81,'[1]MTP SKUs - Master Data'!$A:$B,2,FALSE) -> Y | U81: =_xlfn.IFNA(VLOOKUP(Table1[[#This Row],[MTP SKU Code]],'Audit Dimensions'!A:N,6,FALSE),"ARC") -> 31640 | V81: =IFERROR(Table1[[#This Row],[B1.Aud]]-Table1[[#This Row],[PW(gm)]],"ERR") -> 1440 | W81: =IFERROR(Table1[[#This Row],[B1.Diff]]/Table1[[#This Row],[B1.Aud]],"ERR") -> 0.04551201 | X81: =_xlfn.IFNA(VLOOKUP(Table1[[#This Row],[MTP SKU Code]],'Audit Dimensions'!A:N,10,FALSE),"ARC") -> 0 | Y81: =IFERROR(Table1[[#This Row],[B2.Aud]]-Table1[[#This Row],[PW(gm)5]],"ERR") -> 0 | Z81: =IFERROR(Table1[[#This Row],[B2.Diff]]/Table1[[#This Row],[B2.Aud]],"NA") -> NA | AA81: =_xlfn.IFNA(VLOOKUP(Table1[[#This Row],[MTP SKU Code]],'Audit Dimensions'!A:N,14,FALSE),"ARC") -> 0 | AB81: =IFERROR(Table1[[#This Row],[B3.Aud]]-Table1[[#This Row],[PW(gm)9]],"ERR") -> 0 | AC81: =IFERROR(Table1[[#This Row],[B3.Diff]]/Table1[[#This Row],[BaLL.Aud]],"ERR") -> 0 | AD81: =_xlfn.IFNA(VLOOKUP(Table1[[#This Row],[MTP SKU Code]],'Audit Dimensions'!A:U,16,FALSE),"ARC") -> 31640 | AE81: =IFERROR(1-Table1[[#This Row],[Gms]]/Table1[[#This Row],[BaLL.Aud]],"ERR") -> 0.04551201
